id,title,category,price,price_cny,image_url,images,qc_url,store_url,store_name,quality,batch,sizes,tiktok_url,views,promoted,for_women,verified,show_on_home,seller_id,display_order,agent_links
1bd17790-36dd-448f-b318-abe07920a6ac,Jordan 4 Manila,Buty,0,0,https://si.geilicdn.com/wdseller1845163825-1c770000019873b8abf40a230115_1179_1179.jpg,"https://si.geilicdn.com/wdseller1845163825-1c770000019873b8abf40a230115_1179_1179.jpg, https://si.geilicdn.com/wdseller1845163825-3464000001901d7ee72b0a2102c5_1080_1080.jpg, https://si.geilicdn.com/open1850717273-1234478995-5554000001901b1e79f00aa0233d_1080_1080.jpg, https://si.geilicdn.com/wdseller1845163825-34b7000001901d7d8dbf0a81347d_1080_1080.jpg, https://si.geilicdn.com/open1850717273-1234478995-58db000001901b1e8fcb0a8133b5_1080_1080.jpg, https://si.geilicdn.com/wdseller1845163825-2f00000001901d7dba230a8133cc_1080_1080.jpg, https://si.geilicdn.com/wdseller1845163825-749d000001901d7dd0df0a21146b_1080_1080.jpg, https://si.geilicdn.com/pcitem1845163825-3312000001901da695b20a2301b4_1080_1080.jpg, https://si.geilicdn.com/wdseller1845163825-3335000001901d7e04540a20e7c7_1080_1080.jpg, https://si.geilicdn.com/wdseller1845163825-3333000001901d7e21150a210256_1080_1080.jpg, https://si.geilicdn.com/open1850717273-1234478995-5588000001901b1ea7c20aa0233d_1080_1080.jpg, https://si.geilicdn.com/open1850717273-1234478995-67e2000001901b1eaa750a22d234_1080_1080.jpg, https://si.geilicdn.com/open1850717273-1234478995-7504000001901b1eacb60a210298_1080_1080.jpg, https://si.geilicdn.com/wdseller1845163825-3476000001901d7f0be20a239846_1080_1080.jpg, https://si.geilicdn.com/open1850717273-1234478995-0a16000001901b1eb8810a210559_1080_1080.jpg, https://si.geilicdn.com/open1850717273-1234478995-67f4000001901b1ebb830a22d234_1074_1074.jpg, https://si.geilicdn.com/open1850717273-1234478995-751c000001901b1ebe0a0a210298_1080_1080.jpg, https://si.geilicdn.com/open1850717273-1234478995-2918000001901b1ec0ad0a8115b5_1080_1080.jpg, https://si.geilicdn.com/pcitem1845163825-35f3000001901da788480a207569_1080_1080.jpg, https://si.geilicdn.com/open1850717273-1234478995-680a000001901b1eca1b0a22d234_1080_1080.jpg",,,,Best batch,GX,"40, 40.5, 41, 42, 42.5, 43, 44, 44.5, 45, 45.5, 46, 47.5, 48.5, 49.5, 50.5",,0,false,false,true,false,,0,"{""Litbuy"":""https://litbuy.com/product/weidian/7814492666?linkSearch=true&inviteCode=PKMR"",""USFans"":""https://www.usfans.com/product/3/7814492666?ref=5FTXZW"",""Kakobuy"":""https://item.kakobuy.com/item/details?url=https%3A%2F%2Fweidian.com%2Fitem.html%3FitemID%3D7814492666&affcode=six7n""}"
9f391d60-e093-4c83-83ff-a9b4ade3feb9,Air Froce reactive style,Buty,110.48,199.99,https://si.geilicdn.com/wdseller1994488306-46050000019ac662ce120a239646_1179_1179.jpg,"https://si.geilicdn.com/wdseller1994488306-46050000019ac662ce120a239646_1179_1179.jpg, https://si.geilicdn.com/pcitem1845163825-2fca00000197998d46280a8134f0_1440_1440.jpg, https://si.geilicdn.com/pcitem1845163825-3c7300000197998d68a90a2395a3_1440_1440.jpg, https://si.geilicdn.com/pcitem901870080011-414500000199cb1bbe480a23057e_1440_1440.jpg, https://si.geilicdn.com/pcitem901870080011-2ece00000199ef21abb60a81347d_1440_1440.jpg, https://si.geilicdn.com/pcitem901931162197-2d050000019a562e924e0a2102c5_1440_1440.jpg, https://si.geilicdn.com/pcitem901931162197-0d020000019a656d99570a230115_1440_1440.jpg, https://si.geilicdn.com/pcitem901931162197-6c9f0000019a8eadb8560a210256_1440_1440.jpg, https://si.geilicdn.com/pcitem1994488306-25150000019ac651899a0a2304aa_1080_1080.jpg, https://si.geilicdn.com/pcitem1994488306-3f4a0000019ac656031d0a231177_1440_1440.jpg, https://si.geilicdn.com/pcitem902012418622-6cde0000019aebaeb7470a20e7c7_1440_1440.jpg, https://si.geilicdn.com/pcitem902012418622-43e40000019b9f9d450c0a20e7c7_1440_1440.jpg, https://si.geilicdn.com/pcitem902012511577-57500000019bc3ea6d100a239646_1440_1440.jpg, https://si.geilicdn.com/pcitem902012418622-0d180000019d08278f140a811411_1440_1440.jpg, https://si.geilicdn.com/pcitem902012418622-3f250000019d26fba8550a20e7c7_1440_1440.jpg, https://si.geilicdn.com/pcitem1994488306-19ef0000019dd1488bab0a23038e_1440_1440.jpg, https://si.geilicdn.com/pcitem902012418622-43d80000019e191cab570a23041a_1440_1440.jpg, https://si.geilicdn.com/pcitem902012418622-3b860000019edc551d420a2396f4_1440_1440.jpg, https://si.geilicdn.com/pcitem1747047606-0e6d000001a04cd83f030a21146b_1440_1440.jpg",,,,Best ,,"35.5, 36.5, 37.5, 38, 38.5, 39, 40, 40.5, 41, 42, 42.5, 43, 44, 44.5, 45",,0,false,false,true,false,,0,"{""Litbuy"":""https://litbuy.com/product/weidian/7811611658?linkSearch=true&inviteCode=PKMR"",""USFans"":""https://www.usfans.com/product/3/7811611658?ref=5FTXZW"",""Kakobuy"":""https://item.kakobuy.com/item/details?url=https%3A%2F%2Fweidian.com%2Fitem.html%3FitemID%3D7811611658&affcode=six7n""}"
6eb5ecfe-b375-4ac5-a5b1-759ddb105955,AirForce 1 low Year of the Dragon,Buty,138.11,250.01,https://si.geilicdn.com/wdseller1994488306-46050000019ac662ce120a239646_1179_1179.jpg,"https://si.geilicdn.com/wdseller1994488306-46050000019ac662ce120a239646_1179_1179.jpg, https://si.geilicdn.com/pcitem1845163825-2fca00000197998d46280a8134f0_1440_1440.jpg, https://si.geilicdn.com/pcitem1845163825-3c7300000197998d68a90a2395a3_1440_1440.jpg, https://si.geilicdn.com/pcitem901870080011-414500000199cb1bbe480a23057e_1440_1440.jpg, https://si.geilicdn.com/pcitem901870080011-2ece00000199ef21abb60a81347d_1440_1440.jpg, https://si.geilicdn.com/pcitem901931162197-2d050000019a562e924e0a2102c5_1440_1440.jpg, https://si.geilicdn.com/pcitem901931162197-0d020000019a656d99570a230115_1440_1440.jpg, https://si.geilicdn.com/pcitem901931162197-6c9f0000019a8eadb8560a210256_1440_1440.jpg, https://si.geilicdn.com/pcitem1994488306-25150000019ac651899a0a2304aa_1080_1080.jpg, https://si.geilicdn.com/pcitem1994488306-3f4a0000019ac656031d0a231177_1440_1440.jpg, https://si.geilicdn.com/pcitem902012418622-6cde0000019aebaeb7470a20e7c7_1440_1440.jpg, https://si.geilicdn.com/pcitem902012418622-43e40000019b9f9d450c0a20e7c7_1440_1440.jpg, https://si.geilicdn.com/pcitem902012511577-57500000019bc3ea6d100a239646_1440_1440.jpg, https://si.geilicdn.com/pcitem902012418622-0d180000019d08278f140a811411_1440_1440.jpg, https://si.geilicdn.com/pcitem902012418622-3f250000019d26fba8550a20e7c7_1440_1440.jpg, https://si.geilicdn.com/pcitem1994488306-19ef0000019dd1488bab0a23038e_1440_1440.jpg, https://si.geilicdn.com/pcitem902012418622-43d80000019e191cab570a23041a_1440_1440.jpg, https://si.geilicdn.com/pcitem902012418622-3b860000019edc551d420a2396f4_1440_1440.jpg, https://si.geilicdn.com/pcitem1747047606-0e6d000001a04cd83f030a21146b_1440_1440.jpg",,,,Best batch,GX,"36, 36.5, 37.5, 38, 38.5, 39, 40, 40.5, 41, 42, 42.5, 43, 44, 44.5, 45, 46, 47.5, 48.5",,0,false,false,true,false,,0,"{""Litbuy"":""https://litbuy.com/product/weidian/7811611658?linkSearch=true&inviteCode=PKMR"",""USFans"":""https://www.usfans.com/product/3/7811611658?ref=5FTXZW"",""Kakobuy"":""https://item.kakobuy.com/item/details?url=https%3A%2F%2Fweidian.com%2Fitem.html%3FitemID%3D7811611658&affcode=six7n""}"
40dc1c00-39f8-4595-8a88-b71c812211e1,Stone island Pants,Spodnie,177.33,321.01,https://si.geilicdn.com/wdseller2073214832-51450000019fb30c7b900a2304aa_1206_1608.jpg,"https://si.geilicdn.com/wdseller2073214832-51450000019fb30c7b900a2304aa_1206_1608.jpg, https://si.geilicdn.com/wdseller2073214832-72070000019fb30c7bb80a20e2c5_1206_1608.jpg, https://si.geilicdn.com/wdseller2073214832-0b4f0000019fb30c7bb50a23038e_1206_1608.jpg, https://si.geilicdn.com/wdseller2073214832-24ca0000019fb30c7dff0a2394a4_1206_1608.jpg, https://si.geilicdn.com/wdseller2073214832-5c420000019fb30c7e1a0a20e672_1206_1608.jpg, https://si.geilicdn.com/wdseller2073214832-2b560000019fb30c7e4e0a23041a_1206_1608.jpg, https://si.geilicdn.com/wdseller2073214832-495f0000019fb30c80960a21146b_1206_1608.jpg",,,,Best batch,,"28, 30, 32, 34, 36",,0,false,false,true,false,,0,"{""Litbuy"":""https://litbuy.com/product/weidian/7815360839?linkSearch=true&inviteCode=PKMR"",""USFans"":""https://www.usfans.com/product/3/7815360839?ref=5FTXZW"",""Kakobuy"":""https://item.kakobuy.com/item/details?url=https%3A%2F%2Fweidian.com%2Fitem.html%3FitemID%3D7815360839&affcode=six7n""}"
df733c98-bb04-44d4-ab85-ba5e9e8b3658,Nike tech fleece x nocta,Bluzy,121.53,220,https://cbu01.alicdn.com/img/ibank/O1CN01ZJLmzW1UW2nNUOKaD_!!2220516432524-0-cib.jpg,"https://cbu01.alicdn.com/img/ibank/O1CN01ZJLmzW1UW2nNUOKaD_!!2220516432524-0-cib.jpg, https://cbu01.alicdn.com/img/ibank/O1CN01F7jDYd1UW2nNkvGCb_!!2220516432524-0-cib.jpg, https://cbu01.alicdn.com/img/ibank/O1CN01R3KDS51UW2nNkxLKG_!!2220516432524-0-cib.jpg, https://cbu01.alicdn.com/img/ibank/O1CN01m5QdoG1UW2nN4OoYh_!!2220516432524-0-cib.jpg, https://cbu01.alicdn.com/img/ibank/O1CN014tb5991UW2nMkgd34_!!2220516432524-0-cib.jpg, https://cbu01.alicdn.com/img/ibank/O1CN018ebipq1UW2nNutH8Y_!!2220516432524-0-cib.jpg, https://cbu01.alicdn.com/img/ibank/O1CN013Ge8e41UW2nNlPtWc_!!2220516432524-0-cib.jpg, https://cbu01.alicdn.com/img/ibank/O1CN01HXVbnC1UW2nMxoRKb_!!2220516432524-0-cib.jpg",,,,Best,,"S, M, L, XL, XXL",,0,false,true,true,false,,0,"{""Litbuy"":""https://litbuy.com/product/0/1026260878526?linkSearch=true&inviteCode=PKMR"",""USFans"":""https://www.usfans.com/product/1/1026260878526?ref=5FTXZW"",""Kakobuy"":""https://item.kakobuy.com/item/details?url=https%3A%2F%2Fdetail.1688.com%2Foffer%2F1026260878526.html&affcode=six7n""}"
75cb6d50-9591-4a4f-8dc1-9f8da3ac4108,Balenciaga Triple S,Buty,209.92,380,https://si.geilicdn.com/wdseller1745861162-64e00000019d8c4b62260a239646_1180_1572.jpg,"https://si.geilicdn.com/wdseller1745861162-64e00000019d8c4b62260a239646_1180_1572.jpg, https://si.geilicdn.com/open1733523732-1234478995-04a20000019374941bcb0a232357_1074_1074.jpg, https://si.geilicdn.com/open1733523732-1234478995-37f20000019374941d880a210298_1284_1263.jpg, https://si.geilicdn.com/open1733523732-1234478995-2d7800000193749420050a22d234_1284_1250.jpg, https://si.geilicdn.com/open1733523732-1234478995-2a7500000193749422b50aa08290_1284_1268.jpg, https://si.geilicdn.com/open1733523732-1234478995-48be00000193749425520aa0834c_1284_1272.jpg, https://si.geilicdn.com/open1733523732-1234478995-12cb0000019374942a250a8133b5_1284_1254.jpg, https://si.geilicdn.com/open1733523732-1234478995-60fe0000019374942e9e0a8115b5_1284_1260.jpg, https://si.geilicdn.com/open1733523732-1234478995-1a4a00000193749433a50a239383_1284_1274.jpg, https://si.geilicdn.com/open1733523732-1234478995-04aa000001937494379a0a232357_1284_1254.jpg, https://si.geilicdn.com/open1733523732-1234478995-37fa0000019374943a460a210298_1284_1278.jpg, https://si.geilicdn.com/open1733523732-1234478995-2d840000019374943e6a0a22d234_1170_1171.jpg, https://si.geilicdn.com/open1733523732-1234478995-2a7f00000193749442be0aa08290_1170_1171.jpg, https://si.geilicdn.com/open1733523732-1234478995-48ca00000193749445970aa0834c_1074_1074.jpg, https://si.geilicdn.com/open1733523732-1234478995-3e0300000193749447660a210559_1074_1074.jpg, https://si.geilicdn.com/open1733523732-1234478995-04c400000193749453ac0a232357_1074_1074.jpg, https://si.geilicdn.com/open1733523732-1234478995-381000000193749456440a210298_1074_1074.jpg, https://si.geilicdn.com/open1733523732-1234478995-2d9800000193749459780a22d234_1074_1074.jpg, https://si.geilicdn.com/open1733523732-1234478995-48e20000019374945cd80aa0834c_1074_1074.jpg, https://si.geilicdn.com/open1733523732-1234478995-3e190000019374945f2a0a210559_828_829.jpg",,,,Best batch,OK,all,,0,false,false,true,false,,0,"{""Litbuy"":""https://litbuy.com/product/weidian/7780568867?linkSearch=true&inviteCode=PKMR"",""USFans"":""https://www.usfans.com/product/3/7780568867?ref=5FTXZW"",""Kakobuy"":""https://item.kakobuy.com/item/details?url=https%3A%2F%2Fweidian.com%2Fitem.html%3FitemID%3D7780568867&affcode=six7n""}"
90ad6873-277e-4838-b46a-259e938da1d2,Ralph sweetpants,Spodnie,28.73,52.01,https://cbu01.alicdn.com/img/ibank/O1CN01Iv4tAJEXZpJ1chua_!!2222881899990-0-cib.jpg,"https://cbu01.alicdn.com/img/ibank/O1CN01Iv4tAJEXZpJ1chua_!!2222881899990-0-cib.jpg, https://cbu01.alicdn.com/img/ibank/O1CN01hIUMHhbWJWI1chua_!!2222881899990-0-cib.jpg, https://cbu01.alicdn.com/img/ibank/O1CN01IBLofGNrCwD1chua_!!2222881899990-0-cib.jpg, https://cbu01.alicdn.com/img/ibank/O1CN01UF57P67BZIC1chua_!!2222881899990-0-cib.jpg, https://cbu01.alicdn.com/img/ibank/O1CN01z0TRUcHYerD1chua_!!2222881899990-0-cib.jpg, https://cbu01.alicdn.com/img/ibank/O1CN01EclOa5UpxjB1chua_!!2222881899990-0-cib.jpg, https://cbu01.alicdn.com/img/ibank/O1CN01F6AXcTwtsjB1chua_!!2222881899990-0-cib.jpg, https://cbu01.alicdn.com/img/ibank/O1CN01rtI8vKqOPsJ1chua_!!2222881899990-0-cib.jpg, https://cbu01.alicdn.com/img/ibank/O1CN01LcVCLwgDoZJ1chua_!!2222881899990-0-cib.jpg, https://cbu01.alicdn.com/img/ibank/O1CN01U8onrZKHQ7H1chua_!!2222881899990-0-cib.jpg, https://cbu01.alicdn.com/img/ibank/O1CN01n96fViN87fE1chua_!!2222881899990-0-cib.jpg, https://cbu01.alicdn.com/img/ibank/O1CN01Ulb1HvkO5SF1chua_!!2222881899990-0-cib.jpg, https://cbu01.alicdn.com/img/ibank/O1CN01FgvNzbR66QD1chua_!!2222881899990-0-cib.jpg, https://cbu01.alicdn.com/img/ibank/O1CN01pYl6J7iZWnL1chua_!!2222881899990-0-cib.jpg, https://cbu01.alicdn.com/img/ibank/O1CN01qHztde0T6XC1chua_!!2222881899990-0-cib.jpg, https://cbu01.alicdn.com/img/ibank/O1CN01Fo9gJ15LTNG1chua_!!2222881899990-0-cib.jpg, https://cbu01.alicdn.com/img/ibank/O1CN01UKw9vNjVv3C1chua_!!2222881899990-0-cib.jpg, https://cbu01.alicdn.com/img/ibank/O1CN01UuoyzYxUXIC1chua_!!2222881899990-0-cib.jpg, https://cbu01.alicdn.com/img/ibank/O1CN01vxQgbUgUUGI1chua_!!2222881899990-0-cib.jpg",,,,Random,,"L, S, M, XL, 3XL",,0,false,false,false,false,,0,"{""Litbuy"":""https://litbuy.com/product/0/1072437798839?linkSearch=true&inviteCode=PKMR"",""USFans"":""https://www.usfans.com/product/1/1072437798839?ref=5FTXZW"",""Kakobuy"":""https://item.kakobuy.com/item/details?url=https%3A%2F%2Fdetail.1688.com%2Foffer%2F1072437798839.html&affcode=six7n""}"
8324c6d1-9c55-45ba-8ea4-458ade4bc831,UFC,Spodenki,12.71,23.01,https://cbu01.alicdn.com/img/ibank/O1CN01LlI0rF1kYp3fRUcL1_!!2222105944696-0-cib.jpg,"https://cbu01.alicdn.com/img/ibank/O1CN01LlI0rF1kYp3fRUcL1_!!2222105944696-0-cib.jpg, https://cbu01.alicdn.com/img/ibank/O1CN01vomvRJ1kYp3fdO5hX_!!2222105944696-0-cib.jpg, https://cbu01.alicdn.com/img/ibank/O1CN01tGBXNr1kYp3fJnOet_!!2222105944696-0-cib.jpg, https://cbu01.alicdn.com/img/ibank/O1CN019rbGpt1kYp3fnRjJv_!!2222105944696-0-cib.jpg, https://cbu01.alicdn.com/img/ibank/O1CN01ts3eJk1kYp3fVh1cO_!!2222105944696-0-cib.jpg, https://cbu01.alicdn.com/img/ibank/O1CN01R1Ms2v1kYp3etFypb_!!2222105944696-0-cib.jpg, https://cbu01.alicdn.com/img/ibank/O1CN01EYu6QB1kYp3fJnb06_!!2222105944696-0-cib.jpg, https://cbu01.alicdn.com/img/ibank/O1CN01ZDW2Wq1kYp3fU9juO_!!2222105944696-0-cib.jpg, https://cbu01.alicdn.com/img/ibank/O1CN01HfrYw41kYp3fkV6L7_!!2222105944696-0-cib.jpg, https://cbu01.alicdn.com/img/ibank/O1CN01Sgqrry1kYp3gkJktk_!!2222105944696-0-cib.jpg, https://cbu01.alicdn.com/img/ibank/O1CN01tZPbqS1kYp3f68deZ_!!2222105944696-0-cib.jpg, https://cbu01.alicdn.com/img/ibank/O1CN011qz2eL1kYp3fkX2uo_!!2222105944696-0-cib.jpg, https://cbu01.alicdn.com/img/ibank/O1CN01oLF3Ln1kYp3fdN17T_!!2222105944696-0-cib.jpg, https://cbu01.alicdn.com/img/ibank/O1CN01qLxqFy1kYp3fVKjmc_!!2222105944696-0-cib.jpg, https://cbu01.alicdn.com/img/ibank/O1CN01qKnC7l1kYp3fRAXjm_!!2222105944696-0-cib.jpg, https://cbu01.alicdn.com/img/ibank/O1CN01WlKiqy1kYp3fU7rV1_!!2222105944696-0-cib.jpg, https://cbu01.alicdn.com/img/ibank/O1CN0138mZSq1kYp3fdMHMp_!!2222105944696-0-cib.jpg, https://cbu01.alicdn.com/img/ibank/O1CN01kOMmxE1kYp3fOMmWV_!!2222105944696-0-cib.jpg, https://cbu01.alicdn.com/img/ibank/O1CN0108vFzr1kYp3fJmK2W_!!2222105944696-0-cib.jpg, https://cbu01.alicdn.com/img/ibank/O1CN01iLpKZG1kYp3fdNLu6_!!2222105944696-0-cib.jpg",,,,Best Random,,"S, M, L, XL, 3XL, 4XL",,0,false,false,false,false,,0,"{""Litbuy"":""https://litbuy.com/product/0/1042226841157?linkSearch=true&inviteCode=PKMR"",""USFans"":""https://www.usfans.com/product/1/1042226841157?ref=5FTXZW"",""Kakobuy"":""https://item.kakobuy.com/item/details?url=https%3A%2F%2Fdetail.1688.com%2Foffer%2F1042226841157.html&affcode=six7n""}"
6d44fdb3-606b-4732-9492-95d4367f8b97,Stussy tee,Koszulki,31.49,57,https://si.geilicdn.com/open333180848-333180848-10410000019e3c585f700a8133b0_799_1066.jpg,"https://si.geilicdn.com/open333180848-333180848-10410000019e3c585f700a8133b0_799_1066.jpg, https://si.geilicdn.com/open333180848-333180848-10430000019e3c585f9e0a8133b0_799_1066.jpg, https://si.geilicdn.com/open333180848-333180848-31440000019e3c585faa0a23b4de_799_1066.jpg, https://si.geilicdn.com/open333180848-333180848-17480000019e3c585f8a0a8115c2_799_1066.jpg",,,,Random,,"S, M, L, XL, XXL",,0,false,false,false,false,,0,"{""Litbuy"":""https://litbuy.com/product/weidian/7767481723?linkSearch=true&inviteCode=PKMR"",""USFans"":""https://www.usfans.com/product/3/7767481723?ref=5FTXZW"",""Kakobuy"":""https://item.kakobuy.com/item/details?url=https%3A%2F%2Fweidian.com%2Fitem.html%3FitemID%3D7767481723&affcode=six7n""}"
4deca88c-1005-4953-a8db-8b0dd28d614e,Jordan 4 Military Black / Oreo,Buty,143.63,260,https://si.geilicdn.com/open1773336045-1234478995-463e00000195f0ef34e20a8115c2_1080_1080.jpg,"https://si.geilicdn.com/open1773336045-1234478995-463e00000195f0ef34e20a8115c2_1080_1080.jpg, https://si.geilicdn.com/open1773336045-1234478995-42ce00000195f0ef58b00aa08290_800_800.jpg, https://si.geilicdn.com/open1773336045-1234478995-300100000195f0ef5a920a231226_1125_720.jpg, https://si.geilicdn.com/open1773336045-1234478995-519400000195f0ef5bca0a23b4de_828_512.jpg, https://si.geilicdn.com/open1773336045-1234478995-4ea700000195f0ef5cb90a8133b0_828_473.jpg, https://si.geilicdn.com/open1773336045-1234478995-4eb500000195f0ef7b130a8133b0_800_800.jpg, https://si.geilicdn.com/open1773336045-1234478995-48c700000195f0ef7d110aa0834c_746_447.jpg, https://si.geilicdn.com/open1773336045-1234478995-48d300000195f0ef9b470aa0834c_800_800.jpg, https://si.geilicdn.com/open1773336045-1234478995-42f400000195f0ef9c800aa08290_496_318.jpg, https://si.geilicdn.com/open1773336045-1234478995-330400000195f0efa1c80a23b491_1276_1276.jpg, https://si.geilicdn.com/open1773336045-1234478995-410c00000195f0efc0a70a22d249_800_800.jpg, https://si.geilicdn.com/open1773336045-1234478995-469000000195f0efdf190a8115c2_800_800.jpg, https://si.geilicdn.com/open1773336045-1234478995-430e00000195f0efe08f0aa08290_828_452.jpg, https://si.geilicdn.com/open1773336045-1234478995-411a00000195f0efe18a0a22d249_828_490.jpg, https://si.geilicdn.com/open1773336045-1234478995-51d800000195f0efeaf60a23b4de_1280_1280.jpg, https://si.geilicdn.com/open1773336045-1234478995-305100000195f0f00a980a231226_800_800.jpg, https://si.geilicdn.com/open1773336045-1234478995-305d00000195f0f02cad0a231226_800_800.jpg, https://si.geilicdn.com/open1773336045-1234478995-414800000195f0f04ec00a22d249_800_800.jpg, https://si.geilicdn.com/open1773336045-1234478995-334c00000195f0f050cd0a23b491_1122_1122.jpg, https://si.geilicdn.com/open1773336045-1234478995-520600000195f0f053020a23b4de_1122_1122.jpg",,,,Best batch,LJR,(all),,0,false,false,true,false,,0,"{""Litbuy"":""https://litbuy.com/product/weidian/7436802531?linkSearch=true&inviteCode=PKMR"",""USFans"":""https://www.usfans.com/product/3/7436802531?ref=5FTXZW"",""Kakobuy"":""https://item.kakobuy.com/item/details?url=https%3A%2F%2Fweidian.com%2Fitem.html%3FitemID%3D7436802531&affcode=six7n""}"
aa787bfc-d741-4291-9ba7-fe652cc47386,Nike x Lakers jacket / hoodie,Bluzy,87.83,158.99,https://si.geilicdn.com/wdseller1518819354-21bf000001a0574ca35c0a8132bd_1084_1072.jpg,"https://si.geilicdn.com/wdseller1518819354-21bf000001a0574ca35c0a8132bd_1084_1072.jpg, https://si.geilicdn.com/wdseller1518819354-3e38000001a0574ca8650a20e284_1440_1457.jpg, https://si.geilicdn.com/wdseller1518819354-29a4000001a0574ca99f0a2394a4_1081_1055.jpg, https://si.geilicdn.com/wdseller1518819354-676d000001a0574cabbc0a231177_1080_1064.jpg, https://si.geilicdn.com/wdseller1518819354-5084000001a0574cad030a22d1a4_1080_832.jpg, https://si.geilicdn.com/wdseller1518819354-2062000001a0574cadf40a2303ee_1074_870.jpg, https://si.geilicdn.com/wdseller1518819354-112a000001a0574caf440a23038e_1081_907.jpg, https://si.geilicdn.com/wdseller1518819354-5ff6000001a0574cb0ce0a231316_1080_1042.jpg, https://si.geilicdn.com/wdseller1518819354-5b0a000001a0574cb0ce0a20e672_786_453.jpg, https://si.geilicdn.com/wdseller1518819354-5838000001a0574db0780a2304aa_1070_1072.jpg, https://si.geilicdn.com/wdseller1518819354-13a1000001a0574dc1290a23047e_1053_1055.jpg, https://si.geilicdn.com/wdseller1518819354-2d7a000001a0574ddcf10a2103bd_1436_1443.jpg",,,,Best,,"M, L, XL, 2XL",,0,false,false,true,false,,0,"{""Litbuy"":""https://litbuy.com/product/weidian/7845522840?linkSearch=true&inviteCode=PKMR"",""USFans"":""https://www.usfans.com/product/3/7845522840?ref=5FTXZW"",""Kakobuy"":""https://item.kakobuy.com/item/details?url=https%3A%2F%2Fweidian.com%2Fitem.html%3FitemID%3D7845522840&affcode=six7n""}"
00cab4ec-d246-4bcc-bc8f-d5ac7e1e87ad,Lv Backpack print,Akcesoria,99.44,180.01,https://si.geilicdn.com/weidian1062021714-67e800000194c2a7b60d0a23037f_1080_810.jpg,"https://si.geilicdn.com/weidian1062021714-67e800000194c2a7b60d0a23037f_1080_810.jpg, https://si.geilicdn.com/weidian1062021714-662200000194c2a7b8890a210349_1084_814.jpg, https://si.geilicdn.com/weidian1062021714-627300000194c2a7ba450a20e672_1084_812.jpg, https://si.geilicdn.com/weidian1062021714-5f7800000194c2a7bd3f0a23111a_1080_810.jpg, https://si.geilicdn.com/weidian1062021714-613b00000194c2a7bfda0a23038e_1074_806.jpg, https://si.geilicdn.com/weidian1062021714-632100000194c2a7c2ca0a20e2c5_1078_808.jpg, https://si.geilicdn.com/weidian1062021714-69bb00000194c2a7c5910a2301b4_1084_814.jpg, https://si.geilicdn.com/weidian1062021714-67fa00000194c2a7c87a0a2102c5_1086_814.jpg, https://si.geilicdn.com/weidian1062021714-6a8400000194c2a7cb410a23047e_1078_808.jpg",,,,Best,,,,0,false,false,true,false,,0,"{""Litbuy"":""https://litbuy.com/product/weidian/7702256586?linkSearch=true&inviteCode=PKMR"",""USFans"":""https://www.usfans.com/product/3/7702256586?ref=5FTXZW"",""Kakobuy"":""https://item.kakobuy.com/item/details?url=https%3A%2F%2Fweidian.com%2Fitem.html%3FitemID%3D7702256586&affcode=six7n""}"
341ab135-61a3-4b7b-b99e-7b1227b603d1,Moncler Hoodie,Bluzy,35.91,65,https://cbu01.alicdn.com/img/ibank/O1CN01BaqxaE2JBvmJdROX2_!!2220397999384-0-cib.jpg,"https://cbu01.alicdn.com/img/ibank/O1CN01BaqxaE2JBvmJdROX2_!!2220397999384-0-cib.jpg, https://cbu01.alicdn.com/img/ibank/O1CN01kdjvpZ2JBvmJfW8sx_!!2220397999384-0-cib.jpg, https://cbu01.alicdn.com/img/ibank/O1CN01PZ2vWE2JBvmIOA33Q_!!2220397999384-0-cib.jpg, https://cbu01.alicdn.com/img/ibank/O1CN01cvG0wM2JBvmJdTPIZ_!!2220397999384-0-cib.jpg, https://cbu01.alicdn.com/img/ibank/O1CN01uDhppS2JBvmJzGu8j_!!2220397999384-0-cib.jpg, https://cbu01.alicdn.com/img/ibank/O1CN012EtkJe2JBvmOF7BO3_!!2220397999384-0-cib.jpg, https://cbu01.alicdn.com/img/ibank/O1CN01Ru3B3Y2JBvmNPJF0w_!!2220397999384-0-cib.jpg, https://cbu01.alicdn.com/img/ibank/O1CN01dkixvy2JBvmJ6KzWu_!!2220397999384-0-cib.jpg, https://cbu01.alicdn.com/img/ibank/O1CN01rHVAN02JBvmJ6NTPN_!!2220397999384-0-cib.jpg, https://cbu01.alicdn.com/img/ibank/O1CN015M5f8A2JBvmIONH5J_!!2220397999384-0-cib.jpg, https://cbu01.alicdn.com/img/ibank/O1CN01o0fGKP2JBvmJflRm5_!!2220397999384-0-cib.jpg, https://cbu01.alicdn.com/img/ibank/O1CN01EgGoSI2JBvmJY8hBX_!!2220397999384-0-cib.jpg",,,,Random,,"S, M, L, XL, XXL, XXXL",,0,false,false,false,false,,0,"{""Litbuy"":""https://litbuy.com/product/0/987053840212?linkSearch=true&inviteCode=PKMR"",""USFans"":""https://www.usfans.com/product/1/987053840212?ref=5FTXZW"",""Kakobuy"":""https://item.kakobuy.com/item/details?url=https%3A%2F%2Fdetail.1688.com%2Foffer%2F987053840212.html&affcode=six7n""}"
11dfc380-ef19-44e9-b89c-e1891f9a062a,Goyard cardholder,Akcesoria,5.52,9.99,https://si.geilicdn.com/pcitem901894143575-424000000192d80d2f8f0a8133cc-unadjust_800_800.gif,"https://si.geilicdn.com/pcitem901894143575-424000000192d80d2f8f0a8133cc-unadjust_800_800.gif, https://si.geilicdn.com/pcitem901874512349-435a00000191d9bfc0d90a2315ef-unadjust_1200_1200.png, https://si.geilicdn.com/pcitem901874512349-406700000191d9bbcb570a23037f_1152_1152.jpg, https://si.geilicdn.com/pcitem901874512349-40f100000191d9bbc7970a210349_1152_1152.jpg, https://si.geilicdn.com/pcitem901874512349-3ff400000191d9bbc65c0a23038e_800_800.jpg, https://si.geilicdn.com/pcitem901874512349-58fa00000191d9bbd5150a239646_1152_1152.jpg, https://si.geilicdn.com/pcitem901874512349-42a900000191d9bbacd80a2315ef_800_800.jpg, https://si.geilicdn.com/pcitem901874512349-58f300000191d9bbafe10a239646_800_800.jpg, https://si.geilicdn.com/pcitem901874512349-3cba00000191d9bbaba10a20e2c5_800_800.jpg, https://si.geilicdn.com/pcitem901874512349-418700000191d9bba71b0a2102c5_800_800.jpg, https://si.geilicdn.com/pcitem901874512349-2ab600000191d9bba6070a811411_800_800.jpg, https://si.geilicdn.com/pcitem901874512349-37fa00000191d9bba4fe0a20e672_800_800.jpg, https://si.geilicdn.com/pcitem901874512349-3b9100000191d9bbb7ed0a23057e_1200_1200.jpg, https://si.geilicdn.com/pcitem901874512349-40aa00000191d9bbba2a0a210256_1200_1200.jpg, https://si.geilicdn.com/pcitem901874512349-3f9400000191d9bbc94c0a2303ee_1152_1152.jpg, https://si.geilicdn.com/pcitem901874512349-42b000000191d9bbd3680a2315ef_1152_1152.jpg, https://si.geilicdn.com/pcitem901874512349-7e3100000191d9bbcd310a231316_1280_1280.jpg, https://si.geilicdn.com/pcitem901874512349-361500000191d9bbcf100a230115_1152_1152.jpg, https://si.geilicdn.com/pcitem901874512349-7b9d00000191d9bbd0d80a21146b_750_750.jpg, https://si.geilicdn.com/pcitem901874512349-37f900000191d9bbd2360a23041a_480_480.jpg",,,,Best Random,10¥ 😍,,,0,false,false,false,false,,0,"{""Litbuy"":""https://litbuy.com/product/weidian/7454259170?linkSearch=true&inviteCode=PKMR"",""USFans"":""https://www.usfans.com/product/3/7454259170?ref=5FTXZW"",""Kakobuy"":""https://item.kakobuy.com/item/details?url=https%3A%2F%2Fweidian.com%2Fitem.html%3FitemID%3D7454259170&affcode=six7n""}"
bc0916df-fa13-45e5-b01f-66a0af570c6a,Nike P-6000,Buty,93.91,170,https://si.geilicdn.com/wdseller1233745297-41a0000001a053a581490a20e284_1284_1284.jpg,"https://si.geilicdn.com/wdseller1233745297-41a0000001a053a581490a20e284_1284_1284.jpg, https://si.geilicdn.com/open1850717273-1234478995-0d890000018f0fc192910a8115b5_1080_1080.jpg, https://si.geilicdn.com/pcitem901870080011-253b000001955d587db00a23038e_1440_1440.jpg, https://si.geilicdn.com/pcitem901870080011-2596000001955d589f2e0a210256_1440_1440.jpg, https://si.geilicdn.com/pcitem901931162197-5529000001993ffda5870a20e273_1440_1440.jpg, https://si.geilicdn.com/pcitem901870080011-22a5000001955d589cf40a23111a_1080_1080.jpg, https://si.geilicdn.com/pcitem901870080011-2960000001955d58878c0a8133cc_1440_1440.jpg, https://si.geilicdn.com/pcitem901870080011-2a1f000001955d58a7db0a2102c5_1440_1440.jpg, https://si.geilicdn.com/pcitem901870080011-28e9000001955d58b0bc0a2315ef_1440_1440.jpg, https://si.geilicdn.com/pcitem1845163825-12ee00000198adb58d560a81347d_1440_1440.jpg, https://si.geilicdn.com/pcitem1845163825-107b00000198adb4f5dd0a207569_1440_1440.jpg, https://si.geilicdn.com/pcitem901931162197-296b00000198ddcb4ca80a23041a_1440_1440.jpg, https://si.geilicdn.com/wdseller1845163825-153d000001977fd366c80a23b5fa_2560_2560.jpg, https://si.geilicdn.com/pcitem901931162197-6e8b0000019a7c3e0a3a0a8134f0_1440_1440.jpg, https://si.geilicdn.com/pcitem901931162197-4b870000019a7c3e92100a2304aa_1440_1440.jpg, https://si.geilicdn.com/pcitem901931162197-66f20000019a7c43eb1a0a239846_1440_1440.jpg, https://si.geilicdn.com/wdseller1845163825-34cb0000018f0fc7e65d0a20e2c5_1080_1080.jpg, https://si.geilicdn.com/pcitem901870080011-267e000001955d58a2360a20e2c5_1440_1440.jpg, https://si.geilicdn.com/pcitem1845163825-1e7800000196b7e710d40a2304aa_1440_1440.jpg, https://si.geilicdn.com/pcitem901931162197-0ed900000197d4a0164c0a210256_1440_1440.jpg",,,,Best batch,,,,0,false,false,false,false,,0,"{""Litbuy"":""https://litbuy.com/product/weidian/7752893674?linkSearch=true&inviteCode=PKMR"",""USFans"":""https://www.usfans.com/product/3/7752893674?ref=5FTXZW"",""Kakobuy"":""https://item.kakobuy.com/item/details?url=https%3A%2F%2Fweidian.com%2Fitem.html%3FitemID%3D7752893674&affcode=six7n""}"
86db7f76-f0fd-4097-9098-cf6f695554c1,Stone island tee,Koszulki,0,0,https://si.geilicdn.com/wdseller1967891636-656e0000019e252c56d50a20e273_1206_1608.jpg,"https://si.geilicdn.com/wdseller1967891636-656e0000019e252c56d50a20e273_1206_1608.jpg, https://si.geilicdn.com/wdseller1967891636-65d90000019e252c57030a2102c5_1206_1608.jpg, https://si.geilicdn.com/wdseller1967891636-6c5b0000019e252c57080a210256_1206_1608.jpg, https://si.geilicdn.com/wdseller1967891636-70f60000019e252c59840a2301b4_1206_1608.jpg, https://si.geilicdn.com/wdseller1967891636-67110000019e252c59ad0a2315ef_1206_1608.jpg",,,,Best batch,,"S, M, L, XL, XXL",,0,false,false,false,false,,0,"{""Litbuy"":""https://litbuy.com/product/weidian/7789418184?linkSearch=true&inviteCode=PKMR"",""USFans"":""https://www.usfans.com/product/3/7789418184?ref=5FTXZW"",""Kakobuy"":""https://item.kakobuy.com/item/details?url=https%3A%2F%2Fweidian.com%2Fitem.html%3FitemID%3D7789418184&affcode=six7n""}"
5b8e2915-c011-4eec-a92a-4b172626a9bc,Victoria Secret,Akcesoria,8.29,15.01,https://cbu01.alicdn.com/img/ibank/O1CN01Sxqpk31mvNkslJY29_!!2218357075016-0-cib.jpg,"https://cbu01.alicdn.com/img/ibank/O1CN01Sxqpk31mvNkslJY29_!!2218357075016-0-cib.jpg, https://cbu01.alicdn.com/img/ibank/O1CN01t2W9zd1mvNksRHLxe_!!2218357075016-0-cib.jpg, https://cbu01.alicdn.com/img/ibank/O1CN0115N7Xv1mvNksNpBdT_!!2218357075016-0-cib.jpg, https://cbu01.alicdn.com/img/ibank/O1CN01PP5DJS1mvNksmyzV3_!!2218357075016-0-cib.jpg, https://cbu01.alicdn.com/img/ibank/O1CN01PosEoX1mvNks0ADsP_!!2218357075016-0-cib.jpg, https://cbu01.alicdn.com/img/ibank/O1CN01OmMPYX1mvNkrve0fA_!!2218357075016-0-cib.jpg, https://cbu01.alicdn.com/img/ibank/O1CN01zSsTCT1mvNksDsPlh_!!2218357075016-0-cib.jpg, https://cbu01.alicdn.com/img/ibank/O1CN01h3Qqqe1mvNktPkp6W_!!2218357075016-0-cib.jpg, https://cbu01.alicdn.com/img/ibank/O1CN01kka6Ix1mvNkslXmcl_!!2218357075016-0-cib.jpg, https://cbu01.alicdn.com/img/ibank/O1CN01x6mTIC1mvNkrONxVO_!!2218357075016-0-cib.jpg, https://cbu01.alicdn.com/img/ibank/O1CN01jbQJ2e1mvNktPmIjm_!!2218357075016-0-cib.jpg, https://cbu01.alicdn.com/img/ibank/O1CN01wsp2PL1mvNksDvheM_!!2218357075016-0-cib.jpg, https://cbu01.alicdn.com/img/ibank/O1CN01Mrwo2N1mvNks0R4ab_!!2218357075016-0-cib.jpg, https://cbu01.alicdn.com/img/ibank/O1CN01CXFKvW1mvNksqwNCW_!!2218357075016-0-cib.jpg, https://cbu01.alicdn.com/img/ibank/O1CN01GlwOLt1mvNksIIz8m_!!2218357075016-0-cib.jpg, https://cbu01.alicdn.com/img/ibank/O1CN017L8uO91mvNksRYjve_!!2218357075016-0-cib.jpg, https://cbu01.alicdn.com/img/ibank/O1CN01fmdg8o1mvNkrLMiSG_!!2218357075016-0-cib.jpg, https://cbu01.alicdn.com/img/ibank/O1CN01VlT4nx1mvNksnSf9v_!!2218357075016-0-cib.jpg",,,,Best,,"M, L, XL",,0,false,true,true,false,,0,"{""Litbuy"":""https://litbuy.com/product/0/974412006512?linkSearch=true&inviteCode=PKMR"",""USFans"":""https://www.usfans.com/product/1/974412006512?ref=5FTXZW"",""Kakobuy"":""https://item.kakobuy.com/item/details?url=https%3A%2F%2Fdetail.1688.com%2Foffer%2F974412006512.html&affcode=six7n""}"
6c2d5533-81e6-4522-9b5b-a7e6c576308d,Balenciaga CARGO,Akcesoria,198.87,360,https://si.geilicdn.com/wdseller901828721618-07d40000018f57929ac80a2315ef_1024_1024.jpg,"https://si.geilicdn.com/wdseller901828721618-07d40000018f57929ac80a2315ef_1024_1024.jpg, https://si.geilicdn.com/pcitem901805158979-33f70000018ba2e193b40a22d246_1080_1080.jpg, https://si.geilicdn.com/wdseller901789565295-5a210000018cf23b85790a813470_1080_1080.jpg, https://si.geilicdn.com/wdseller901789565295-536f0000018cf23b578b0a23136f_1080_1080.jpg, https://si.geilicdn.com/wdseller901789565295-54aa0000018cf23b0e280a2104c1_1080_1080.jpg, https://si.geilicdn.com/wdseller901789565295-32820000018cf23b38390a239737_1080_1080.jpg, https://si.geilicdn.com/wdseller901789565295-627a0000018cf23bacbb0a2102d0_1080_1080.jpg, https://si.geilicdn.com/pcitem901805158979-41ce0000018e47184fe10a2102d0_1442_1922.jpg, https://si.geilicdn.com/wdseller901789565295-5acc0000018cf23f43590a813470_1179_1180.jpg, https://si.geilicdn.com/pcitem901805158979-43e60000018e4717c5380a231447_1442_1922.jpg, https://si.geilicdn.com/pcitem901805158979-76620000018fa604c3320a8134f0_1080_1080.jpg, https://si.geilicdn.com/pcitem901805158979-7a190000018fa609b9130a81347d_1080_1080.jpg",,,,Best batch ,OK,"35, 36, 37, 38, 39, 40, 41, 42, 43, 44, 45, 46",,0,false,false,true,false,,0,"{""Litbuy"":""https://litbuy.com/product/weidian/7614220371?linkSearch=true&inviteCode=PKMR"",""USFans"":""https://www.usfans.com/product/3/7614220371?ref=5FTXZW"",""Kakobuy"":""https://item.kakobuy.com/item/details?url=https%3A%2F%2Fweidian.com%2Fitem.html%3FitemID%3D7614220371&affcode=six7n""}"
3eec5bd7-ae51-4662-8c1f-738a86ba1484,Supreme tee,Koszulki,78.44,141.99,https://si.geilicdn.com/pcitem1950079127-1b70000001971ae3637c0a23041a_800_1067.jpg,"https://si.geilicdn.com/pcitem1950079127-1b70000001971ae3637c0a23041a_800_1067.jpg, https://si.geilicdn.com/open1742857885-1234478995-1871000001971adddc0a0a231226_1080_1080.jpg, https://si.geilicdn.com/open1742857885-1234478995-0fcc000001971adde45f0aa08290_1238_1243.jpg, https://si.geilicdn.com/open1742857885-1234478995-0efa000001971adde9c50a23b491_1238_1243.jpg, https://si.geilicdn.com/open1742857885-1234478995-10c8000001971addf1c10a23b4de_800_800.jpg, https://si.geilicdn.com/open1742857885-1234478995-1169000001971addf4400a8133b0_800_800.jpg, https://si.geilicdn.com/open1742857885-1234478995-10ca000001971addf6e20a23b4de_800_800.jpg, https://si.geilicdn.com/open1742857885-1234478995-1446000001971addf91c0a22d249_800_800.jpg, https://si.geilicdn.com/pcitem1950079127-5f2200000197f8ee029c0a2102c5_800_800.jpg, https://si.geilicdn.com/pcitem1950079127-31d000000197f8ee28800a2395e5_800_800.jpg, https://si.geilicdn.com/open1742857885-1234478995-188f000001971ade04d30a231226_800_800.jpg, https://si.geilicdn.com/open1742857885-1234478995-0fe4000001971ade07610aa08290_800_800.jpg, https://si.geilicdn.com/open1742857885-1234478995-0f12000001971ade096d0a23b491_800_800.jpg, https://si.geilicdn.com/open1742857885-1234478995-10e0000001971ade0c210a23b4de_800_800.jpg, https://si.geilicdn.com/open1742857885-1234478995-1458000001971ade0ee80a22d249_800_800.jpg, https://si.geilicdn.com/open1742857885-1234478995-0f84000001971ade110d0a8115c2_800_800.jpg, https://si.geilicdn.com/open1742857885-1234478995-10ec000001971ade13510a23b4de_800_800.jpg, https://si.geilicdn.com/open1742857885-1234478995-1464000001971ade15bb0a22d249_800_800.jpg, https://si.geilicdn.com/open1742857885-1234478995-118f000001971ade17ff0a8133b0_800_800.jpg, https://si.geilicdn.com/open1742857885-1234478995-1185000001971ade1a3a0aa0834c_800_800.jpg",,,,Best,,"S, M, L, XL, XXL",,0,false,false,false,false,,0,"{""Litbuy"":""https://litbuy.com/product/weidian/7801070992?linkSearch=true&inviteCode=PKMR"",""USFans"":""https://www.usfans.com/product/3/7801070992?ref=5FTXZW"",""Kakobuy"":""https://item.kakobuy.com/item/details?url=https%3A%2F%2Fweidian.com%2Fitem.html%3FitemID%3D7801070992&affcode=six7n""}"
270cb6db-9d30-4a0e-bf63-5d867cd240ad,Jordan shorts,Spodenki,22.1,40.01,https://cbu01.alicdn.com/img/ibank/O1CN01flXy2k2DpsTB25IWv_!!2216443188659-0-cib.jpg,"https://cbu01.alicdn.com/img/ibank/O1CN01flXy2k2DpsTB25IWv_!!2216443188659-0-cib.jpg, https://cbu01.alicdn.com/img/ibank/O1CN01dCUIG82DpsT7uL35S_!!2216443188659-0-cib.jpg, https://cbu01.alicdn.com/img/ibank/O1CN01TvKrql2DpsT8cFQWZ_!!2216443188659-0-cib.jpg, https://cbu01.alicdn.com/img/ibank/O1CN01Zue0h32DpsT8cGu2r_!!2216443188659-0-cib.jpg, https://cbu01.alicdn.com/img/ibank/O1CN01a9EJON2DpsbAco8Eh_!!2216443188659-0-cib.jpg, https://cbu01.alicdn.com/img/ibank/O1CN016v42YZ2DpsT8XfNwv_!!2216443188659-0-cib.jpg, https://cbu01.alicdn.com/img/ibank/O1CN01m1wmRT2DpsTBPoLq3_!!2216443188659-0-cib.jpg, https://cbu01.alicdn.com/img/ibank/O1CN01LLiCs72DpsT7n5zg2_!!2216443188659-0-cib.jpg, https://cbu01.alicdn.com/img/ibank/O1CN01Ur4f1z2DpsTA0A50w_!!2216443188659-0-cib.jpg, https://cbu01.alicdn.com/img/ibank/O1CN013d3Pwx2DpsT7pBIA3_!!2216443188659-0-cib.jpg, https://cbu01.alicdn.com/img/ibank/O1CN01AHUEFQ2DpsTCCmm5H_!!2216443188659-0-cib.jpg, https://cbu01.alicdn.com/img/ibank/O1CN01mqbzrj2DpsTCseKSU_!!2216443188659-0-cib.jpg, https://cbu01.alicdn.com/img/ibank/O1CN01FbTtgQ2DpsT9Zrmeo_!!2216443188659-0-cib.jpg, https://cbu01.alicdn.com/img/ibank/O1CN01H507Pu2DpsTBSl1hD_!!2216443188659-0-cib.jpg, https://cbu01.alicdn.com/img/ibank/O1CN01tn7tR62DpsT7qASAn_!!2216443188659-0-cib.jpg, https://cbu01.alicdn.com/img/ibank/O1CN014mqMtt2DpsT8gpCgw_!!2216443188659-0-cib.jpg, https://cbu01.alicdn.com/img/ibank/O1CN01LlYsKz2DpsTBTIFnG_!!2216443188659-0-cib.jpg, https://cbu01.alicdn.com/img/ibank/O1CN01WPBW4b2DpsT9aRdQw_!!2216443188659-0-cib.jpg, https://cbu01.alicdn.com/img/ibank/O1CN01FEE7hX2DpsT8bItGm_!!2216443188659-0-cib.jpg, https://cbu01.alicdn.com/img/ibank/O1CN01iUCHxO2DpsTAE0ncF_!!2216443188659-0-cib.jpg",,,,Random,,"XS, S, M, L, XL, XXL, XXXL, 4XL",,0,false,false,true,false,,0,"{""Litbuy"":""https://litbuy.com/product/0/774249365947?linkSearch=true&inviteCode=PKMR"",""USFans"":""https://www.usfans.com/product/1/774249365947?ref=5FTXZW"",""Kakobuy"":""https://item.kakobuy.com/item/details?url=https%3A%2F%2Fdetail.1688.com%2Foffer%2F774249365947.html&affcode=six7n""}"
f0e963d7-50b7-4dc8-a8a4-84556c47012e,Nike shox,Buty,160.2,290,https://si.geilicdn.com/open1802771872-1234478995-15b7000001943641150c0a232357_1280_1280.jpg,"https://si.geilicdn.com/open1802771872-1234478995-15b7000001943641150c0a232357_1280_1280.jpg, https://si.geilicdn.com/open1802771872-1234478995-5d82000001943641202c0aa0834c_1280_1280.jpg, https://si.geilicdn.com/open1802771872-1234478995-5d8c0000019436412f830aa0834c_1276_1276.jpg, https://si.geilicdn.com/open1802771872-1234478995-78710000019436413b3b0a8115b5_1276_1276.jpg, https://si.geilicdn.com/open1802771872-1234478995-5d9000000194364143ef0aa0834c_1280_1280.jpg, https://si.geilicdn.com/open1802771872-1234478995-31b600000194364154950a239383_1280_1280.jpg, https://si.geilicdn.com/open1802771872-1234478995-44ec000001943641629c0a22d234_1280_1280.jpg, https://si.geilicdn.com/open1802771872-1234478995-5386000001943641702d0a210559_1276_1276.jpg, https://si.geilicdn.com/open1802771872-1234478995-31c00000019436417cb00a239383_1276_1276.jpg, https://si.geilicdn.com/open1802771872-1234478995-44f80000019436418b080a22d234_1280_1280.jpg, https://si.geilicdn.com/open1802771872-1234478995-2a4b000001943641987a0a8133b5_1280_1280.jpg, https://si.geilicdn.com/open1802771872-1234478995-5398000001943641b0640a210559_1280_1280.jpg, https://si.geilicdn.com/pcitem2007014970-116f0000019b172994600a239646-unadjust_720_480.png, https://si.geilicdn.com/pcitem2007014970-19b10000019b17225e140a81347d_1440_1440.jpg, https://si.geilicdn.com/pcitem2007014970-26850000019b172260dc0a23041a_1440_1440.jpg, https://si.geilicdn.com/pcitem2007014970-0e650000019b172263640a231177_1080_1080.jpg, https://si.geilicdn.com/pcitem2007014970-10bd0000019b1719fd220a2102c5_1440_1440.jpg, https://si.geilicdn.com/pcitem2007014970-17ae0000019b171a004c0a2301b4_1440_1440.jpg, https://si.geilicdn.com/pcitem2007014970-58880000019b1729953d0a21146b-unadjust_750_500.png, https://si.geilicdn.com/pcitem2007014970-64700000019b172265fe0a231316_1440_1440.jpg",,,,Best Budget,WM,,,0,false,false,false,false,,0,"{""Litbuy"":""https://litbuy.com/product/weidian/7670313353?linkSearch=true&inviteCode=PKMR"",""USFans"":""https://www.usfans.com/product/3/7670313353?ref=5FTXZW"",""Kakobuy"":""https://item.kakobuy.com/item/details?url=https%3A%2F%2Fweidian.com%2Fitem.html%3FitemID%3D7670313353&affcode=six7n""}"
60724e7b-3c7e-4f29-9459-3b42be961ce6,"National Set(portugal, brazil)",Sets,31.49,57,https://si.geilicdn.com/open333180848-333180848-1fb00000019e41de27e30a22d249_800_800.jpg,"https://si.geilicdn.com/open333180848-333180848-1fb00000019e41de27e30a22d249_800_800.jpg, https://si.geilicdn.com/open333180848-333180848-131e0000019e41de2b7e0a231226_800_800.jpg, https://si.geilicdn.com/open333180848-333180848-0e3c0000019e41de2f700aa08269_800_800.jpg, https://si.geilicdn.com/open333180848-333180848-152b0000019e41de32fb0aa08239_800_800.jpg, https://si.geilicdn.com/open333180848-333180848-19f70000019e41de36ce0a23b491_800_800.jpg, https://si.geilicdn.com/open333180848-333180848-19110000019e41ddf2cd0a23b4de_800_800.jpg, https://si.geilicdn.com/open333180848-333180848-13040000019e41ddf6bd0a231226_800_800.jpg, https://si.geilicdn.com/open333180848-333180848-7f8d0000019e41ddfa5b0a8115c2_800_800.jpg, https://si.geilicdn.com/open333180848-333180848-78030000019e41ddfe460a8133b0_800_800.jpg, https://si.geilicdn.com/open333180848-333180848-0e200000019e41de02e10aa08269_800_800.jpg, https://si.geilicdn.com/open333180848-333180848-19dd0000019e41de07270a23b491_600_800.jpg, https://si.geilicdn.com/open333180848-333180848-191b0000019e41de0b3d0a23b4de_704_704.jpg",,,,Random,,"S, M, L, XL, XXL, XXXL",,0,false,false,false,false,,0,"{""Litbuy"":""https://litbuy.com/product/weidian/7768197277?linkSearch=true&inviteCode=PKMR"",""USFans"":""https://www.usfans.com/product/3/7768197277?ref=5FTXZW"",""Kakobuy"":""https://item.kakobuy.com/item/details?url=https%3A%2F%2Fweidian.com%2Fitem.html%3FitemID%3D7768197277&affcode=six7n""}"
e87a07c9-4290-4db5-981b-dff36eba1206,Balenciaga defender,Buty,321.51,582,https://si.geilicdn.com/pcitem1850639392-32110000018fde2adbe80a20e672_1200_1200.jpg,"https://si.geilicdn.com/pcitem1850639392-32110000018fde2adbe80a20e672_1200_1200.jpg, https://si.geilicdn.com/pcitem1850639392-366b0000018fde3069550a23037f_1045_838.jpg, https://si.geilicdn.com/pcitem1850639392-34950000018fde307a600a23111a_1081_838.jpg, https://si.geilicdn.com/pcitem1850639392-78a80000018fde308bb30a2395f2_1066_844.jpg, https://si.geilicdn.com/pcitem1850639392-36530000018fde309c800a2315ef_1101_849.jpg, https://si.geilicdn.com/pcitem1850639392-35f30000018fde30ad500a23057e_1150_865.jpg, https://si.geilicdn.com/pcitem1850639392-74770000018fde30bd9e0a2304aa_1054_865.jpg, https://si.geilicdn.com/pcitem1850639392-33b60000018fde30ccd90a20e7c7_1065_900.jpg, https://si.geilicdn.com/pcitem1850639392-34fe0000018fde30dc820a2303ee_1055_875.jpg, https://si.geilicdn.com/pcitem1850639392-34a30000018fde30ebda0a23111a_1101_866.jpg",,,,Best batch,,"35, 36, 37, 38, 39, 40, 41, 42, 43, 44, 45, 46",,0,false,false,true,false,,0,"{""Litbuy"":""https://litbuy.com/product/weidian/7817698869?linkSearch=true&inviteCode=PKMR"",""USFans"":""https://www.usfans.com/product/3/7817698869?ref=5FTXZW"",""Kakobuy"":""https://item.kakobuy.com/item/details?url=https%3A%2F%2Fweidian.com%2Fitem.html%3FitemID%3D7817698869&affcode=six7n""}"
bdbaf55d-ec81-49a9-b33b-6a4b9d0ec1a4,Stone island longsleeve,Koszulki,90.6,164.01,https://si.geilicdn.com/wdseller2073214832-69e7000001a03863412b0a23111a_1206_1608.jpg,"https://si.geilicdn.com/wdseller2073214832-69e7000001a03863412b0a23111a_1206_1608.jpg, https://si.geilicdn.com/wdseller2073214832-2922000001a0386341300a20e273_1206_1608.jpg, https://si.geilicdn.com/wdseller2073214832-5fcd000001a0381028c90a2102c5_1206_1608.jpg, https://si.geilicdn.com/wdseller2073214832-67b8000001a0381028de0a210256_1206_1608.jpg, https://si.geilicdn.com/wdseller2073214832-3258000001a0381028e50a20e273_1206_1608.jpg, https://si.geilicdn.com/wdseller2073214832-72d4000001a038102b560a23111a_1204_1606.jpg, https://si.geilicdn.com/wdseller2073214832-7f82000001a038102b950a2303ee_1206_1608.jpg, https://si.geilicdn.com/wdseller2073214832-5ba8000001a038102bdd0a20e7c7_1204_1606.jpg",,,,Best batch,,"S, M, L, XL, XXL",,0,false,false,true,false,,0,"{""Litbuy"":""https://litbuy.com/product/weidian/7837180747?linkSearch=true&inviteCode=PKMR"",""USFans"":""https://www.usfans.com/product/3/7837180747?ref=5FTXZW"",""Kakobuy"":""https://item.kakobuy.com/item/details?url=https%3A%2F%2Fweidian.com%2Fitem.html%3FitemID%3D7837180747&affcode=six7n""}"
6d3f9fa9-a6dd-4c59-a53f-ddf7104a2a05,Stanley Cups,Akcesoria,38,68.79,https://si.geilicdn.com/open1762039621-252808396-3819000001967f338cdd0aa0834c_800_800.jpg,"https://si.geilicdn.com/open1762039621-252808396-3819000001967f338cdd0aa0834c_800_800.jpg, https://si.geilicdn.com/open1762039621-252808396-3d81000001967f338f080a8133b0_900_900.jpg, https://si.geilicdn.com/open1762039621-252808396-34e6000001967f3391700a8115c2_1200_1200.jpg, https://si.geilicdn.com/open1762039621-252808396-1ec7000001967f3393d00a23b491_800_800.jpg, https://si.geilicdn.com/open1762039621-252808396-2e38000001967f3395da0aa08290_800_800.jpg, https://si.geilicdn.com/open1762039621-252808396-3e81000001967f33e4470a8133b0_800_800.jpg, https://si.geilicdn.com/open1762039621-252808396-35e0000001967f33e7070a8115c2_1200_1200.jpg, https://si.geilicdn.com/open1762039621-252808396-4081000001967f33e9db0a23b4de_800_800.jpg, https://si.geilicdn.com/open1762039621-252808396-23e5000001967f33ec6d0a231226_900_900.jpg, https://si.geilicdn.com/open1762039621-252808396-2f44000001967f33eeec0aa08290_800_800.jpg, https://si.geilicdn.com/open1762039621-252808396-409b000001967f33f1850a23b4de_800_800.jpg, https://si.geilicdn.com/open1762039621-252808396-2efe000001967f33f4080a22d249_900_900.jpg, https://si.geilicdn.com/open1762039621-252808396-1ff3000001967f33f7430a23b491_800_800.jpg, https://si.geilicdn.com/open1762039621-252808396-3ebf000001967f33fa1e0a8133b0_900_900.jpg, https://si.geilicdn.com/open1762039621-252808396-395f000001967f33fc740aa0834c_800_800.jpg, https://si.geilicdn.com/open1762039621-252808396-3620000001967f33fea90a8115c2_900_900.jpg, https://si.geilicdn.com/open1762039621-252808396-2417000001967f3400f60a231226_900_900.jpg, https://si.geilicdn.com/open1762039621-252808396-40c7000001967f3403420a23b4de_800_800.jpg, https://si.geilicdn.com/open1762039621-252808396-3edf000001967f3406b30a8133b0_800_800.jpg, https://si.geilicdn.com/open1762039621-252808396-3ee5000001967f3409550a8133b0_900_900.jpg",,,,best,,,,0,false,true,true,false,,0,"{""Litbuy"":""https://litbuy.com/product/weidian/7701547582?linkSearch=true&inviteCode=PKMR"",""USFans"":""https://www.usfans.com/product/3/7701547582?ref=5FTXZW"",""Kakobuy"":""https://item.kakobuy.com/item/details?url=https%3A%2F%2Fweidian.com%2Fitem.html%3FitemID%3D7701547582&affcode=six7n""}"
307aa916-2f00-4aa2-8106-729e2af4d519,Balenciaga Triple S .2,Buty,215.44,389.99,https://si.geilicdn.com/pcitem902012418622-7fd70000019df9fea8660a2394a4_1440_1440.jpg,"https://si.geilicdn.com/pcitem902012418622-7fd70000019df9fea8660a2394a4_1440_1440.jpg, https://si.geilicdn.com/pcitem902012418622-5c9c0000019e7549a8f20a2304aa_1440_1440.jpg, https://si.geilicdn.com/pcitem902012418622-62cd0000019eb34f8a0d0a81347d_1440_1440.jpg, https://si.geilicdn.com/pcitem902012418622-73e20000019ed22826340a20e2c5_1440_1440.jpg, https://si.geilicdn.com/pcitem902012418622-6fcd0000019ef64061a90a8133cc_1440_1440.jpg, https://si.geilicdn.com/pcitem902012418622-6b380000019f152a17290a210256_1440_1440.jpg, https://si.geilicdn.com/pcitem902012418622-34b50000019f19e21e2e0a231177_1440_1440.jpg, https://si.geilicdn.com/pcitem902084712424-1685000001a063c2c7e50a231177_1440_1440.jpg",,,,Best batch,,"35, 36, 37, 38, 39, 40, 41, 42, 43, 44, 45, 46",,0,false,false,true,false,,0,"{""Litbuy"":""https://litbuy.com/product/weidian/7808711430?linkSearch=true&inviteCode=PKMR"",""USFans"":""https://www.usfans.com/product/3/7808711430?ref=5FTXZW"",""Kakobuy"":""https://item.kakobuy.com/item/details?url=https%3A%2F%2Fweidian.com%2Fitem.html%3FitemID%3D7808711430&affcode=six7n""}"
a0383f9c-74a2-4307-a0a9-70888c8f79ef,Carhart,Akcesoria,14.36,25.99,https://si.geilicdn.com/open333180848-333180848-2aaf0000019e40cbc7ec0aa08239_800_800.jpg,"https://si.geilicdn.com/open333180848-333180848-2aaf0000019e40cbc7ec0aa08239_800_800.jpg, https://si.geilicdn.com/open333180848-333180848-35510000019e40cbcb280a22d249_800_800.jpg, https://si.geilicdn.com/open333180848-333180848-24490000019e40cbcf220aa08269_800_800.jpg, https://si.geilicdn.com/open333180848-333180848-0e0a0000019e40cbd34d0a8133b0_800_800.jpg, https://si.geilicdn.com/open333180848-333180848-2efe0000019e40cbd7ac0a23b4de_800_800.jpg, https://si.geilicdn.com/open333180848-333180848-35330000019e40cb9cc40a22d249_800_800.jpg, https://si.geilicdn.com/open333180848-333180848-2fde0000019e40cba0800a23b491_800_800.jpg, https://si.geilicdn.com/open333180848-333180848-29050000019e40cba4890a231226_800_800.jpg",,,,Best,,,,0,false,false,false,false,,0,"{""Litbuy"":""https://litbuy.com/product/weidian/7771115552?linkSearch=true&inviteCode=PKMR"",""USFans"":""https://www.usfans.com/product/3/7771115552?ref=5FTXZW"",""Kakobuy"":""https://item.kakobuy.com/item/details?url=https%3A%2F%2Fweidian.com%2Fitem.html%3FitemID%3D7771115552&affcode=six7n""}"
2d7f7321-e5ff-4ef4-b616-076a95c96053,Chrome hearts beanie,Akcesoria,21,38.01,https://si.geilicdn.com/pcitem1851176087-44cd0000018f9fd119080a239846_1170_1196.jpg,"https://si.geilicdn.com/pcitem1851176087-44cd0000018f9fd119080a239846_1170_1196.jpg, https://si.geilicdn.com/open1866707929-252808396-74230000018f9fb2f5af0a8115b5_1920_1920.jpg, https://si.geilicdn.com/open1866707929-252808396-74270000018f9fb2fa720a8115b5_1920_1920.jpg, https://si.geilicdn.com/open1866707929-252808396-2ee30000018f9fb301030a239383_1920_1920.jpg, https://si.geilicdn.com/open1866707929-252808396-3b2f0000018f9fb305c50a210298_1920_1920.jpg, https://si.geilicdn.com/open1866707929-252808396-27490000018f9fb30c7a0aa0233d_1920_1920.jpg, https://si.geilicdn.com/pcitem1851176087-45000000018f9fce6e2c0a2301b4_1080_1080.jpg, https://si.geilicdn.com/pcitem1851176087-44210000018f9fce82bd0a23111a_1080_1080.jpg, https://si.geilicdn.com/pcitem1851176087-43d60000018f9fce95380a20e672_1080_1080.jpg, https://si.geilicdn.com/pcitem1851176087-45010000018f9fceacb10a207569_1920_1920.jpg",,,,best,,,,0,false,false,true,false,,1,"{""Litbuy"":""https://litbuy.com/product/weidian/7701673804?linkSearch=true&inviteCode=PKMR"",""USFans"":""https://www.usfans.com/product/3/7701673804?ref=5FTXZW"",""Kakobuy"":""https://item.kakobuy.com/item/details?url=https%3A%2F%2Fweidian.com%2Fitem.html%3FitemID%3D7701673804&affcode=six7n""}"
75ed59dc-1f33-4472-a849-bcfc9c46bdbb,ERD Enfants Riches Deprimes I Do Believe in God Hat,Akcesoria,82,148.44,https://si.geilicdn.com/pcitem901958546452-3a670000019937cc9def0a20e672-unadjust_1500_1500.png,"https://si.geilicdn.com/pcitem901958546452-3a670000019937cc9def0a20e672-unadjust_1500_1500.png, https://si.geilicdn.com/pcitem901958546452-06970000019937ccdb7a0a811411-unadjust_1500_1500.png",,,,best,,,,0,false,false,true,false,,2,"{""Litbuy"":""https://litbuy.com/product/weidian/7697091013?linkSearch=true&inviteCode=PKMR"",""USFans"":""https://www.usfans.com/product/3/7697091013?ref=5FTXZW"",""Kakobuy"":""https://item.kakobuy.com/item/details?url=https%3A%2F%2Fweidian.com%2Fitem.html%3FitemID%3D7697091013&affcode=six7n""}"
25636096-9a86-4ce3-aeae-309662f532fe,Jordan Socks,Akcesoria,38,68.79,https://si.geilicdn.com/pcitem901862111834-1b6300000192e06241170a22d172_956_956.jpg,"https://si.geilicdn.com/pcitem901862111834-1b6300000192e06241170a22d172_956_956.jpg, https://si.geilicdn.com/pcitem901862111834-177100000192e06246ca0a23041a_960_960.jpg, https://si.geilicdn.com/pcitem901862111834-226500000192e0623ae10a2102c5_1080_1080.jpg, https://si.geilicdn.com/pcitem901862111834-18ef00000192e06245280a20e2c5_900_900.jpg, https://si.geilicdn.com/pcitem901862111834-1a9000000192e0623f430a23111a_1200_1200.jpg, https://si.geilicdn.com/pcitem901862111834-14d700000192e06248d60a8133cc_1051_1051.jpg, https://si.geilicdn.com/pcitem901862111834-217c00000192e0623d030a23047e_960_960.jpg, https://si.geilicdn.com/pcitem901862111834-213800000192e06242fa0a2396f4_960_960.jpg, https://si.geilicdn.com/pcitem1874236696-2aa200000192e093462d0a2315ef_1284_2058.jpg, https://si.geilicdn.com/pcitem1874236696-20de00000192e0936b140a2301b4_1282_2388.jpg",,,,best,,,,0,false,false,true,false,,4,"{""Litbuy"":""https://litbuy.com/product/weidian/7697187847?linkSearch=true&inviteCode=PKMR"",""USFans"":""https://www.usfans.com/product/3/7697187847?ref=5FTXZW"",""Kakobuy"":""https://item.kakobuy.com/item/details?url=https%3A%2F%2Fweidian.com%2Fitem.html%3FitemID%3D7697187847&affcode=six7n""}"
f6731d9f-39e9-46fe-8922-6c96e7f69607,Alo Tracksuit,Sets,96,173.78,https://si.geilicdn.com/open1788326435-1234478995-516f0000019bfb0bfa2e0aa08676_1080_1080.jpg,"https://si.geilicdn.com/open1788326435-1234478995-516f0000019bfb0bfa2e0aa08676_1080_1080.jpg, https://si.geilicdn.com/open1788326435-1234478995-5cc90000019bfb0bfc100a231226_1080_1080.jpg, https://si.geilicdn.com/open1788326435-1234478995-51710000019bfb0bfe740aa08676_1200_1200.jpg, https://si.geilicdn.com/open1788326435-1234478995-5db90000019bfb0c00ef0aa08239_1280_1280.jpg, https://si.geilicdn.com/open1788326435-1234478995-5dbd0000019bfb0c04330aa08239_1280_1280.jpg, https://si.geilicdn.com/open1788326435-1234478995-5a370000019bfb0c06ba0a23b491_1080_1080.jpg, https://si.geilicdn.com/open1788326435-1234478995-46230000019bfb0c08ad0a8115c2_1080_1080.jpg, https://si.geilicdn.com/open1788326435-1234478995-5c1d0000019bfb0c0a400a23b4de_1080_1080.jpg, https://si.geilicdn.com/open1788326435-1234478995-5fe30000019bfb0c0ba30a22d249_1080_1080.jpg, https://si.geilicdn.com/open1788326435-1234478995-48d80000019bfb0c0d490a8133b0_1080_1080.jpg, https://si.geilicdn.com/open1788326435-1234478995-5a390000019bfb0c0f6d0a23b491_1080_1080.jpg, https://si.geilicdn.com/open1788326435-1234478995-46250000019bfb0c11a00a8115c2_1080_1080.jpg, https://si.geilicdn.com/open1788326435-1234478995-5c230000019bfb0c130b0a23b4de_1080_1080.jpg, https://si.geilicdn.com/open1788326435-1234478995-5cd30000019bfb0c14830a231226_1080_1080.jpg, https://si.geilicdn.com/open1788326435-1234478995-51790000019bfb0c16130aa08676_1080_1080.jpg, https://si.geilicdn.com/open1788326435-1234478995-5dc30000019bfb0c17c50aa08239_1080_1080.jpg, https://si.geilicdn.com/open1788326435-1234478995-5a3f0000019bfb0c19950a23b491_1080_1080.jpg, https://si.geilicdn.com/open1788326435-1234478995-462d0000019bfb0c1b210a8115c2_1080_1080.jpg, https://si.geilicdn.com/open1788326435-1234478995-5c270000019bfb0c1cb70a23b4de_1080_1080.jpg, https://si.geilicdn.com/open1788326435-1234478995-5fef0000019bfb0c1e780a22d249_1080_1080.jpg",,,,best,,,,0,false,true,true,false,,4,"{""Litbuy"":""https://litbuy.com/product/weidian/7744724247?linkSearch=true&inviteCode=PKMR"",""USFans"":""https://www.usfans.com/product/3/7744724247?ref=5FTXZW"",""Kakobuy"":""https://item.kakobuy.com/item/details?url=https%3A%2F%2Fweidian.com%2Fitem.html%3FitemID%3D7744724247&affcode=six7n""}"
eaf51584-4594-498d-b16d-12da1af24ce4,Bape Socks,Akcesoria,15,27.15,https://si.geilicdn.com/open1762039621-252808396-7e940000019832146a060a8133b0_750_750.jpg,"https://si.geilicdn.com/open1762039621-252808396-7e940000019832146a060a8133b0_750_750.jpg, https://si.geilicdn.com/open1762039621-252808396-01f100000198321467c60a22d249_800_800.jpg, https://si.geilicdn.com/open1762039621-252808396-31600000019832148bdf0aa0c791_750_750.jpg, https://si.geilicdn.com/open1762039621-252808396-7ea40000019832148daa0a8133b0_750_750.jpg, https://si.geilicdn.com/open1762039621-252808396-31620000019832148f9d0aa0c791_800_800.jpg, https://si.geilicdn.com/open1762039621-252808396-7cda00000198321493760a23b491_750_750.jpg, https://si.geilicdn.com/open1762039621-252808396-7fdc000001983214959f0a23b4de_750_750.jpg, https://si.geilicdn.com/open1762039621-252808396-020500000198321497510a22d249_750_750.jpg, https://si.geilicdn.com/open1762039621-252808396-4abf00000198321499a40aa043f9_750_750.jpg, https://si.geilicdn.com/open1762039621-252808396-7e250000019832149bb00a8115c2_1051_1051.jpg, https://si.geilicdn.com/open1762039621-252808396-7e270000019832149dde0a8115c2_750_750.jpg, https://si.geilicdn.com/open1762039621-252808396-02070000019832149f9b0a22d249_750_750.jpg, https://si.geilicdn.com/open1762039621-252808396-7fe0000001983214a21d0a23b4de_750_750.jpg, https://si.geilicdn.com/open1762039621-252808396-316c000001983214a4320aa0c791_750_750.jpg, https://si.geilicdn.com/open1762039621-252808396-7ce2000001983214a6260a23b491_750_750.jpg, https://si.geilicdn.com/open1762039621-252808396-0209000001983214a7f00a22d249_750_750.jpg, https://si.geilicdn.com/open1762039621-252808396-7eae000001983214a9e80a8133b0_750_750.jpg, https://si.geilicdn.com/open1762039621-252808396-7ce4000001983214ac080a23b491_750_750.jpg, https://si.geilicdn.com/open1762039621-252808396-0384000001983214ae020a231226_750_750.jpg, https://si.geilicdn.com/open1762039621-252808396-3170000001983214b01e0aa0c791_1047_1047.jpg",,,,best,,,,0,false,false,true,false,,5,"{""Litbuy"":""https://litbuy.com/product/weidian/7701642070?linkSearch=true&inviteCode=PKMR"",""USFans"":""https://www.usfans.com/product/3/7701642070?ref=5FTXZW"",""Kakobuy"":""https://item.kakobuy.com/item/details?url=https%3A%2F%2Fweidian.com%2Fitem.html%3FitemID%3D7701642070&affcode=six7n""}"
1f9d716b-cb73-4001-9467-d28a918ace5d,PSD Underwear,Akcesoria,27,48.88,https://si.geilicdn.com/open1664375585-1234478995-658f000001909b51625f0a239383_800_800.jpg,"https://si.geilicdn.com/open1664375585-1234478995-658f000001909b51625f0a239383_800_800.jpg, https://si.geilicdn.com/open1664375585-1234478995-2d9c000001909b5165430a8115b5_800_800.jpg, https://si.geilicdn.com/open1664375585-1234478995-0e7e000001909b5167a10a210559_800_800.jpg, https://si.geilicdn.com/open1664375585-1234478995-596d000001909b516b990aa0233d_800_800.jpg, https://si.geilicdn.com/open1664375585-1234478995-7ae7000001909b516ef60a210298_800_800.jpg, https://si.geilicdn.com/open1664375585-1234478995-7ae9000001909b5171260a210298_800_800.jpg, https://si.geilicdn.com/open1664375585-1234478995-4f11000001909b5174090a232357_800_800.jpg, https://si.geilicdn.com/open1664375585-1234478995-659b000001909b5176d50a239383_800_800.jpg, https://si.geilicdn.com/open1664375585-1234478995-2da6000001909b51797f0a8115b5_800_800.jpg, https://si.geilicdn.com/open1664375585-1234478995-2da8000001909b517c980a8115b5_800_800.jpg, https://si.geilicdn.com/open1664375585-1234478995-0e8e000001909b517eec0a210559_800_800.jpg, https://si.geilicdn.com/open1664375585-1234478995-5979000001909b5182250aa0233d_800_800.jpg, https://si.geilicdn.com/open1664375585-1234478995-6e6c000001909b51856b0a22d234_800_800.jpg, https://si.geilicdn.com/open1664375585-1234478995-4f1f000001909b5188a30a232357_800_800.jpg, https://si.geilicdn.com/open1664375585-1234478995-7af7000001909b518b300a210298_800_800.jpg, https://si.geilicdn.com/open1664375585-1234478995-4f21000001909b518df90a232357_800_800.jpg, https://si.geilicdn.com/open1664375585-1234478995-0e96000001909b5192b60a210559_800_800.jpg, https://si.geilicdn.com/open1664375585-1234478995-2db6000001909b5195e90a8115b5_800_800.jpg, https://si.geilicdn.com/open1664375585-1234478995-5981000001909b5199450aa0233d_800_800.jpg, https://si.geilicdn.com/open1664375585-1234478995-5d65000001909b519c150a8133b5_800_800.jpg",,,,best,,,,0,false,false,true,false,,6,"{""Litbuy"":""https://litbuy.com/product/weidian/7701590644?linkSearch=true&inviteCode=PKMR"",""USFans"":""https://www.usfans.com/product/3/7701590644?ref=5FTXZW"",""Kakobuy"":""https://item.kakobuy.com/item/details?url=https%3A%2F%2Fweidian.com%2Fitem.html%3FitemID%3D7701590644&affcode=six7n""}"
e69432c0-b360-422d-8723-e6eaf7e12b95,Vivienne Westwood Leather Bag,Plecak/torby/torebki,49,88.7,https://cbu01.alicdn.com/img/ibank/O1CN017KtzQG1cOjKcBsjP5_!!2215989153591-0-cib.jpg,"https://cbu01.alicdn.com/img/ibank/O1CN017KtzQG1cOjKcBsjP5_!!2215989153591-0-cib.jpg, https://cbu01.alicdn.com/img/ibank/O1CN01moGAfF1cOjKdEoP8J_!!2215989153591-0-cib.jpg, https://cbu01.alicdn.com/img/ibank/O1CN01viqmxI1cOjKbyfUmT_!!2215989153591-0-cib.jpg, https://cbu01.alicdn.com/img/ibank/O1CN014M3gAC1cOjKdgtjiz_!!2215989153591-0-cib.jpg, https://cbu01.alicdn.com/img/ibank/O1CN018A2qs41cOjKc93Eat_!!2215989153591-0-cib.jpg",,,,random,,,,0,false,true,false,false,,7,"{""Litbuy"":""https://litbuy.com/product/0/930743153368?linkSearch=true&inviteCode=PKMR"",""USFans"":""https://www.usfans.com/product/1/930743153368?ref=5FTXZW"",""Kakobuy"":""https://item.kakobuy.com/item/details?url=https%3A%2F%2Fdetail.1688.com%2Foffer%2F930743153368.html&affcode=six7n""}"
e26a7221-1453-4f3a-91a6-311e70e63bd4,UNDER ARMOUR GORRAS,Akcesoria,34.99,63.34,https://si.geilicdn.com/open1621283801-252808396-64b2000001935cbc1e9c0a232357_800_800.jpg,"https://si.geilicdn.com/open1621283801-252808396-64b2000001935cbc1e9c0a232357_800_800.jpg, https://si.geilicdn.com/open1621283801-252808396-0cfb000001935cbc20c40a22d234_800_800.jpg, https://si.geilicdn.com/open1621283801-252808396-16dc000001935cbc23920a210298_800_800.jpg, https://si.geilicdn.com/open1621283801-252808396-7287000001935cbc26180a8133b5_800_800.jpg, https://si.geilicdn.com/open1621283801-252808396-09ea000001935cbc44bd0aa08290_800_800.jpg, https://si.geilicdn.com/open1621283801-252808396-1d52000001935cbc460c0a210559_800_800.jpg, https://si.geilicdn.com/open1621283801-252808396-401e000001935cbc478c0a8115b5_800_800.jpg, https://si.geilicdn.com/open1621283801-252808396-1d58000001935cbc48f60a210559_800_800.jpg, https://si.geilicdn.com/open1621283801-252808396-72c5000001935cbc4a3e0a8133b5_800_800.jpg, https://si.geilicdn.com/open1621283801-252808396-1724000001935cbc4bf60a210298_800_800.jpg",,,,best,,,,0,false,false,true,false,,8,"{""Litbuy"":""https://litbuy.com/product/weidian/7700173854?linkSearch=true&inviteCode=PKMR"",""USFans"":""https://www.usfans.com/product/3/7700173854?ref=5FTXZW"",""Kakobuy"":""https://item.kakobuy.com/item/details?url=https%3A%2F%2Fweidian.com%2Fitem.html%3FitemID%3D7700173854&affcode=six7n""}"
011a4764-ee46-4989-b5f2-43e4f443ef72,NBA X NEW ERA GORRAS,Akcesoria,41.99,76.01,https://si.geilicdn.com/open1787182201-252808396-4700000001933f3d31ec0a22d234_744_744.jpg,"https://si.geilicdn.com/open1787182201-252808396-4700000001933f3d31ec0a22d234_744_744.jpg, https://si.geilicdn.com/open1787182201-252808396-60f9000001933f3d36da0aa0834c_1080_1080.jpg, https://si.geilicdn.com/open1787182201-252808396-43d1000001933f3d3c230aa08290_1080_1080.jpg, https://si.geilicdn.com/open1787182201-252808396-50b3000001933f3d42350a210298_1080_1077.jpg, https://si.geilicdn.com/open1787182201-252808396-565f000001933f3d47680a210559_1071_1071.jpg, https://si.geilicdn.com/open1787182201-252808396-5247000001933f3e06920a210298_1079_1150.jpg, https://si.geilicdn.com/open1787182201-252808396-457b000001933f3e0ba80aa08290_1077_1193.jpg, https://si.geilicdn.com/open1787182201-252808396-5257000001933f3e0f9d0a210298_1054_1311.jpg, https://si.geilicdn.com/open1787182201-252808396-48dc000001933f3e13dc0a22d234_1080_1111.jpg, https://si.geilicdn.com/open1787182201-252808396-212e000001933f3e18320a232357_1069_1144.jpg, https://si.geilicdn.com/open1787182201-252808396-48e8000001933f3e1ca90a22d234_1059_1070.jpg, https://si.geilicdn.com/open1787182201-252808396-7b42000001933f3e20e60a8115b5_1080_1077.jpg, https://si.geilicdn.com/open1787182201-252808396-581b000001933f3e24dc0a210559_1080_1065.jpg, https://si.geilicdn.com/open1787182201-252808396-45ab000001933f3e28f50aa08290_1080_1144.jpg, https://si.geilicdn.com/open1787182201-252808396-5293000001933f3e2dbf0a210298_1080_1134.jpg, https://si.geilicdn.com/open1787182201-252808396-62fd000001933f3e31ff0aa0834c_1080_1282.jpg, https://si.geilicdn.com/open1787182201-252808396-5837000001933f3e36040a210559_1080_1265.jpg, https://si.geilicdn.com/open1787182201-252808396-2164000001933f3e3a070a232357_1060_1253.jpg, https://si.geilicdn.com/open1787182201-252808396-45d1000001933f3e3e5c0aa08290_1042_1121.jpg, https://si.geilicdn.com/open1787182201-252808396-3595000001933f3e469f0a239383_1080_1170.jpg",,,,best,,,,0,false,false,true,false,,9,"{""Litbuy"":""https://litbuy.com/product/weidian/7697110995?linkSearch=true&inviteCode=PKMR"",""USFans"":""https://www.usfans.com/product/3/7697110995?ref=5FTXZW"",""Kakobuy"":""https://item.kakobuy.com/item/details?url=https%3A%2F%2Fweidian.com%2Fitem.html%3FitemID%3D7697110995&affcode=six7n""}"
2e7e08c3-a49e-4926-862a-50189573d8d0,Nike Socks,Akcesoria,52,94.13,https://si.geilicdn.com/pcitem901878418355-199f0000019318d64ae30a2301b4_1280_1280.jpg,"https://si.geilicdn.com/pcitem901878418355-199f0000019318d64ae30a2301b4_1280_1280.jpg, https://si.geilicdn.com/pcitem901878418355-2a400000019318d64d640a210349_1280_1280.jpg, https://si.geilicdn.com/pcitem901878418355-2c9a0000019318d64fc20a2303ee_1280_1280.jpg, https://si.geilicdn.com/pcitem901878418355-0e380000019318d6526f0a811411_1280_1280.jpg, https://si.geilicdn.com/pcitem901878418355-00400000019318d655130a2395d6_1280_1280.jpg, https://si.geilicdn.com/pcitem901878418355-63e50000019318d658340a231316_1280_1280.jpg, https://si.geilicdn.com/pcitem901878418355-23070000019318f65e5a0a23057e_1280_1280.jpg, https://si.geilicdn.com/pcitem901878418355-19e60000019318f674620a20e672_1280_1280.jpg",,,,best,,,,0,false,false,true,false,,10,"{""Litbuy"":""https://litbuy.com/product/weidian/7697136441?linkSearch=true&inviteCode=PKMR"",""USFans"":""https://www.usfans.com/product/3/7697136441?ref=5FTXZW"",""Kakobuy"":""https://item.kakobuy.com/item/details?url=https%3A%2F%2Fweidian.com%2Fitem.html%3FitemID%3D7697136441&affcode=six7n""}"
985d4119-ba08-4dc7-adaf-4211cb1dd3fb,Ralph Lauren Socks All-White,Akcesoria,33,59.74,https://si.geilicdn.com/pcitem1234071531-49bc0000019f4092d9800a2102c5-unadjust_876_868.png,"https://si.geilicdn.com/pcitem1234071531-49bc0000019f4092d9800a2102c5-unadjust_876_868.png, https://si.geilicdn.com/pcitem1234071531-59720000019f409301fa0a81347d-unadjust_948_948.png, https://si.geilicdn.com/pcitem1234071531-45ea0000019f409408500a2315ef-unadjust_864_898.png, https://si.geilicdn.com/pcitem1234071531-61d90000019f409319bb0a8133cc-unadjust_914_962.png",,,,best,,,,0,false,false,true,false,,11,"{""Litbuy"":""https://litbuy.com/product/weidian/6513562133?linkSearch=true&inviteCode=PKMR"",""USFans"":""https://www.usfans.com/product/3/6513562133?ref=5FTXZW"",""Kakobuy"":""https://item.kakobuy.com/item/details?url=https%3A%2F%2Fweidian.com%2Fitem.html%3FitemID%3D6513562133&affcode=six7n""}"
68d565a0-4eb5-41e0-855c-765d4f08141b,Travis Scott Patchwork backpack Brown,Plecak/torby/torebki,52,94.13,https://si.geilicdn.com/open1624782517-1624782517-2d2e000001976e128c610a231226_800_800.jpg,"https://si.geilicdn.com/open1624782517-1624782517-2d2e000001976e128c610a231226_800_800.jpg, https://si.geilicdn.com/open1624782517-1624782517-2d3a000001976e12a8080a231226_800_800.jpg, https://si.geilicdn.com/open1624782517-1624782517-5804000001976e12af6b0aa0c79f_800_800.jpg, https://si.geilicdn.com/open1624782517-1624782517-2922000001976e12b8070a22d249_800_800.jpg, https://si.geilicdn.com/open1624782517-1624782517-2d32000001976e1296280a231226_800_800.jpg, https://si.geilicdn.com/open1624782517-1624782517-57fc000001976e129d3e0aa0c79f_800_800.jpg",,,,best,,,,0,false,false,true,false,,12,"{""Litbuy"":""https://litbuy.com/product/weidian/7702284200?linkSearch=true&inviteCode=PKMR"",""USFans"":""https://www.usfans.com/product/3/7702284200?ref=5FTXZW"",""Kakobuy"":""https://item.kakobuy.com/item/details?url=https%3A%2F%2Fweidian.com%2Fitem.html%3FitemID%3D7702284200&affcode=six7n""}"
27965177-0daa-41fc-8395-7db0b4065163,Off-White Odsy-1000 Sneakers,Buty,240,434.45,https://si.geilicdn.com/open1760924864-1234478995-106400000196ac5bd7d40a22d249_1080_1080.jpg,"https://si.geilicdn.com/open1760924864-1234478995-106400000196ac5bd7d40a22d249_1080_1080.jpg, https://si.geilicdn.com/open1760924864-1234478995-004b00000196ac5bdb8f0a23b491_1440_1920.jpg, https://si.geilicdn.com/open1760924864-1234478995-1fdf00000196ac5bb6410a8133b0_1080_1080.jpg, https://si.geilicdn.com/open1760924864-1234478995-191d00000196ac5bb8760aa0834c_1442_1924.jpg, https://si.geilicdn.com/open1760924864-1234478995-16a200000196ac5bbbdd0a8115c2_1080_1080.jpg, https://si.geilicdn.com/open1760924864-1234478995-103d00000196ac5bbe8e0aa08290_1440_1920.jpg, https://si.geilicdn.com/open1760924864-1234478995-106200000196ac5bc22d0a22d249_1080_1080.jpg, https://si.geilicdn.com/open1760924864-1234478995-004900000196ac5bc4510a23b491_1440_1920.jpg, https://si.geilicdn.com/open1760924864-1234478995-05a300000196ac5bc7770a231226_1080_1080.jpg, https://si.geilicdn.com/open1760924864-1234478995-21e800000196ac5bc96e0a23b4de_1440_1920.jpg, https://si.geilicdn.com/open1760924864-1234478995-1fe300000196ac5bcc930a8133b0_1080_1080.jpg, https://si.geilicdn.com/open1760924864-1234478995-191f00000196ac5bceb40aa0834c_1440_1920.jpg, https://si.geilicdn.com/open1760924864-1234478995-16a600000196ac5bd2170a8115c2_1080_1080.jpg, https://si.geilicdn.com/open1760924864-1234478995-104300000196ac5bd46e0aa08290_1440_1920.jpg, https://si.geilicdn.com/pcitem1417752191-0df800000197baef6a9e0a20e672_1280_1707.jpg, https://si.geilicdn.com/pcitem1417752191-72f200000197baef87050a230115_1280_1707.jpg, https://si.geilicdn.com/pcitem1417752191-796a00000197baefa0620a2304aa_1280_1707.jpg, https://si.geilicdn.com/pcitem1417752191-0cf800000197baefb8760a2301b4_1280_1707.jpg, https://si.geilicdn.com/pcitem1417752191-02c600000197baefd5ed0a23111a_1280_1707.jpg, https://si.geilicdn.com/pcitem1417752191-02cd00000197baeff68b0a23111a_1280_1707.jpg",,,,best,,,,0,false,false,true,false,,13,"{""Litbuy"":""https://litbuy.com/product/weidian/7698579097?linkSearch=true&inviteCode=PKMR"",""USFans"":""https://www.usfans.com/product/3/7698579097?ref=5FTXZW"",""Kakobuy"":""https://item.kakobuy.com/item/details?url=https%3A%2F%2Fweidian.com%2Fitem.html%3FitemID%3D7698579097&affcode=six7n""}"
42bcb2db-5ba5-4ddf-b02f-74a72998a120,Maison Margiela MM6 T-shirt,Koszulki,13,23.53,https://si.geilicdn.com/open1686456899-1234478995-3d120000019879f95ea00a8115c2_800_800.jpg,"https://si.geilicdn.com/open1686456899-1234478995-3d120000019879f95ea00a8115c2_800_800.jpg, https://si.geilicdn.com/open1686456899-1234478995-3fd90000019879f960050a23b4de_800_800.jpg, https://si.geilicdn.com/open1686456899-1234478995-3e2c0000019879f961490a8133b0_800_800.jpg, https://si.geilicdn.com/open1686456899-1234478995-42850000019879f962580a231226_800_800.jpg, https://si.geilicdn.com/open1686456899-1234478995-0d570000019879f963910aa043f9_800_800.jpg, https://si.geilicdn.com/open1686456899-1234478995-614c0000019879f964da0aa0c791_800_800.jpg, https://si.geilicdn.com/open1686456899-1234478995-3d860000019879f9663f0a23b491_800_800.jpg, https://si.geilicdn.com/open1686456899-1234478995-3fe30000019879f9679d0a23b4de_800_800.jpg, https://si.geilicdn.com/open1686456899-1234478995-43880000019879f969190a22d249_800_800.jpg, https://si.geilicdn.com/open1686456899-1234478995-3e320000019879f96a660a8133b0_800_800.jpg, https://si.geilicdn.com/open1686456899-1234478995-428d0000019879f96bba0a231226_800_800.jpg, https://si.geilicdn.com/open1686456899-1234478995-0d610000019879f96cec0aa043f9_800_800.jpg, https://si.geilicdn.com/open1686456899-1234478995-61520000019879f96df30aa0c791_800_800.jpg, https://si.geilicdn.com/open1686456899-1234478995-3d8e0000019879f96f2b0a23b491_800_800.jpg, https://si.geilicdn.com/open1686456899-1234478995-3d260000019879f9706a0a8115c2_800_800.jpg, https://si.geilicdn.com/open1686456899-1234478995-43920000019879f971660a22d249_800_800.jpg, https://si.geilicdn.com/open1686456899-1234478995-3e3c0000019879f9726f0a8133b0_800_800.jpg, https://si.geilicdn.com/open1686456899-1234478995-42910000019879f974230a231226_800_800.jpg, https://si.geilicdn.com/open1686456899-1234478995-0d690000019879f9756b0aa043f9_800_800.jpg, https://si.geilicdn.com/open1686456899-1234478995-615a0000019879f9767c0aa0c791_800_800.jpg",,,,best,,"S, M, L, XL",,0,false,false,true,false,,14,"{""Litbuy"":""https://litbuy.com/product/weidian/7700968124?linkSearch=true&inviteCode=PKMR"",""USFans"":""https://www.usfans.com/product/3/7700968124?ref=5FTXZW"",""Kakobuy"":""https://item.kakobuy.com/item/details?url=https%3A%2F%2Fweidian.com%2Fitem.html%3FitemID%3D7700968124&affcode=six7n""}"
ab1eca9c-ea83-480a-9555-14963c8c69aa,Moncler Barante Down Jacket  for womens,Kurtki,348,629.95,https://si.geilicdn.com/pcitem901940024420-691100000199ad5a4c350a20e672_800_800.jpg,"https://si.geilicdn.com/pcitem901940024420-691100000199ad5a4c350a20e672_800_800.jpg, https://si.geilicdn.com/pcitem901940024420-362700000199ad4ebcba0a231316_1280_1920.jpg, https://si.geilicdn.com/pcitem901940024420-5aec00000199ad4ebfda0a20e273_1280_1920.jpg, https://si.geilicdn.com/pcitem901940024420-5e3c00000199ad4eb7e60a239646_1280_1920.jpg, https://si.geilicdn.com/pcitem901940024420-08d800000199ad5a4e1d0a2103bd_750_1000.jpg, https://si.geilicdn.com/pcitem901940024420-698d00000199ad4ecbeb0a8133cc_1280_1920.jpg, https://si.geilicdn.com/pcitem901940024420-5f9800000199ad4ec7be0a23057e_1280_1920.jpg, https://si.geilicdn.com/pcitem901940024420-5e6b00000199ad4ed1200a231177_1280_1920.jpg, https://si.geilicdn.com/pcitem901940024420-3ebd00000199ad5a4abb0a20e2c5_750_1000.jpg, https://si.geilicdn.com/pcitem901940024420-639c00000199ad4eb1d40a20e284_1280_1920.jpg, https://si.geilicdn.com/pcitem901940024420-654000000199ad4ec3fe0a2102c5_1280_1920.jpg",,,,best,,,,0,false,true,true,false,,15,"{""Litbuy"":""https://litbuy.com/product/weidian/7567354394?linkSearch=true&inviteCode=PKMR"",""USFans"":""https://www.usfans.com/product/3/7567354394?ref=5FTXZW"",""Kakobuy"":""https://item.kakobuy.com/item/details?url=https%3A%2F%2Fweidian.com%2Fitem.html%3FitemID%3D7567354394&affcode=six7n""}"
64124f91-5fdc-4dfc-8139-5977e1495c1e,LEGO Pyramid of Cheops,Lego,250,452.55,https://si.geilicdn.com/open1794541533-252808396-168a000001995c09460b0a231226_800_800.jpg,"https://si.geilicdn.com/open1794541533-252808396-168a000001995c09460b0a231226_800_800.jpg, https://si.geilicdn.com/open1794541533-252808396-7eef000001995c0948a70aa0229a_665_665.jpg, https://si.geilicdn.com/open1794541533-252808396-123c000001995c094b630a8133b0_800_800.jpg, https://si.geilicdn.com/open1794541533-252808396-1242000001995c094e6f0a8133b0_800_800.jpg, https://si.geilicdn.com/open1794541533-252808396-0f25000001995c0951080a8115c2_800_800.jpg, https://si.geilicdn.com/open1794541533-252808396-1254000001995c0973e30a8133b0_800_800.jpg, https://si.geilicdn.com/open1794541533-252808396-1862000001995c0976790a22d249_800_800.jpg, https://si.geilicdn.com/open1794541533-252808396-1393000001995c0979440a23b4de_800_800.jpg, https://si.geilicdn.com/open1794541533-252808396-555f000001995c097c970aa043f9_800_800.jpg, https://si.geilicdn.com/open1794541533-252808396-123c000001995c097fab0a23b491_800_800.jpg, https://si.geilicdn.com/open1794541533-252808396-7f11000001995c0982cc0aa0229a_665_665.jpg, https://si.geilicdn.com/open1794541533-252808396-125a000001995c0985160a8133b0_800_800.jpg, https://si.geilicdn.com/open1794541533-252808396-16b6000001995c09887e0a231226_778_778.jpg",,,,random,"BOX DOESN'T HAVE ,,LEGO,, LOGO ! ",,,0,false,false,false,false,,16,"{""Litbuy"":""https://litbuy.com/product/weidian/7553378858?linkSearch=true&inviteCode=PKMR"",""USFans"":""https://www.usfans.com/product/3/7553378858?ref=5FTXZW"",""Kakobuy"":""https://item.kakobuy.com/item/details?url=https%3A%2F%2Fweidian.com%2Fitem.html%3FitemID%3D7553378858&affcode=six7n""}"
ff4ee0a1-45c5-4b87-9abe-1aab0cb96aef,Lech Poznań Home Jersey 24/25,Koszulki,9,16.29,https://cbu01.alicdn.com/img/ibank/O1CN01fwUHNo2780yiPBV5A_!!2220172887751-0-cib.jpg,"https://cbu01.alicdn.com/img/ibank/O1CN01fwUHNo2780yiPBV5A_!!2220172887751-0-cib.jpg, https://cbu01.alicdn.com/img/ibank/O1CN01YUvoGZ2780yhKqEde_!!2220172887751-0-cib.jpg, https://cbu01.alicdn.com/img/ibank/O1CN01DkMnux2780yhKpQkZ_!!2220172887751-0-cib.jpg, https://cbu01.alicdn.com/img/ibank/O1CN0121roVY2780ygqf7oh_!!2220172887751-0-cib.jpg, https://cbu01.alicdn.com/img/ibank/O1CN01xdxxvl2780yj6FE8A_!!2220172887751-0-cib.jpg, https://cbu01.alicdn.com/img/ibank/O1CN01F7Mob52780yiiZEDe_!!2220172887751-0-cib.jpg",,,,random,,"S, M, L, XL",,0,false,false,false,false,,17,"{""Litbuy"":""https://litbuy.com/product/0/951778360041?linkSearch=true&inviteCode=PKMR"",""USFans"":""https://www.usfans.com/product/1/951778360041?ref=5FTXZW"",""Kakobuy"":""https://item.kakobuy.com/item/details?url=https%3A%2F%2Fdetail.1688.com%2Foffer%2F951778360041.html&affcode=six7n""}"
7ffb5ccf-a827-42eb-9ef5-6e444f2baf84,LEGO Globus,Lego,120,217.23,https://si.geilicdn.com/open1794541533-252808396-6f43000001995be998f60aa0229a_800_800.jpg,"https://si.geilicdn.com/open1794541533-252808396-6f43000001995be998f60aa0229a_800_800.jpg, https://si.geilicdn.com/open1794541533-252808396-08a6000001995be9a1830a22d249_800_800.jpg, https://si.geilicdn.com/open1794541533-252808396-03d1000001995be9a86c0a23b4de_800_800.jpg, https://si.geilicdn.com/open1794541533-252808396-7f7c000001995be9ae3f0a8115c2_800_800.jpg, https://si.geilicdn.com/open1794541533-252808396-0270000001995be9b3bd0a23b491_800_800.jpg, https://si.geilicdn.com/open1794541533-252808396-45af000001995be9db630aa043f9_800_800.jpg",,,,random,"BOX DOESN'T HAVE ,,LEGO,, LOGO ! ",,,0,false,false,false,false,,18,"{""Litbuy"":""https://litbuy.com/product/weidian/7552021755?linkSearch=true&inviteCode=PKMR"",""USFans"":""https://www.usfans.com/product/3/7552021755?ref=5FTXZW"",""Kakobuy"":""https://item.kakobuy.com/item/details?url=https%3A%2F%2Fweidian.com%2Fitem.html%3FitemID%3D7552021755&affcode=six7n""}"
e06a951c-9deb-473f-86af-e673c5d91c0c,Jersey Jagiellona Białystok Player Version 2025/2026,Koszulki,9,16.29,https://cbu01.alicdn.com/img/ibank/O1CN01NuP1Lj1Xw69RgRUqm_!!2218502382987-0-cib.jpg,"https://cbu01.alicdn.com/img/ibank/O1CN01NuP1Lj1Xw69RgRUqm_!!2218502382987-0-cib.jpg, https://cbu01.alicdn.com/img/ibank/O1CN015AWUb51Xw69Sr87OH_!!2218502382987-0-cib.jpg, https://cbu01.alicdn.com/img/ibank/O1CN01SaIJ3U1Xw69SS2G6p_!!2218502382987-0-cib.jpg, https://cbu01.alicdn.com/img/ibank/O1CN018rHuAJ1Xw69SMiVb1_!!2218502382987-0-cib.jpg, https://cbu01.alicdn.com/img/ibank/O1CN01Lg47aM1moyDxIdH4X_!!6000000005002-0-cib.jpg, https://cbu01.alicdn.com/img/ibank/O1CN01RIPLm71Xw69QgFzhw_!!2218502382987-0-cib.jpg, https://cbu01.alicdn.com/img/ibank/O1CN01KjEWEO1Xw69Qosn2B_!!2218502382987-0-cib.jpg, https://cbu01.alicdn.com/img/ibank/O1CN018pUurD1Xw69PdETot_!!2218502382987-0-cib.jpg",,,,random,,"S, M, L, XL",,0,false,false,false,false,,19,"{""Litbuy"":""https://litbuy.com/product/0/990921943237?linkSearch=true&inviteCode=PKMR"",""USFans"":""https://www.usfans.com/product/1/990921943237?ref=5FTXZW"",""Kakobuy"":""https://item.kakobuy.com/item/details?url=https%3A%2F%2Fdetail.1688.com%2Foffer%2F990921943237.html&affcode=six7n""}"
9a118b56-a42a-4fbd-9f70-3eac2ff6c0ef,Lanvin Curb White-Black,Buty,263,476.09,https://si.geilicdn.com/wdseller901828721618-40f600000190f870fa410a23057e_1024_1024.jpg,"https://si.geilicdn.com/wdseller901828721618-40f600000190f870fa410a23057e_1024_1024.jpg, https://si.geilicdn.com/wdseller901759954358-6cba0000018971dc42310a2313be_1080_1080.jpg, https://si.geilicdn.com/wdseller901759954358-288a00000189890b40690a230253_2560_2560.jpg, https://si.geilicdn.com/wdseller1425026222-4ca70000018909df212e0a231565_2560_2560.jpg, https://si.geilicdn.com/pcitem1425026222-1c4c0000018874a2bd6b0a210349_1440_1920.jpg, https://si.geilicdn.com/wdseller1425026222-2893000001895958e7fc0a23117e_1080_1080.jpg, https://si.geilicdn.com/pcitem1425026222-047a0000018874a2a87a0a8134f0_1080_1080.jpg, https://si.geilicdn.com/wdseller901759954358-7aa4000001896c5e8cd30a21146b_1080_1080.jpg, https://si.geilicdn.com/wdseller1425026222-4ad10000018909ded4900a2313df_2560_2560.jpg, https://si.geilicdn.com/wdseller1425026222-4ca50000018909de958b0a231565_2560_2560.jpg, https://si.geilicdn.com/wdseller1425026222-729700000189194f41a50a231276_1080_1080.jpg, https://si.geilicdn.com/wdseller1425026222-4ae50000018909de51de0a2305be_2560_2560.jpg, https://si.geilicdn.com/wdseller1425026222-4cde0000018909de08830a2303cc_2560_2560.jpg, https://si.geilicdn.com/wdseller1425026222-7fd700000188a2df26ef0a23117e_1080_1080.jpg, https://si.geilicdn.com/wdseller1425026222-4ae30000018909ddaeb60a2305be_2560_2560.jpg, https://si.geilicdn.com/wdseller1425026222-03bb00000188a2e3c1440a22d246_1080_1082.jpg, https://si.geilicdn.com/wdseller1425026222-4d730000018909dd6f080a23132d_2560_2560.jpg, https://si.geilicdn.com/wdseller1425026222-476e00000191c89ec3970a2102b1_2560_2560.jpg, https://si.geilicdn.com/wdseller901759954358-46a10000018a3553c4650a2313df_1080_1080.jpg, https://si.geilicdn.com/wdseller1425026222-73f200000189195075f70a231446_1080_1080.jpg",,,,best,best batch right now + trusted seller (sharkbreeder),,,0,false,false,true,false,,20,"{""Litbuy"":""https://litbuy.com/product/weidian/7617138156?linkSearch=true&inviteCode=PKMR"",""USFans"":""https://www.usfans.com/product/3/7617138156?ref=5FTXZW"",""Kakobuy"":""https://item.kakobuy.com/item/details?url=https%3A%2F%2Fweidian.com%2Fitem.html%3FitemID%3D7617138156&affcode=six7n""}"
da5ba2d0-a6a0-4d50-8f5b-d1376929dc0f,Basic Patchwork Crocs,Buty,52,94.13,https://si.geilicdn.com/pcitem1809160355-239f00000194fa2073e30a8133cc_1280_1516.jpg,"https://si.geilicdn.com/pcitem1809160355-239f00000194fa2073e30a8133cc_1280_1516.jpg, https://si.geilicdn.com/pcitem1809160355-271400000194fa21f6df0a23041a_1080_810.jpg, https://si.geilicdn.com/pcitem1809160355-281b00000194fa2217180a20e273_1080_810.jpg, https://si.geilicdn.com/pcitem1809160355-227200000194fa22382f0a20e672_1080_810.jpg",,,,best,,,,0,false,false,true,false,,21,"{""Litbuy"":""https://litbuy.com/product/weidian/7701588698?linkSearch=true&inviteCode=PKMR"",""USFans"":""https://www.usfans.com/product/3/7701588698?ref=5FTXZW"",""Kakobuy"":""https://item.kakobuy.com/item/details?url=https%3A%2F%2Fweidian.com%2Fitem.html%3FitemID%3D7701588698&affcode=six7n""}"
f0c282c0-16b0-4b69-a548-3fd077afa864,Saint Laurent YSL Low Sneakers,Buty,151,273.34,https://si.geilicdn.com/open1686456899-1234478995-4d2900000198710879b50a8133b0_700_700.jpg,"https://si.geilicdn.com/open1686456899-1234478995-4d2900000198710879b50a8133b0_700_700.jpg, https://si.geilicdn.com/open1686456899-1234478995-4d2d0000019871087ee10a8133b0_800_800.jpg, https://si.geilicdn.com/open1686456899-1234478995-4d370000019871088c1b0a8133b0_800_800.jpg, https://si.geilicdn.com/open1686456899-1234478995-4e880000019871088f210a23b4de_800_800.jpg, https://si.geilicdn.com/open1686456899-1234478995-4c3c00000198710895860a23b491_800_800.jpg, https://si.geilicdn.com/open1686456899-1234478995-4c440000019871089acc0a23b491_800_800.jpg",,,,best,,,,0,false,false,true,false,,22,"{""Litbuy"":""https://litbuy.com/product/weidian/7700955860?linkSearch=true&inviteCode=PKMR"",""USFans"":""https://www.usfans.com/product/3/7700955860?ref=5FTXZW"",""Kakobuy"":""https://item.kakobuy.com/item/details?url=https%3A%2F%2Fweidian.com%2Fitem.html%3FitemID%3D7700955860&affcode=six7n""}"
c6ddba3e-e35b-4471-bcf9-eb6e0f7444d8,EE basic shorts,Spodenki,44.19,79.99,/api/public/product-image?path=products/1787088410808-qbfooepvwub.webp,,,,,Best batch,,"S, M, L, XL",,0,false,false,true,false,,23,"{""Litbuy"":""https://litbuy.com/product/1/923285722493?linkSearch=true&inviteCode=PKMR"",""USFans"":""https://www.usfans.com/product/2/sl4YGsJueXPEVb3gcq4C5XhsXFN83_L-EMTjsgs7i8ugR_7vaN0NqQ?ref=5FTXZW"",""Kakaobuy"":""https://item.kakobuy.com/item/details?url=https%3A%2F%2Fitem.taobao.com%2Fitem.htm%3Fid%3D923285722493""}"
f2e47c4d-3183-4597-85c4-3b1cb80843ee,Nike shox (9 cw),Buty,99.44,180.01,https://si.geilicdn.com/open1648171445-1234478995-53d7000001944d9f21a40aa0834c_1290_1290.jpg,"https://si.geilicdn.com/open1648171445-1234478995-53d7000001944d9f21a40aa0834c_1290_1290.jpg, https://si.geilicdn.com/open1648171445-1234478995-38a0000001944d9f26440aa08290_1280_1280.jpg, https://si.geilicdn.com/open1648171445-1234478995-4266000001944d9f2a130a22d234_1280_1280.jpg, https://si.geilicdn.com/open1648171445-1234478995-0bcc000001944d9f2cd30a232357_1276_1276.jpg, https://si.geilicdn.com/open1648171445-1234478995-2806000001944d9f30150a239383_1276_1276.jpg, https://si.geilicdn.com/open1648171445-1234478995-6f54000001944d9f33830a8115b5_1280_1280.jpg, https://si.geilicdn.com/open1648171445-1234478995-2010000001944d9f36510a8133b5_1280_1280.jpg, https://si.geilicdn.com/open1648171445-1234478995-49b9000001944d9f38e50a210559_1280_1280.jpg, https://si.geilicdn.com/open1648171445-1234478995-53d9000001944d9f3c6d0aa0834c_1276_1276.jpg, https://si.geilicdn.com/open1648171445-1234478995-38a2000001944d9f3fe40aa08290_1276_1276.jpg, https://si.geilicdn.com/open1648171445-1234478995-4268000001944d9f43e80a22d234_1280_1280.jpg, https://si.geilicdn.com/open1648171445-1234478995-0bce000001944d9f471d0a232357_1280_1280.jpg, https://si.geilicdn.com/open1648171445-1234478995-2808000001944d9f49a00a239383_1280_1280.jpg, https://si.geilicdn.com/open1648171445-1234478995-6f56000001944d9f4da20a8115b5_1080_1080.jpg, https://si.geilicdn.com/open1648171445-1234478995-2012000001944d9f52160a8133b5_1080_1080.jpg, https://si.geilicdn.com/open1648171445-1234478995-49bb000001944d9f57330a210559_1080_1080.jpg, https://si.geilicdn.com/open1648171445-1234478995-53db000001944d9f5b740aa0834c_1080_1080.jpg, https://si.geilicdn.com/open1648171445-1234478995-38a4000001944d9f5f050aa08290_1080_1080.jpg, https://si.geilicdn.com/wdseller902014648568-29490000019aeca43c640a2302e6_1536_1536.jpg, https://si.geilicdn.com/wdseller902014648568-1ee40000019aeca46ea20a20e2c5_1536_1536.jpg",,,,Best budget,WM,,,0,false,false,false,false,,24,"{""Litbuy"":""https://litbuy.com/product/weidian/7616047177?linkSearch=true&inviteCode=PKMR"",""USFans"":""https://www.usfans.com/product/3/7616047177?ref=5FTXZW"",""Kakobuy"":""https://item.kakobuy.com/item/details?url=https%3A%2F%2Fweidian.com%2Fitem.html%3FitemID%3D7616047177&affcode=six7n""}"
ca8bf2fe-9041-4f81-9a0b-82fe85acf280,Kaws BearBricks paper stand,Room,103.86,188.01,https://img.alicdn.com/bao/uploaded/i1/2862106625/O1CN0145POxC1yoIdHn9XiG_!!2862106625.jpg,,,,,Best,,,,0,false,false,true,false,,25,"{""Litbuy"":""https://litbuy.com/product/1/2?linkSearch=true&inviteCode=PKMR"",""USFans"":""https://www.usfans.com/product/2/2U33TU_MryNTnqwf-QvwvOK0TBKvQD5Fijaq62OTY13NmBdwvhylvA?ref=5FTXZW"",""Kakobuy"":""https://item.kakobuy.com/item/details?url=https%3A%2F%2Fitem.taobao.com%2Fitem.htm%3Fid%3D2&affcode=six7n"",""Kakaobuy"":""https://ikako.vip/83z25""}"
c58e7b89-31c3-43bc-8b7c-df42e2c1cbb9,Evisu White-Logo Denim Jeans,Spodnie,147,266.1,https://si.geilicdn.com/pcitem901857164387-2f270000018f145ec49c0a2303ee_1080_1080.jpg,"https://si.geilicdn.com/pcitem901857164387-2f270000018f145ec49c0a2303ee_1080_1080.jpg, https://si.geilicdn.com/pcitem901857164387-2e230000018f145ec5fe0a23037f_508_482.jpg, https://si.geilicdn.com/pcitem901857164387-2f2d0000018f145ec7640a2395f2_800_800.jpg, https://si.geilicdn.com/pcitem901857164387-2fb20000018f145ec8b20a811411_800_800.jpg, https://si.geilicdn.com/pcitem901857164387-2f760000018f145eca170a23041a_800_800.jpg, https://si.geilicdn.com/pcitem901857164387-2e980000018f145ec1230a81347d_800_800.jpg, https://si.geilicdn.com/pcitem901857164387-2ef30000018f145ec2750a8134f0_800_800.jpg, https://si.geilicdn.com/pcitem901857164387-2e9f0000018f145ebe2d0a8133cc_800_800.jpg, https://si.geilicdn.com/pcitem901857164387-2f1b0000018f145ebfaf0a23057e_800_800.jpg, https://si.geilicdn.com/pcitem901857164387-30520000018f145ebcb50a2304aa_800_800.jpg, https://si.geilicdn.com/pcitem901862100388-78610000018fd25b61180a8133cc_800_800.jpg, https://si.geilicdn.com/pcitem901862100388-39650000018fd25b7e890a2304aa_508_482.jpg, https://si.geilicdn.com/pcitem901862100388-7a680000018fd25ba5b40a23037f_800_800.jpg, https://si.geilicdn.com/pcitem901862100388-787f0000018fd25bd0520a20e273_800_800.jpg, https://si.geilicdn.com/pcitem901862100388-75ab0000018fd25bf48f0a8134f0_800_800.jpg, https://si.geilicdn.com/pcitem901862100388-79200000018fd25c1a340a239846_800_800.jpg, https://si.geilicdn.com/pcitem901862100388-7a820000018fd25c49340a20e2c5_800_800.jpg, https://si.geilicdn.com/pcitem901862100388-783f0000018fd25c68df0a23038e_800_800.jpg, https://si.geilicdn.com/pcitem901862100388-7b930000018fd25cb5d00a20e284_800_800.jpg, https://si.geilicdn.com/pcitem901862100388-78d00000018fd25cd3d40a23057e_800_800.jpg",,,,best,,,,0,false,false,true,false,,26,"{""Litbuy"":""https://litbuy.com/product/weidian/7699227305?linkSearch=true&inviteCode=PKMR"",""USFans"":""https://www.usfans.com/product/3/7699227305?ref=5FTXZW"",""Kakobuy"":""https://item.kakobuy.com/item/details?url=https%3A%2F%2Fweidian.com%2Fitem.html%3FitemID%3D7699227305&affcode=six7n""}"
5f7892f5-0228-49b0-bdd5-2f82c6f6791f,Cap Polo Ralph,Akcesoria,40,72.41,https://si.geilicdn.com/pcitem901904877352-05740000019ed97f5b880a23037f_800_800.jpg,"https://si.geilicdn.com/pcitem901904877352-05740000019ed97f5b880a23037f_800_800.jpg, https://si.geilicdn.com/pcitem901904877352-086b0000019ed97f5dd10a23111a_800_800.jpg, https://si.geilicdn.com/pcitem901904877352-4a5d0000019ed97f601e0a20e273_800_800.jpg, https://si.geilicdn.com/pcitem901904877352-7e0d0000019ed97f62de0a210256_800_800.jpg, https://si.geilicdn.com/pcitem901904877352-007e0000019ed97f64f80a2301b4_800_800.jpg, https://si.geilicdn.com/pcitem901904877352-6f1c0000019ed97f675c0a2315ef_800_800.jpg, https://si.geilicdn.com/pcitem901904877352-77b10000019ed97f69500a23057e_800_800.jpg, https://si.geilicdn.com/pcitem901904877352-057e0000019ed97f6c470a23047e_800_800.jpg, https://si.geilicdn.com/pcitem901904877352-6f4d0000019ed97fa4f70a2315ef_800_800.jpg, https://si.geilicdn.com/pcitem901904877352-77db0000019ed97fa6de0a23057e_800_800.jpg, https://si.geilicdn.com/pcitem901904877352-05a00000019ed97fa8c50a23047e_800_800.jpg, https://si.geilicdn.com/pcitem901904877352-74e30000019ed97fab720a207569_800_800.jpg, https://si.geilicdn.com/pcitem901904877352-7b700000019ed97fad6b0a230115_800_800.jpg, https://si.geilicdn.com/pcitem901904877352-07370000019ed97ff0e00a23038e_800_800.jpg, https://si.geilicdn.com/pcitem901904877352-7b440000019ed97f6db90a230115_900_1200.jpg",,,,random,,,,0,false,false,false,false,,27,"{""Litbuy"":""https://litbuy.com/product/weidian/6991067503?linkSearch=true&inviteCode=PKMR"",""USFans"":""https://www.usfans.com/product/3/6991067503?ref=5FTXZW"",""Kakobuy"":""https://item.kakobuy.com/item/details?url=https%3A%2F%2Fweidian.com%2Fitem.html%3FitemID%3D6991067503&affcode=six7n""}"
117cbdd8-f4f0-4421-8baa-f92f2afeadc2,Ida sply Zip-up Hoodie,Bluzy,64,115.85,https://cbu01.alicdn.com/img/ibank/O1CN01QFxPpV1riAMB4DYIC_!!2217847465664-0-cib.jpg,"https://cbu01.alicdn.com/img/ibank/O1CN01QFxPpV1riAMB4DYIC_!!2217847465664-0-cib.jpg, https://cbu01.alicdn.com/img/ibank/O1CN018mY0E71riAM9bPAgZ_!!2217847465664-0-cib.jpg, https://cbu01.alicdn.com/img/ibank/O1CN01YjV3zB29lWLeVnGLJ_!!2219350598108-0-cib.jpg, https://cbu01.alicdn.com/img/ibank/O1CN01PvvQmt1riAM8GbRtF_!!2217847465664-0-cib.jpg, https://cbu01.alicdn.com/img/ibank/O1CN01NYVacP1riAMBhT6wt_!!2217847465664-0-cib.jpg, https://cbu01.alicdn.com/img/ibank/O1CN01FsyK0e1riAMAQzGdy_!!2217847465664-0-cib.jpg, https://cbu01.alicdn.com/img/ibank/O1CN01HsxUEM29lWLkj3Fej_!!2219350598108-0-cib.jpg, https://cbu01.alicdn.com/img/ibank/O1CN018xNgCy29lWOvBzunT_!!2219350598108-0-cib.jpg, https://cbu01.alicdn.com/img/ibank/O1CN01f2iX7o29lWOvWFj2n_!!2219350598108-0-cib.jpg",,,,random,MANY COLORWAYS AVAILABLE ,,,0,false,true,false,false,,28,"{""Litbuy"":""https://litbuy.com/product/0/910319004296?linkSearch=true&inviteCode=PKMR"",""USFans"":""https://www.usfans.com/product/1/910319004296?ref=5FTXZW"",""Kakobuy"":""https://item.kakobuy.com/item/details?url=https%3A%2F%2Fdetail.1688.com%2Foffer%2F910319004296.html&affcode=six7n""}"
1bb1e6c4-9888-48ea-8449-bebc0fbbebc2,Acne tee,Koszulki,80.1,145,https://si.geilicdn.com/wdseller1578892453-414b00000195180a44170a22d58f_1290_1255.jpg,https://si.geilicdn.com/wdseller1578892453-414b00000195180a44170a22d58f_1290_1255.jpg,,,,Best batch,,"XS, S, M, L",,0,false,false,true,false,,29,"{""Litbuy"":""https://litbuy.com/product/weidian/7393974822?linkSearch=true&inviteCode=PKMR"",""USFans"":""https://www.usfans.com/product/3/7393974822?ref=5FTXZW"",""Kakobuy"":""https://item.kakobuy.com/item/details?url=https%3A%2F%2Fweidian.com%2Fitem.html%3FitemID%3D7393974822&affcode=six7n"",""Kakaobuy"":""https://item.kakobuy.com/item/details?url=https%3A%2F%2Fshop1718752418.v.weidian.com%2Fitem.html%3FitemID%3D7393974822""}"
5d919ccd-9bd9-486d-8efe-774b2b465447,alo flared leggins,Spodnie,70.71,128,https://si.geilicdn.com/wdseller1489596767-59e20000019fa55966470a2394a4_1440_1920.jpg,"https://si.geilicdn.com/wdseller1489596767-59e20000019fa55966470a2394a4_1440_1920.jpg, https://si.geilicdn.com/wdseller1489596767-13190000019fa55966aa0a20e672_1440_1920.jpg, https://si.geilicdn.com/wdseller1489596767-169d0000019fa55966cb0a231177_1440_1920.jpg, https://si.geilicdn.com/wdseller1489596767-61680000019fa55969390a23041a_1440_1920.jpg, https://si.geilicdn.com/wdseller1489596767-2a460000019fa55969bc0a239646_1200_1200.jpg, https://si.geilicdn.com/wdseller1489596767-00510000019fa5596a400a21146b_1200_1200.jpg, https://si.geilicdn.com/wdseller1489596767-2a5a0000019fa55971550a239646_1200_1200.jpg, https://si.geilicdn.com/wdseller1489596767-0cfa0000019fa559719c0a811411_1200_1200.jpg, https://si.geilicdn.com/wdseller1489596767-1bbb0000019fa5639bab0a22d1a4_1200_1200.jpg, https://si.geilicdn.com/wdseller1489596767-57210000019fa563ae730a23047e_1200_1200.jpg, https://si.geilicdn.com/wdseller1489596767-6b300000019fa563fe650a2303ee_1200_1200.jpg, https://si.geilicdn.com/wdseller1489596767-30250000019fa56426aa0a20e672_1200_1200.jpg",,,,Best batch,,"S, M, L, XL",,0,false,true,true,false,,30,"{""Litbuy"":""https://litbuy.com/product/weidian/7813830659?linkSearch=true&inviteCode=PKMR"",""USFans"":""https://www.usfans.com/product/3/7813830659?ref=5FTXZW"",""Kakobuy"":""https://item.kakobuy.com/item/details?url=https%3A%2F%2Fweidian.com%2Fitem.html%3FitemID%3D7813830659&affcode=six7n"",""Kakaobuy"":""https://item.kakobuy.com/item/details?url=https%3A%2F%2Fweidian.com%2Fitem.html%3FitemID%3D7813830659&affcode=six7n""}"
8c0bf469-9886-49fd-9313-e8b016173d6f,Dior/Goyard/Lv mini wallets,Portfele,8.29,15.01,https://cbu01.alicdn.com/img/ibank/O1CN01ckJaKV1tohDW8NHBD_!!2217283785949-0-cib.jpg,"https://cbu01.alicdn.com/img/ibank/O1CN01ckJaKV1tohDW8NHBD_!!2217283785949-0-cib.jpg, https://cbu01.alicdn.com/img/ibank/O1CN01P8mgFR1tohDYP0a6X_!!2217283785949-0-cib.jpg, https://cbu01.alicdn.com/img/ibank/O1CN015TS2l21tohDYohx3H_!!2217283785949-0-cib.jpg, https://cbu01.alicdn.com/img/ibank/O1CN01Vr0MSq1tohDZOTTeU_!!2217283785949-0-cib.jpg, https://cbu01.alicdn.com/img/ibank/O1CN01o5aFek1tohDWKs4p8_!!2217283785949-0-cib.jpg, https://cbu01.alicdn.com/img/ibank/O1CN011C0On51tohDL9KWFd_!!2217283785949-0-cib.jpg, https://cbu01.alicdn.com/img/ibank/O1CN01kOkbyq1tohDKb7PYU_!!2217283785949-0-cib.jpg, https://cbu01.alicdn.com/img/ibank/O1CN01dHvSVs1tohDLpVxek_!!2217283785949-0-cib.jpg, https://cbu01.alicdn.com/img/ibank/O1CN01rBmcxg1tohDNWMP51_!!2217283785949-0-cib.jpg, https://cbu01.alicdn.com/img/ibank/O1CN01n31nlX1tohDNVukJN_!!2217283785949-0-cib.jpg, https://cbu01.alicdn.com/img/ibank/O1CN01e96dFu1tohDLSfh5n_!!2217283785949-0-cib.jpg, https://cbu01.alicdn.com/img/ibank/O1CN01seOWP11tohDL8vTdi_!!2217283785949-0-cib.jpg, https://cbu01.alicdn.com/img/ibank/O1CN01HKpQzW1tohCDU7sHT_!!2217283785949-0-cib.jpg, https://cbu01.alicdn.com/img/ibank/O1CN01JB4aYt1tohC9fR02m_!!2217283785949-0-cib.jpg, https://cbu01.alicdn.com/img/ibank/O1CN01rc0aKt1tohCCl5cUi_!!2217283785949-0-cib.jpg, https://cbu01.alicdn.com/img/ibank/O1CN01S8eDVg1tohCDfnvGG_!!2217283785949-0-cib.jpg, https://cbu01.alicdn.com/img/ibank/O1CN01R6Lu8H1tohCBlj1sD_!!2217283785949-0-cib.jpg, https://cbu01.alicdn.com/img/ibank/O1CN01WHgCa71tohCBh1wGE_!!2217283785949-0-cib.jpg, https://cbu01.alicdn.com/img/ibank/O1CN01jhHpw41tohC9flsTW_!!2217283785949-0-cib.jpg, https://cbu01.alicdn.com/img/ibank/O1CN01gMERlX1tohCCMN8JX_!!2217283785949-0-cib.jpg",,,,Random,,,,0,false,false,false,false,,31,"{""Litbuy"":""https://litbuy.com/product/0/865706015154?linkSearch=true&inviteCode=PKMR"",""USFans"":""https://www.usfans.com/product/1/865706015154?ref=5FTXZW"",""Kakobuy"":""https://item.kakobuy.com/item/details?url=https%3A%2F%2Fdetail.1688.com%2Foffer%2F865706015154.html&affcode=six7n"",""Kakaobuy"":""https://litbuy.com/product/0/865706015154?linkSearch=true&inviteCode=PKMR""}"
ec8e5028-f2fe-44ee-b2c8-b9420fda620b,Pokemon card carpet,Room,44.19,79.99,/api/public/product-image?path=products/1787067732863-jaas3i62cd.webp,,,,,Best,,,,0,false,false,true,false,,32,"{""Litbuy"":""https://litbuy.com/product/1/667257889700?linkSearch=true&inviteCode=PKMR"",""USFans"":""https://www.usfans.com/product/2/667257889700?ref=5FTXZW"",""Kakobuy"":""https://item.kakobuy.com/item/details?url=https%3A%2F%2Fitem.taobao.com%2Fitem.htm%3Fid%3D667257889700&affcode=six7n"",""Kakaobuy"":""https://item.kakobuy.com/item/details?url=https%3A%2F%2Fitem.taobao.com%2Fitem.htm%3Fid%3D667257889700""}"
257b76fb-0479-4a5d-a60e-87d4ff8183fe,Kaws 100+,Room,22.1,40.01,https://cbu01.alicdn.com/img/ibank/O1CN01uSvYNQ256ysTQemkT_!!2214013987478-0-cib.jpg,"https://cbu01.alicdn.com/img/ibank/O1CN01uSvYNQ256ysTQemkT_!!2214013987478-0-cib.jpg, https://cbu01.alicdn.com/img/ibank/O1CN01oeLSNF256ysUYo8yd_!!2214013987478-0-cib.jpg, https://cbu01.alicdn.com/img/ibank/O1CN01KgYMVs256ysSrj4wy_!!2214013987478-0-cib.jpg, https://cbu01.alicdn.com/img/ibank/O1CN011YADhh256ysU42gyy_!!2214013987478-0-cib.jpg, https://cbu01.alicdn.com/img/ibank/O1CN01UC0ZMM256ysU9uHOp_!!2214013987478-0-cib.jpg, https://cbu01.alicdn.com/img/ibank/O1CN01n1do00256ysOB8Hy1_!!2214013987478-0-cib.jpg, https://cbu01.alicdn.com/img/ibank/O1CN01V3Nc6Y256ysTQiPGQ_!!2214013987478-0-cib.jpg, https://cbu01.alicdn.com/img/ibank/O1CN01Q5Z35B256ysTKBGM9_!!2214013987478-0-cib.jpg, https://cbu01.alicdn.com/img/ibank/O1CN01niXiOk256ysU446Hl_!!2214013987478-0-cib.jpg, https://cbu01.alicdn.com/img/ibank/O1CN01YPiJzp256ysTmhK3B_!!2214013987478-0-cib.jpg, https://cbu01.alicdn.com/img/ibank/O1CN01NUjYok256ysUYrUrn_!!2214013987478-0-cib.jpg, https://cbu01.alicdn.com/img/ibank/O1CN016tYV64256ysUB7gDF_!!2214013987478-0-cib.jpg, https://cbu01.alicdn.com/img/ibank/O1CN01DfCUSf256ysOBC70X_!!2214013987478-0-cib.jpg, https://cbu01.alicdn.com/img/ibank/O1CN01psyFrY256ysSTaJWF_!!2214013987478-0-cib.jpg, https://cbu01.alicdn.com/img/ibank/O1CN01aihfBb256ysUYqtRL_!!2214013987478-0-cib.jpg, https://cbu01.alicdn.com/img/ibank/O1CN01CNCLqh256ysUYnL3U_!!2214013987478-0-cib.jpg, https://cbu01.alicdn.com/img/ibank/O1CN01YrBzpY256ysTKC4GD_!!2214013987478-0-cib.jpg, https://cbu01.alicdn.com/img/ibank/O1CN01gr56jv256ysTmfmOe_!!2214013987478-0-cib.jpg, https://cbu01.alicdn.com/img/ibank/O1CN01TLsRH0256ysSriH3t_!!2214013987478-0-cib.jpg, https://cbu01.alicdn.com/img/ibank/O1CN0100jqno256ysSTaeKB_!!2214013987478-0-cib.jpg",,,,Best,,,,0,false,false,true,false,,33,"{""Litbuy"":""https://litbuy.com/product/0/988049364002?linkSearch=true&inviteCode=PKMR"",""USFans"":""https://www.usfans.com/product/1/988049364002?ref=5FTXZW"",""Kakobuy"":""https://item.kakobuy.com/item/details?url=https%3A%2F%2Fdetail.1688.com%2Foffer%2F988049364002.html&affcode=six7n"",""Kakaobuy"":""https://ikako.vip/x6wbk""}"
8edbad71-35dc-4210-998a-dc9ed86ad067,Stairs carpet Tom,Room,0,0,https://si.geilicdn.com/open1642564445-1672450909-51400000019c0450d6370a8133b0_750_750.jpg,"https://si.geilicdn.com/open1642564445-1672450909-51400000019c0450d6370a8133b0_750_750.jpg, https://si.geilicdn.com/open1642564445-1672450909-4e8c0000019c0450db200a8115c2_750_750.jpg, https://si.geilicdn.com/open1642564445-1672450909-649d0000019c0450daa50a23b4de_750_750.jpg, https://si.geilicdn.com/open1642564445-1672450909-68560000019c0450d9820a22d249_750_750.jpg",,,,8,,,,0,false,false,false,false,,34,"{""Litbuy"":""https://litbuy.com/product/weidian/7681337714?linkSearch=true&inviteCode=PKMR"",""USFans"":""https://www.usfans.com/product/3/7681337714?ref=5FTXZW"",""Kakobuy"":""https://item.kakobuy.com/item/details?url=https%3A%2F%2Fweidian.com%2Fitem.html%3FitemID%3D7681337714&affcode=six7n"",""Kakaobuy"":""https://ikako.vip/axfzr""}"
96684956-378e-482d-8c40-6d066b0216dc,Nike Hypervenom Phantom FG Elite,Buty,118,213.61,https://si.geilicdn.com/open1686456899-1234478995-278700000198711a341d0aa043f9_1000_664.jpg,"https://si.geilicdn.com/open1686456899-1234478995-278700000198711a341d0aa043f9_1000_664.jpg, https://si.geilicdn.com/open1686456899-1234478995-7cd300000198711a35710aa0c791_1000_664.jpg, https://si.geilicdn.com/open1686456899-1234478995-589400000198711a36960a8133b0_1005_663.jpg, https://si.geilicdn.com/open1686456899-1234478995-278d00000198711a393b0aa043f9_1000_664.jpg, https://si.geilicdn.com/open1686456899-1234478995-579e00000198711a3b170a23b491_1000_664.jpg, https://si.geilicdn.com/open1686456899-1234478995-57bf00000198711a3d660a8115c2_1000_664.jpg, https://si.geilicdn.com/open1686456899-1234478995-59e000000198711a3e980a23b4de_1000_664.jpg, https://si.geilicdn.com/open1686456899-1234478995-59e200000198711a40c70a23b4de_1000_664.jpg, https://si.geilicdn.com/open1686456899-1234478995-5db900000198711a42890a22d249_1005_663.jpg, https://si.geilicdn.com/open1686456899-1234478995-58a200000198711a43bc0a8133b0_1005_663.jpg, https://si.geilicdn.com/open1686456899-1234478995-5ccd00000198711a44fb0a231226_1005_663.jpg, https://si.geilicdn.com/open1686456899-1234478995-279700000198711a475d0aa043f9_1000_664.jpg, https://si.geilicdn.com/open1686456899-1234478995-7ce100000198711a48840aa0c791_1000_664.jpg, https://si.geilicdn.com/open1686456899-1234478995-279900000198711a49ba0aa043f9_1005_663.jpg, https://si.geilicdn.com/open1686456899-1234478995-7ce500000198711a4ad50aa0c791_750_1000.jpg, https://si.geilicdn.com/open1686456899-1234478995-57ac00000198711a4d0c0a23b491_750_1000.jpg, https://si.geilicdn.com/open1686456899-1234478995-57cb00000198711a4e5b0a8115c2_750_1000.jpg",,,,best,,,,0,false,false,true,false,,35,"{""Litbuy"":""https://litbuy.com/product/weidian/7697983975?linkSearch=true&inviteCode=PKMR"",""USFans"":""https://www.usfans.com/product/3/7697983975?ref=5FTXZW"",""Kakobuy"":""https://item.kakobuy.com/item/details?url=https%3A%2F%2Fweidian.com%2Fitem.html%3FitemID%3D7697983975&affcode=six7n""}"
60fa493b-22d0-4198-bdcd-f82d985d994b,Corteiz Balaclava,Akcesoria,20,36.2,https://si.geilicdn.com/pcitem901879226946-526a0000019348adb55f0a23041a_1200_1200.jpg,"https://si.geilicdn.com/pcitem901879226946-526a0000019348adb55f0a23041a_1200_1200.jpg, https://si.geilicdn.com/pcitem901879226946-520a0000019348ae2e040a23057e_1440_1657.jpg, https://si.geilicdn.com/pcitem901879226946-51aa0000019348ae309c0a8133cc_1440_1795.jpg, https://si.geilicdn.com/pcitem901879226946-525f0000019348ae33550a239646_1440_1766.jpg, https://si.geilicdn.com/pcitem901879226946-7ecf0000019443b5df390a210256-unadjust_1200_1200.png, https://si.geilicdn.com/pcitem901879226946-53010000019348af2e3b0a2396f4_2500_2500.jpg, https://si.geilicdn.com/pcitem901879226946-531f0000019348af4b600a231316_2500_2500.jpg, https://si.geilicdn.com/pcitem901879226946-52260000019348af6b490a2102c5_2500_2500.jpg, https://si.geilicdn.com/pcitem901879226946-524e0000019348af90df0a23057e_2500_2500.jpg, https://si.geilicdn.com/pcitem901879226946-52d50000019348afb68d0a23041a_2500_2500.jpg, https://si.geilicdn.com/pcitem901879226946-53090000019348afd6640a20e284_2500_2500.jpg, https://si.geilicdn.com/pcitem901879226946-52af0000019348aff5be0a239646_2500_2500.jpg, https://si.geilicdn.com/pcitem901879226946-52670000019348b014d60a23057e_2500_2500.jpg, https://si.geilicdn.com/pcitem901879226946-53360000019348b03b750a2396f4_2500_2500.jpg, https://si.geilicdn.com/pcitem901879226946-01360000019443b36a850a811411_1667_1667.jpg, https://si.geilicdn.com/pcitem901879226946-00e00000019443b5b4bf0a2395d6_2500_2500.jpg, https://si.geilicdn.com/pcitem901879226946-7fe70000019443b52d060a2396f4_2500_2500.jpg, https://si.geilicdn.com/pcitem901879226946-00cf0000019443b583770a23041a-unadjust_1200_1200.png",,,,budget,,,,0,false,false,false,false,,36,"{""Litbuy"":""https://litbuy.com/product/weidian/7550115252?linkSearch=true&inviteCode=PKMR"",""USFans"":""https://www.usfans.com/product/3/7550115252?ref=5FTXZW"",""Kakobuy"":""https://item.kakobuy.com/item/details?url=https%3A%2F%2Fweidian.com%2Fitem.html%3FitemID%3D7550115252&affcode=six7n""}"
4adb78eb-2ecc-4e38-97f9-a43385786c71,The North Face TNF 1990 Shell Jacket Gore-Tex,Kurtki,51,92.32,https://si.geilicdn.com/wdseller1845163825-70310000018efd134c4d0a239846_1170_878.jpg,"https://si.geilicdn.com/wdseller1845163825-70310000018efd134c4d0a239846_1170_878.jpg, https://si.geilicdn.com/open1850717273-1234478995-4c020000018efd0d75530a239383_1080_623.jpg, https://si.geilicdn.com/open1850717273-1234478995-0cd00000018efd0d77da0a8115b5_1440_1080.jpg, https://si.geilicdn.com/open1850717273-1234478995-43870000018efd0d7c440a8133b5_1440_1080.jpg, https://si.geilicdn.com/open1850717273-1234478995-787b0000018efd0d7ff80a210559_1440_1080.jpg, https://si.geilicdn.com/open1850717273-1234478995-35f90000018efd0d83580a239631_1440_1080.jpg, https://si.geilicdn.com/open1850717273-1234478995-58350000018efd0d86540a210298_1440_1080.jpg, https://si.geilicdn.com/open1850717273-1234478995-31ee0000018efd0d8c8a0a232357_1440_1080.jpg, https://si.geilicdn.com/open1850717273-1234478995-4c060000018efd0d909d0a239383_1440_1080.jpg, https://si.geilicdn.com/open1850717273-1234478995-0cd40000018efd0d95ec0a8115b5_1440_1080.jpg, https://si.geilicdn.com/open1850717273-1234478995-438d0000018efd0d9a730a8133b5_1440_1080.jpg, https://si.geilicdn.com/open1850717273-1234478995-787f0000018efd0da0110a210559_1440_1080.jpg, https://si.geilicdn.com/open1850717273-1234478995-35fd0000018efd0da3c00a239631_1440_1080.jpg, https://si.geilicdn.com/open1850717273-1234478995-58390000018efd0da9670a210298_1440_1080.jpg, https://si.geilicdn.com/open1850717273-1234478995-31f20000018efd0dad690a232357_1440_1080.jpg, https://si.geilicdn.com/open1850717273-1234478995-4c080000018efd0db0840a239383_1440_1080.jpg, https://si.geilicdn.com/open1850717273-1234478995-0cd60000018efd0db3580a8115b5_1440_1080.jpg, https://si.geilicdn.com/open1850717273-1234478995-438f0000018efd0db7ec0a8133b5_1440_1080.jpg, https://si.geilicdn.com/open1850717273-1234478995-78830000018efd0dbc3c0a210559_1440_1080.jpg, https://si.geilicdn.com/open1850717273-1234478995-36010000018efd0dbeed0a239631_1440_1080.jpg",,,,budget,,,,0,false,false,false,false,,37,"{""Litbuy"":""https://litbuy.com/product/weidian/7611465297?linkSearch=true&inviteCode=PKMR"",""USFans"":""https://www.usfans.com/product/3/7611465297?ref=5FTXZW"",""Kakobuy"":""https://item.kakobuy.com/item/details?url=https%3A%2F%2Fweidian.com%2Fitem.html%3FitemID%3D7611465297&affcode=six7n""}"
3a980b06-067e-4b34-91e6-f1a360ac87cb,Adidas Adilette Slides,Buty,68,123.09,https://si.geilicdn.com/pcitem1854263096-468d000001970db4ec340a2303ee_720_1004.jpg,"https://si.geilicdn.com/pcitem1854263096-468d000001970db4ec340a2303ee_720_1004.jpg, https://si.geilicdn.com/pcitem1854263096-6dfa00000195d93628c40a2102c5_1200_1200.jpg, https://si.geilicdn.com/open1660815673-1234478995-7ac900000195d8a4d29d0aa0834c_600_600.jpg, https://si.geilicdn.com/open1660815673-1234478995-747600000195d8a4d54c0aa08290_600_600.jpg, https://si.geilicdn.com/open1660815673-1234478995-032b00000195d8a4d7d20a23b4de_600_600.jpg, https://si.geilicdn.com/open1660815673-1234478995-033100000195d8a4e2600a23b4de_600_600.jpg, https://si.geilicdn.com/open1660815673-1234478995-789700000195d8a4dbea0a8115c2_600_600.jpg, https://si.geilicdn.com/open1660815673-1234478995-71bf00000195d8a4e4f00a22d249_600_600.jpg",,,,best,,,,0,false,false,true,false,,38,"{""Litbuy"":""https://litbuy.com/product/weidian/7673217857?linkSearch=true&inviteCode=PKMR"",""USFans"":""https://www.usfans.com/product/3/7673217857?ref=5FTXZW"",""Kakobuy"":""https://item.kakobuy.com/item/details?url=https%3A%2F%2Fweidian.com%2Fitem.html%3FitemID%3D7673217857&affcode=six7n""}"
92587309-f2e3-4568-b85e-1126e16525e2,Rimowa Iphone Cases IP13-17Pro Max,Akcesoria,28,50.69,https://cbu01.alicdn.com/img/ibank/O1CN01WofIJh1zcECCqyt4K_!!2220703856734-0-cib.jpg,"https://cbu01.alicdn.com/img/ibank/O1CN01WofIJh1zcECCqyt4K_!!2220703856734-0-cib.jpg, https://cbu01.alicdn.com/img/ibank/O1CN01QkJicI1zcECCf4jvc_!!2220703856734-0-cib.jpg, https://cbu01.alicdn.com/img/ibank/O1CN01TlHhzS1zcECAlraxm_!!2220703856734-0-cib.jpg, https://cbu01.alicdn.com/img/ibank/O1CN01lYnfsp1zcECCUlNRv_!!2220703856734-0-cib.jpg, https://cbu01.alicdn.com/img/ibank/O1CN01sFs7Nb1zcECCr05vr_!!2220703856734-0-cib.jpg, https://cbu01.alicdn.com/img/ibank/O1CN01papgNO1zcECCCerSy_!!2220703856734-0-cib.jpg, https://cbu01.alicdn.com/img/ibank/O1CN016dgejL1zcECBRqTh5_!!2220703856734-0-cib.jpg, https://cbu01.alicdn.com/img/ibank/O1CN01CLcStJ1zcECBMoiKX_!!2220703856734-0-cib.jpg, https://cbu01.alicdn.com/img/ibank/O1CN01dt3P7B1zcECCIIpTy_!!2220703856734-0-cib.jpg, https://cbu01.alicdn.com/img/ibank/O1CN01yyT0up1zcED6j4V4F_!!2220703856734-0-cib.jpg, https://cbu01.alicdn.com/img/ibank/O1CN01OpMCGN1zcECpEgwIo_!!2220703856734-0-cib.jpg, https://cbu01.alicdn.com/img/ibank/O1CN01MzHTXL1zcEFohFC5D_!!2220703856734-0-cib.jpg, https://cbu01.alicdn.com/img/ibank/O1CN01SsMKzk1zcECq8HVYz_!!2220703856734-0-cib.jpg, https://cbu01.alicdn.com/img/ibank/O1CN01FZLF751zcECpwyDVK_!!2220703856734-0-cib.jpg, https://cbu01.alicdn.com/img/ibank/O1CN01uYcysU1zcECjj0Ru0_!!2220703856734-0-cib.jpg, https://cbu01.alicdn.com/img/ibank/O1CN01tXrPcn1zcEF0VeOfa_!!2220703856734-0-cib.jpg, https://cbu01.alicdn.com/img/ibank/O1CN01JZeybw1zcEF0OsYhM_!!2220703856734-0-cib.jpg, https://cbu01.alicdn.com/img/ibank/O1CN013q4Iv21zcEFjcNi2x_!!2220703856734-0-cib.jpg, https://cbu01.alicdn.com/img/ibank/O1CN01q8jU2U1zcEFsaXDxy_!!2220703856734-0-cib.jpg",,,,random,,,,0,false,false,false,false,,39,"{""Litbuy"":""https://litbuy.com/product/0/975018528486?linkSearch=true&inviteCode=PKMR"",""USFans"":""https://www.usfans.com/product/1/975018528486?ref=5FTXZW"",""Kakobuy"":""https://item.kakobuy.com/item/details?url=https%3A%2F%2Fdetail.1688.com%2Foffer%2F975018528486.html&affcode=six7n""}"
a8411800-29fc-41eb-b84c-ecfe21eee04b,Carhartt jackets 40+,Kurtki,143.63,260,https://cbu01.alicdn.com/img/ibank/O1CN01m3eKMc1dP1EWLtH9m_!!2214252353727-0-cib.jpg,"https://cbu01.alicdn.com/img/ibank/O1CN01m3eKMc1dP1EWLtH9m_!!2214252353727-0-cib.jpg, https://cbu01.alicdn.com/img/ibank/O1CN01CAPse91dP1GV8wv52_!!2214252353727-0-cib.jpg, https://cbu01.alicdn.com/img/ibank/O1CN019rhXIg1dP1F99OXwX_!!2214252353727-0-cib.jpg, https://cbu01.alicdn.com/img/ibank/O1CN01qzWG9O1dP1F8AsYe8_!!2214252353727-0-cib.jpg, https://cbu01.alicdn.com/img/ibank/O1CN0188mMTq1dP1F8XPqzC_!!2214252353727-0-cib.jpg, https://cbu01.alicdn.com/img/ibank/O1CN01OaT9za1dP1F8RiFOt_!!2214252353727-0-cib.jpg, https://cbu01.alicdn.com/img/ibank/O1CN01J2hfZe1dP1F8x7mAm_!!2214252353727-0-cib.jpg, https://cbu01.alicdn.com/img/ibank/O1CN017fw1tT1dP1F3ISjCQ_!!2214252353727-0-cib.jpg, https://cbu01.alicdn.com/img/ibank/O1CN01jgZ7l21dP1F8c0EDj_!!2214252353727-0-cib.jpg, https://cbu01.alicdn.com/img/ibank/O1CN01KzJVWz1dP1EPVdcge_!!2214252353727-0-cib.jpg, https://cbu01.alicdn.com/img/ibank/O1CN01v0eVdB1dP1EV7U9sq_!!2214252353727-0-cib.jpg, https://cbu01.alicdn.com/img/ibank/O1CN012PALFS1dP1Dl7LpB7_!!2214252353727-0-cib.jpg, https://cbu01.alicdn.com/img/ibank/O1CN01tide7H1dP1Dm8ZyPo_!!2214252353727-0-cib.jpg, https://cbu01.alicdn.com/img/ibank/O1CN0106dtSY1dP1GVRgPrc_!!2214252353727-0-cib.jpg, https://cbu01.alicdn.com/img/ibank/O1CN01TvrXfm1dP1Dl2GR7k_!!2214252353727-0-cib.jpg, https://cbu01.alicdn.com/img/ibank/O1CN01KnHtz81dP1F1WmY6U_!!2214252353727-0-cib.jpg, https://cbu01.alicdn.com/img/ibank/O1CN01Ipyo4j1dP1DYh7SEw_!!2214252353727-0-cib.jpg, https://cbu01.alicdn.com/img/ibank/O1CN01AlSsXI1dP1DZDK6em_!!2214252353727-0-cib.jpg, https://cbu01.alicdn.com/img/ibank/O1CN01sso6Os1dP1DULAmqE_!!2214252353727-0-cib.jpg, https://cbu01.alicdn.com/img/ibank/O1CN01wqozz51dP1DbRqNyL_!!2214252353727-0-cib.jpg",,,,Budget,,"S, M, L, XL",,0,false,false,false,false,,40,"{""Litbuy"":""https://litbuy.com/product/0/743062544600?linkSearch=true&inviteCode=PKMR"",""USFans"":""https://www.usfans.com/product/1/743062544600?ref=5FTXZW"",""Kakobuy"":""https://item.kakobuy.com/item/details?url=https%3A%2F%2Fdetail.1688.com%2Foffer%2F743062544600.html&affcode=six7n"",""Kakaobuy"":""https://item.kakobuy.com/item/details?url=https%3A%2F%2Fdetail.1688.com%2Foffer%2F743062544600.html""}"
05f53099-95d6-4c67-bcc6-45c9ec0b3d25,130 world backpack,Plecak/torby/torebki,131.48,238.01,https://img.alicdn.com/bao/uploaded/i1/2215791284194/O1CN01w0TxmD1gquFt2XfcF_!!2215791284194.png,,,,,Best ,,,,0,false,false,true,false,,40,"{""Litbuy"":""https://litbuy.com/product/1/9?linkSearch=true&inviteCode=PKMR"",""USFans"":""https://www.usfans.com/product/2/9xYz7t0K1INfcfiJOvIodu2eksRV30K4jbZkK-BO2HrQUh4dhpZ0HW0?ref=5FTXZW"",""Kakobuy"":""https://item.kakobuy.com/item/details?url=https%3A%2F%2Fitem.taobao.com%2Fitem.htm%3Fid%3D9&affcode=six7n"",""Kakaobuy"":""https://ikako.vip/ryck9""}"
5f970db5-344b-4f37-94ad-c3b1a1f6ff83,Yeezy 350 V2,Buty,217,392.82,https://si.geilicdn.com/pcitem1854263096-063300000196e98504d20a23038e_720_753.jpg,"https://si.geilicdn.com/pcitem1854263096-063300000196e98504d20a23038e_720_753.jpg, https://si.geilicdn.com/pcitem1854263096-393700000195d7c82b5e0a20e273_1200_1200.jpg, https://si.geilicdn.com/open1660815673-1234478995-001000000195d43022580aa0834c-unadjust_1080_1080.png, https://si.geilicdn.com/open1660815673-1234478995-7ddf00000195d43025dd0a8115c2-unadjust_1080_1080.png, https://si.geilicdn.com/open1660815673-1234478995-7a6700000195d43028420aa08290-unadjust_1080_1080.png, https://si.geilicdn.com/open1660815673-1234478995-77c900000195d4302ac60a22d249-unadjust_1080_1080.png, https://si.geilicdn.com/open1660815673-1234478995-6b2800000195d4302d530a23b491-unadjust_1080_1080.png, https://si.geilicdn.com/open1660815673-1234478995-666600000195d4302f5a0a231226-unadjust_1080_1080.png, https://si.geilicdn.com/open1660815673-1234478995-08a100000195d43030b80a23b4de-unadjust_1080_1080.png, https://si.geilicdn.com/open1660815673-1234478995-053c00000195d43034810a8133b0-unadjust_1080_1080.png, https://si.geilicdn.com/open1660815673-1234478995-001400000195d43037730aa0834c-unadjust_1080_1080.png, https://si.geilicdn.com/open1660815673-1234478995-7de300000195d43039cf0a8115c2-unadjust_1080_1080.png, https://si.geilicdn.com/open1660815673-1234478995-7a6b00000195d4303bd10aa08290-unadjust_1080_1080.png, https://si.geilicdn.com/open1660815673-1234478995-77cd00000195d4303d200a22d249-unadjust_1080_1080.png, https://si.geilicdn.com/open1660815673-1234478995-6b2c00000195d4303f390a23b491-unadjust_1080_1080.png, https://si.geilicdn.com/open1660815673-1234478995-666c00000195d43040f50a231226-unadjust_1080_1080.png, https://si.geilicdn.com/open1660815673-1234478995-08a700000195d43044020a23b4de-unadjust_1080_1080.png, https://si.geilicdn.com/open1660815673-1234478995-054200000195d43046660a8133b0-unadjust_1080_1080.png, https://si.geilicdn.com/open1660815673-1234478995-001a00000195d43048660aa0834c-unadjust_1080_1080.png, https://si.geilicdn.com/open1660815673-1234478995-7de900000195d4304c670a8115c2-unadjust_1080_1080.png",,,,best,,,,0,false,false,true,false,,40,"{""Litbuy"":""https://litbuy.com/product/weidian/7435521854?linkSearch=true&inviteCode=PKMR"",""USFans"":""https://www.usfans.com/product/3/7435521854?ref=5FTXZW"",""Kakobuy"":""https://item.kakobuy.com/item/details?url=https%3A%2F%2Fweidian.com%2Fitem.html%3FitemID%3D7435521854&affcode=six7n""}"
3aac23c0-0ac8-47af-9d65-613c67b9d986,RickOwens,Buty,254.11,459.99,https://si.geilicdn.com/weidian1268847658-46d90000018bba2b63140a231273_1080_1080.jpg,"https://si.geilicdn.com/open1268847658-1234478995-509a000001898d9e69790a230227_1080_1080.jpg, https://si.geilicdn.com/open1268847658-1234478995-2799000001898d9e70250a23028d_1080_1080.jpg, https://si.geilicdn.com/open1268847658-1234478995-27b5000001898d9e78c80a23028d_1080_1080.jpg, https://si.geilicdn.com/open1268847658-1234478995-346c000001898d9e84e40a8115b5_1080_1080.jpg, https://si.geilicdn.com/open1268847658-1234478995-512a000001898d9e8ede0a230227_1080_1080.jpg, https://si.geilicdn.com/open1268847658-1234478995-5151000001898d9e96000a230227_1080_1080.jpg, https://si.geilicdn.com/open1268847658-1234478995-517e000001898d9ea3200a230227_1080_1080.jpg, https://si.geilicdn.com/open1268847658-1234478995-34fc000001898d9ea9370a8115b5_1080_1080.jpg, https://si.geilicdn.com/open1268847658-1234478995-2887000001898d9eafa10a23028d_1080_1080.jpg, https://si.geilicdn.com/open1268847658-1234478995-3fb8000001898d9eb4f50a230331_1080_1080.jpg, https://si.geilicdn.com/open1268847658-1234478995-69e3000001898d9ebf270a22d595_1080_1080.jpg, https://si.geilicdn.com/open1268847658-1234478995-356a000001898d9ec4530a8115b5_1080_1080.jpg, https://si.geilicdn.com/open1268847658-1234478995-6a10000001898d9ecbfd0a22d595_1080_1080.jpg, https://si.geilicdn.com/open1268847658-1234478995-6a29000001898d9ed23f0a22d595_1080_1080.jpg, https://si.geilicdn.com/open1268847658-1234478995-35c0000001898d9ed8410a8115b5_1170_1176.jpg, https://si.geilicdn.com/weidian1268847658-432e0000018bba0d01e20a231179_1080_1080.jpg, https://si.geilicdn.com/wdseller1268847658-56e40000019391be5bad0a230115_1290_1290.jpg, https://si.geilicdn.com/weidian1268847658-458f0000018bba1890de0a231273_1080_1080.jpg, https://si.geilicdn.com/wdseller1268847658-12be00000199dd565b290a22d58f_2560_2560.jpg, https://si.geilicdn.com/weidian1268847658-3a460000018c111902430a20e284_1080_1080.jpg",,,,Best,,"39, 40, 41, 42, 43, 44, 45, 46, 47, 48",,0,false,false,true,false,,40,"{""Litbuy"":""https://litbuy.com/product/weidian/6502982488?linkSearch=true&inviteCode=PKMR"",""USFans"":""https://www.usfans.com/product/3/6502982488?ref=5FTXZW"",""Kakobuy"":""https://item.kakobuy.com/item/details?url=https%3A%2F%2Fweidian.com%2Fitem.html%3FitemID%3D6502982488&affcode=six7n"",""Kakaobuy"":""https://item.kakobuy.com/item/details?url=https%3A%2F%2Fshop1268847658.v.weidian.com%2Fitem.html%3FitemID%3D6502982488""}"
3ef2831b-b6f0-4f48-9492-6d8fdeb3b1a3,Bape Busy Work Tee's,Koszulki,50,90.51,https://si.geilicdn.com/pcitem901940024420-1ad3000001986f3675aa0a811411-unadjust_1097_1097.png,"https://si.geilicdn.com/pcitem901940024420-1ad3000001986f3675aa0a811411-unadjust_1097_1097.png, https://si.geilicdn.com/pcitem901940024420-4a07000001986f3676ad0a23057e-unadjust_1097_1097.png, https://si.geilicdn.com/pcitem901940024420-48f3000001986f3677980a20e273-unadjust_1097_1097.png, https://si.geilicdn.com/pcitem901940024420-48e6000001986f36789a0a239846-unadjust_1097_1097.png, https://si.geilicdn.com/pcitem901940024420-1da5000001986f3679b20a231316-unadjust_1097_1097.png, https://si.geilicdn.com/pcitem901940024420-1eb9000001986f367ad60a210139-unadjust_1097_1097.png, https://si.geilicdn.com/pcitem901940024420-4d37000001986f367bf00a239646-unadjust_1097_1097.png, https://si.geilicdn.com/pcitem901940024420-4cb1000001986f367ce20a231177-unadjust_1097_1097.png, https://si.geilicdn.com/pcitem901940024420-4d32000001986f367e190a8133cc-unadjust_1097_1097.png, https://si.geilicdn.com/pcitem901940024420-4e44000001986f367efe0a20e672-unadjust_1097_1097.png, https://si.geilicdn.com/pcitem901940024420-4da0000001986f3ad81f0a81347d-unadjust_1097_1097.png, https://si.geilicdn.com/pcitem901940024420-4d55000001986f3aec4f0a207569-unadjust_1097_1097.png, https://si.geilicdn.com/pcitem901940024420-20bd000001986f3b00a70a210139-unadjust_1097_1097.png, https://si.geilicdn.com/pcitem901940024420-4ba7000001986f3b14e60a2395e5-unadjust_1097_1097.png, https://si.geilicdn.com/pcitem901940024420-4ec7000001986f3b2a160a231177-unadjust_1097_1097.png, https://si.geilicdn.com/pcitem901940024420-1ceb000001986f3b3eb20a811411-unadjust_1097_1097.png, https://si.geilicdn.com/pcitem901940024420-4cdd000001986f3b52fa0a2301b4-unadjust_1097_1097.png, https://si.geilicdn.com/pcitem901940024420-4de7000001986f3b6a310a81347d-unadjust_1097_1097.png, https://si.geilicdn.com/pcitem901940024420-4df1000001986f3b7e330a81347d-unadjust_1097_1097.png, https://si.geilicdn.com/pcitem901940024420-4dfc000001986f3b92ba0a81347d-unadjust_1097_1097.png",,,,best,,"S, M, L, XL",,0,false,false,true,false,,40,"{""Litbuy"":""https://litbuy.com/product/weidian/7529144642?linkSearch=true&inviteCode=PKMR"",""USFans"":""https://www.usfans.com/product/3/7529144642?ref=5FTXZW"",""Kakobuy"":""https://item.kakobuy.com/item/details?url=https%3A%2F%2Fweidian.com%2Fitem.html%3FitemID%3D7529144642&affcode=six7n""}"
3a5fead3-b6b9-4901-b430-294f2f9118f1,Lego logo,Lego,240.3,434.99,https://si.geilicdn.com/wdseller1812657741-0baa0000019b0caafb630a8133cc_1280_1280.jpg,"https://si.geilicdn.com/ch1812657741-01da0000019835da16030a21146b_1122_1122.jpg, https://si.geilicdn.com/pcitem1812657741-16d00000019b1164173e0a811411_1440_1080.jpg, https://si.geilicdn.com/pcitem1812657741-3e860000019b11641d2e0a20e273_1440_1080.jpg, https://si.geilicdn.com/pcitem1812657741-4d510000019b116425f90a230115_1440_1080.jpg, https://si.geilicdn.com/pcitem1812657741-4f6a0000019b116420cf0a2301b4_1440_1080.jpg, https://si.geilicdn.com/pcitem1812657741-55010000019b11642b5a0a23057e_1440_1080.jpg, https://si.geilicdn.com/ch1812657741-3ec60000019835da156c0a239646_1290_1612.jpg, https://si.geilicdn.com/ch1812657741-110f0000019835da184f0a231316_1440_1920.jpg, https://si.geilicdn.com/ch1812657741-39e10000019835da18840a2395e5_1440_1920.jpg, https://si.geilicdn.com/ch1812657741-39280000019835da188a0a2303ee_1920_1440.jpg, https://si.geilicdn.com/ch1812657741-10780000019835da18840a20e2c5_1440_1920.jpg, https://si.geilicdn.com/ch1812657741-112e0000019835da188b0a2304aa_1440_1920.jpg, https://si.geilicdn.com/pcitem1812657741-4e040000019b1164234d0a23047e_1440_1080.jpg, https://si.geilicdn.com/pcitem1812657741-28100000019b116428900a2304aa_1440_1080.jpg, https://si.geilicdn.com/pcitem1812657741-731b0000019ab5b6626d0a81347d_1920_1440.jpg, https://si.geilicdn.com/wdseller1812657741-21aa0000019835e458090a2102b1_1824_1827.jpg, https://si.geilicdn.com/wdseller1812657741-0baa0000019b0caafb630a8133cc_1280_1280.jpg, https://si.geilicdn.com/wdseller1812657741-1c4b0000019971ba2e1f0a81347d_800_800.jpg, https://si.geilicdn.com/wdseller1812657741-7aec0000019a5dae1b1c0a20e284_1200_1200.jpg, https://si.geilicdn.com/wdseller1812657741-14db00000199718875bc0a2315ef_901_900.jpg",,,,Best,,,,0,false,false,true,false,,40,"{""Litbuy"":""https://litbuy.com/product/weidian/7674839628?linkSearch=true&inviteCode=PKMR"",""USFans"":""https://www.usfans.com/product/3/7674839628?ref=5FTXZW"",""Kakobuy"":""https://item.kakobuy.com/item/details?url=https%3A%2F%2Fweidian.com%2Fitem.html%3FitemID%3D7674839628&affcode=six7n"",""Kakaobuy"":""https://item.kakobuy.com/item/details?url=https%3A%2F%2Fweidian.com%2Fitem.html%3FitemID%3D7674839628""}"
5ccfb5c6-e001-49e1-8c71-09539c773ec4,alo man tee,Koszulki,47.51,86,https://si.geilicdn.com/wdseller1489596767-281f00000197fb4e58c40a23038e_640_640.jpg,"https://si.geilicdn.com/wdseller1489596767-281f00000197fb4e58c40a23038e_640_640.jpg, https://si.geilicdn.com/wdseller1489596767-2a6200000197fb4e58c40a239846_640_640.jpg, https://si.geilicdn.com/wdseller1489596767-2d6f00000197fb4e58b50a2301b4_640_640.jpg, https://si.geilicdn.com/wdseller1489596767-235300000197fb4e5ac20a8134f0_640_640.jpg, https://si.geilicdn.com/wdseller1489596767-2bf100000197fb4e5b0d0a2396f4_640_640.jpg, https://si.geilicdn.com/wdseller1489596767-6e9700000197fb5337910a23138d_1200_1200.jpg, https://si.geilicdn.com/wdseller1489596767-179a00000197fb4e5b350a230115_640_637.jpg, https://si.geilicdn.com/wdseller1489596767-264100000197fb4e5cc30a2315ef_640_960.jpg, https://si.geilicdn.com/wdseller1489596767-280a00000197fb4e5d000a20e7c7_640_960.jpg, https://si.geilicdn.com/wdseller1489596767-2c0b00000197fb4e5d3c0a23047e_640_960.jpg, https://si.geilicdn.com/wdseller1489596767-49ce00000197fb4e5e640a21146b_640_960.jpg, https://si.geilicdn.com/wdseller1489596767-772900000197fb4e5ef70a2395e5_640_960.jpg, https://si.geilicdn.com/wdseller1489596767-2fe300000197fb4e5f250a210139_640_960.jpg, https://si.geilicdn.com/wdseller1489596767-289500000197fb4e60bd0a231316_640_787.jpg, https://si.geilicdn.com/wdseller1489596767-2e7900000197fb51a5750a2396f4_640_640.jpg, https://si.geilicdn.com/wdseller1489596767-25ee00000197fb51bb850a8134f0_640_640.jpg, https://si.geilicdn.com/wdseller1489596767-231200000197fb529b3c0a2303ea_1200_1200.jpg, https://si.geilicdn.com/wdseller1489596767-276800000197fb51f5a70a81347d_640_640.jpg, https://si.geilicdn.com/wdseller1489596767-208e00000197fb5234570a239646_640_640.jpg, https://si.geilicdn.com/wdseller1489596767-2bd200000197fb52bb8f0a231316_640_640.jpg",,,,Best batch,,"S, M, L, XL, XXL",,0,false,false,true,false,,41,"{""Litbuy"":""https://litbuy.com/product/weidian/7508679946?linkSearch=true&inviteCode=PKMR"",""USFans"":""https://www.usfans.com/product/3/7508679946?ref=5FTXZW"",""Kakobuy"":""https://item.kakobuy.com/item/details?url=https%3A%2F%2Fweidian.com%2Fitem.html%3FitemID%3D7508679946&affcode=six7n"",""Kakaobuy"":""https://item.kakobuy.com/item/details?url=https%3A%2F%2Fweidian.com%2Fitem.html%3FitemID%3D7508679946""}"
d6af9966-f763-41c0-bd9f-b6c8853e0c09,Random Chinese Brand Tee 260GSM,Koszulki,13,23.53,/api/public/product-image?path=products/1788417021372-4ooex8f34iu.png,,,,,random,,"S, M, L, XL",,0,false,false,false,false,,41,"{""Litbuy"":""https://litbuy.com/product/1/895007560107?linkSearch=true&inviteCode=PKMR"",""USFans"":""https://www.usfans.com/product/2/895007560107?ref=5FTXZW"",""Kakobuy"":""https://item.kakobuy.com/item/details?url=https%3A%2F%2Fitem.taobao.com%2Fitem.htm%3Fid%3D895007560107&affcode=six7n""}"
6d2d8af6-b328-4c6e-a837-9805e1a670f7,Sony Pulse PS5,Elektronika,209.92,380,https://si.geilicdn.com/ch1812657741-76f20000019a1643fa2e0a2304aa_800_800.jpg,,,,,Random,,,,0,false,false,false,false,,41,"{""Litbuy"":""https://litbuy.com/product/weidian/7584389800?linkSearch=true&inviteCode=PKMR"",""USFans"":""https://www.usfans.com/product/3/7584389800?ref=5FTXZW"",""Kakobuy"":""https://item.kakobuy.com/item/details?url=https%3A%2F%2Fweidian.com%2Fitem.html%3FitemID%3D7584389800&affcode=six7n"",""Kakaobuy"":""https://item.kakobuy.com/item/details?url=https%3A%2F%2Fshop1842760073.v.weidian.com%2Fitem.html%3FitemID%3D7584389800""}"
ad07c759-56dd-4735-a30b-f482384517b3,RickOwens,Buty,270.69,490.01,https://si.geilicdn.com/wdseller1268847658-48cf000001941e2990d30a230115_1290_1290.jpg,,,,,Best batch,,"39, 40, 41, 42, 43, 44, 45, 46, 47, 48",,0,false,false,true,false,,41,"{""Litbuy"":""https://litbuy.com/product/weidian/6502982488?linkSearch=true&inviteCode=PKMR"",""USFans"":""https://www.usfans.com/product/3/6502982488?ref=5FTXZW"",""Kakobuy"":""https://item.kakobuy.com/item/details?url=https%3A%2F%2Fweidian.com%2Fitem.html%3FitemID%3D6502982488&affcode=six7n"",""Kakaobuy"":""https://item.kakobuy.com/item/details?url=https%3A%2F%2Fshop1268847658.v.weidian.com%2Fitem.html%3FitemID%3D6502982488""}"
6905ef2d-0168-43c1-b0f8-d7e6802d052b,alo pants,Spodnie,70.71,128,https://si.geilicdn.com/wdseller1489596767-13a30000019cb02d81b20a23037f_1284_1284.jpg,"https://si.geilicdn.com/wdseller1489596767-13a30000019cb02d81b20a23037f_1284_1284.jpg, https://si.geilicdn.com/wdseller1489596767-20150000019cb02d81190a2301af_1284_1284.jpg, https://si.geilicdn.com/wdseller1489596767-6d0d0000019cb02d81190a23138d_1284_1284.jpg, https://si.geilicdn.com/wdseller1489596767-7f090000019cb02d82720a20e7c7_1033_921.jpg, https://si.geilicdn.com/wdseller1489596767-32b80000019cb02d82ca0a2103bd_1284_1284.jpg, https://si.geilicdn.com/wdseller1489596767-1cef0000019cb02d845b0a23038e_1284_1284.jpg, https://si.geilicdn.com/wdseller1489596767-08cb0000019cb030b7210a2102c5_1284_1284.jpg, https://si.geilicdn.com/wdseller1489596767-1e5f0000019cb02fa6fb0a23038e_651_651.jpg, https://si.geilicdn.com/wdseller1489596767-1cc30000019cb02fca0f0a22d58f_1284_1284.jpg",,,,Best batch,,"M, L, XL, XXL",,0,false,false,true,false,,41,"{""Litbuy"":""https://litbuy.com/product/weidian/7699270709?linkSearch=true&inviteCode=PKMR"",""USFans"":""https://www.usfans.com/product/3/7699270709?ref=5FTXZW"",""Kakobuy"":""https://item.kakobuy.com/item/details?url=https%3A%2F%2Fweidian.com%2Fitem.html%3FitemID%3D7699270709&affcode=six7n"",""Kakaobuy"":""https://item.kakobuy.com/item/details?url=https%3A%2F%2Fweidian.com%2Fitem.html%3FitemID%3D7699270709""}"
3346c284-384b-423e-aab0-c5ffe5ff7524,Dior tee,Koszulki,0,0,https://si.geilicdn.com/pcitem1678115151-222400000190235944f10a239846-unadjust_661_668.png,"https://si.geilicdn.com/pcitem1678115151-222400000190235944f10a239846-unadjust_661_668.png, https://si.geilicdn.com/pcitem1678115151-09d700000186fb9680650a8134f0-unadjust_436_166.png",,,,Best batch,,"XS, S, M, L",,0,false,false,true,false,,41,"{""Litbuy"":""https://litbuy.com/product/weidian/6154610557?linkSearch=true&inviteCode=PKMR"",""USFans"":""https://www.usfans.com/product/3/6154610557?ref=5FTXZW"",""Kakobuy"":""https://item.kakobuy.com/item/details?url=https%3A%2F%2Fweidian.com%2Fitem.html%3FitemID%3D6154610557&affcode=six7n"",""Kakaobuy"":""https://item.kakobuy.com/item/details?url=https%3A%2F%2Fweidian.com%2Fitem.html%3FitemID%3D6154610557""}"
325aeb6e-a624-49c0-94e6-b2b7ffbec81f,Murakami pillows,Room,11.05,20,https://cbu01.alicdn.com/img/ibank/O1CN01srrhfb1JxYYobL6ZJ_!!2213048061095-0-cib.jpg,"https://cbu01.alicdn.com/img/ibank/O1CN01srrhfb1JxYYobL6ZJ_!!2213048061095-0-cib.jpg, https://cbu01.alicdn.com/img/ibank/O1CN01e8HaOR1JxYYupbqYt_!!2213048061095-0-cib.jpg, https://cbu01.alicdn.com/img/ibank/O1CN01mZF3HD1JxYYupd7XV_!!2213048061095-0-cib.jpg, https://cbu01.alicdn.com/img/ibank/O1CN01C0CNoi1JxYYtgCnnd_!!2213048061095-0-cib.jpg, https://cbu01.alicdn.com/img/ibank/O1CN01jhYuMi1JxYYxOZj9D_!!2213048061095-0-cib.jpg, https://cbu01.alicdn.com/img/ibank/O1CN01c3ET6F1JxYYjw2CtO_!!2213048061095-0-cib.jpg, https://cbu01.alicdn.com/img/ibank/O1CN01r0cuFT1JxYYtgFU8w_!!2213048061095-0-cib.jpg, https://cbu01.alicdn.com/img/ibank/O1CN01t7NsIG1JxYYsQkw8k_!!2213048061095-0-cib.jpg, https://cbu01.alicdn.com/img/ibank/O1CN01bdm6Du1JxYYwwVnbb_!!2213048061095-0-cib.jpg, https://cbu01.alicdn.com/img/ibank/O1CN01OQoRBO1JxYYupbyw6_!!2213048061095-0-cib.jpg, https://cbu01.alicdn.com/img/ibank/O1CN01Jfdu881JxYYwwVKU3_!!2213048061095-0-cib.jpg, https://cbu01.alicdn.com/img/ibank/O1CN01oUW5Sj1JxYYobLRJt_!!2213048061095-0-cib.jpg, https://cbu01.alicdn.com/img/ibank/O1CN01YsC1Cl1JxYYupcaJp_!!2213048061095-0-cib.jpg, https://cbu01.alicdn.com/img/ibank/O1CN01RJwPax1JxYYtgCGYq_!!2213048061095-0-cib.jpg, https://cbu01.alicdn.com/img/ibank/O1CN010frxgg1JxYYvsUkXn_!!2213048061095-0-cib.jpg, https://cbu01.alicdn.com/img/ibank/O1CN01C7xivd1JxYgkcBjCF_!!2213048061095-0-cib.jpg, https://cbu01.alicdn.com/img/ibank/O1CN01V7jlnN1JxYgmRWy5X_!!2213048061095-0-cib.jpg",,,,Best,,,,0,false,false,true,false,,41,"{""Litbuy"":""https://litbuy.com/product/0/734824481231?linkSearch=true&inviteCode=PKMR"",""USFans"":""https://www.usfans.com/product/1/734824481231?ref=5FTXZW"",""Kakobuy"":""https://item.kakobuy.com/item/details?url=https%3A%2F%2Fdetail.1688.com%2Foffer%2F734824481231.html&affcode=six7n"",""Kakaobuy"":""https://ikako.vip/nc9yn""}"
fe602089-1995-41c7-bfa2-62a87448f5f9,AirPods Max,Elektronika,392.22,710,https://si.geilicdn.com/pcitem1769897421-7aae0000019336feb0cf0a210139_2736_3648.jpg,"https://si.geilicdn.com/pcitem1769897421-7aae0000019336feb0cf0a210139_2736_3648.jpg, https://si.geilicdn.com/pcitem1769897421-7435000001930757e1af0a23037f_2736_3648.jpg, https://si.geilicdn.com/pcitem1769897421-738100000193075dd6100a2396f4_3648_2736.jpg, https://si.geilicdn.com/pcitem1769897421-640d00000193075ddc240a230115_3648_2736.jpg, https://si.geilicdn.com/pcitem1769897421-5c5d0000019336fef7f10a20e672_2736_3648.jpg, https://si.geilicdn.com/pcitem1769897421-60580000019336ff007e0a8134f0_3648_2736.jpg, https://si.geilicdn.com/pcitem1769897421-5de20000019336ff054e0a2301b4_3648_2736.jpg, https://si.geilicdn.com/pcitem1769897421-64aa0000019336ff0c240a23047e_3648_2736.jpg, https://si.geilicdn.com/pcitem1769897421-00cf000001934ec05c950a20e284_2736_3648.jpg, https://si.geilicdn.com/pcitem1769897421-7f92000001934ec029690a8133cc_4608_3456.jpg, https://si.geilicdn.com/pcitem2032327155-45fd0000019c9f308bec0a8134f0_4368_5824.jpg",,,,Best budget,,,,0,false,false,true,false,,42,"{""Litbuy"":""https://litbuy.com/product/weidian/7765934517?linkSearch=true&inviteCode=PKMR"",""USFans"":""https://www.usfans.com/product/3/7765934517?ref=5FTXZW"",""Kakobuy"":""https://item.kakobuy.com/item/details?url=https%3A%2F%2Fweidian.com%2Fitem.html%3FitemID%3D7765934517&affcode=six7n"",""Kakaobuy"":""https://item.kakobuy.com/item/details?url=https%3A%2F%2Fweidian.com%2Fitem.html%3FitemID%3D7765934517""}"
352b29c3-f4c5-43ad-991a-75b6c073d6dc,Lego Star Wars,Lego,320.4,579.99,https://si.geilicdn.com/wdseller1812657741-1d230000019971b42d4f0a2315ef_800_800.jpg,"https://si.geilicdn.com/ch1812657741-01da0000019835da16030a21146b_1122_1122.jpg, https://si.geilicdn.com/pcitem1812657741-16d00000019b1164173e0a811411_1440_1080.jpg, https://si.geilicdn.com/pcitem1812657741-3e860000019b11641d2e0a20e273_1440_1080.jpg, https://si.geilicdn.com/pcitem1812657741-4d510000019b116425f90a230115_1440_1080.jpg, https://si.geilicdn.com/pcitem1812657741-4f6a0000019b116420cf0a2301b4_1440_1080.jpg, https://si.geilicdn.com/pcitem1812657741-55010000019b11642b5a0a23057e_1440_1080.jpg, https://si.geilicdn.com/ch1812657741-3ec60000019835da156c0a239646_1290_1612.jpg, https://si.geilicdn.com/ch1812657741-110f0000019835da184f0a231316_1440_1920.jpg, https://si.geilicdn.com/ch1812657741-39e10000019835da18840a2395e5_1440_1920.jpg, https://si.geilicdn.com/ch1812657741-39280000019835da188a0a2303ee_1920_1440.jpg, https://si.geilicdn.com/ch1812657741-10780000019835da18840a20e2c5_1440_1920.jpg, https://si.geilicdn.com/ch1812657741-112e0000019835da188b0a2304aa_1440_1920.jpg, https://si.geilicdn.com/pcitem1812657741-4e040000019b1164234d0a23047e_1440_1080.jpg, https://si.geilicdn.com/pcitem1812657741-28100000019b116428900a2304aa_1440_1080.jpg, https://si.geilicdn.com/pcitem1812657741-731b0000019ab5b6626d0a81347d_1920_1440.jpg, https://si.geilicdn.com/wdseller1812657741-21aa0000019835e458090a2102b1_1824_1827.jpg, https://si.geilicdn.com/wdseller1812657741-0baa0000019b0caafb630a8133cc_1280_1280.jpg, https://si.geilicdn.com/wdseller1812657741-1c4b0000019971ba2e1f0a81347d_800_800.jpg, https://si.geilicdn.com/wdseller1812657741-7aec0000019a5dae1b1c0a20e284_1200_1200.jpg, https://si.geilicdn.com/wdseller1812657741-14db00000199718875bc0a2315ef_901_900.jpg",,,,Best,,,,0,false,false,true,false,,42,"{""Litbuy"":""https://litbuy.com/product/weidian/7674839628?linkSearch=true&inviteCode=PKMR"",""USFans"":""https://www.usfans.com/product/3/7674839628?ref=5FTXZW"",""Kakobuy"":""https://item.kakobuy.com/item/details?url=https%3A%2F%2Fweidian.com%2Fitem.html%3FitemID%3D7674839628&affcode=six7n"",""Kakaobuy"":""https://item.kakobuy.com/item/details?url=https%3A%2F%2Fweidian.com%2Fitem.html%3FitemID%3D7674839628""}"
5ae6f0f3-e387-4945-9455-4c105c7ee7c4,Chrome Hearts carpet,Room,17.13,31.01,https://cbu01.alicdn.com/img/ibank/O1CN0133ksrP1FJ1DK3zX1V_!!2218499290465-0-cib.jpg,"https://cbu01.alicdn.com/img/ibank/O1CN0133ksrP1FJ1DK3zX1V_!!2218499290465-0-cib.jpg, https://cbu01.alicdn.com/img/ibank/O1CN01D38T561FJ1DGjdPeX_!!2218499290465-0-cib.jpg, https://cbu01.alicdn.com/img/ibank/O1CN0119EOqn1FJ1DJD4zS6_!!2218499290465-0-cib.jpg, https://cbu01.alicdn.com/img/ibank/O1CN01XXgjis1FJ1DKYxqbK_!!2218499290465-0-cib.jpg, https://cbu01.alicdn.com/img/ibank/O1CN01GMK3Li1FJ1DIoQ8Lm_!!2218499290465-0-cib.jpg, https://cbu01.alicdn.com/img/ibank/O1CN01HBtFxz1FJ1DKxDFuH_!!2218499290465-0-cib.jpg",,,,Best,,,,0,false,false,true,false,,42,"{""Litbuy"":""https://litbuy.com/product/0/902577464830?linkSearch=true&inviteCode=PKMR"",""USFans"":""https://www.usfans.com/product/1/902577464830?ref=5FTXZW"",""Kakobuy"":""https://item.kakobuy.com/item/details?url=https%3A%2F%2Fdetail.1688.com%2Foffer%2F902577464830.html&affcode=six7n"",""Kakaobuy"":""https://item.kakobuy.com/item/details?url=https%3A%2F%2Fdetail.1688.com%2Foffer%2F902577464830.html""}"
93e5caed-f101-494f-9e23-f9539dcd1093,Dior hoodie zip,Bluzy,319.85,579,https://si.geilicdn.com/pcitem1678115151-675e0000019c39f7cb400a81347d_1080_1080.jpg,"https://si.geilicdn.com/pcitem1678115151-675e0000019c39f7cb400a81347d_1080_1080.jpg, https://si.geilicdn.com/pcitem1678115151-707f0000019c39f7ccbb0a230115_417_191.jpg",,,,Best btach,,"XS, S, M, L",,0,false,false,true,false,,42,"{""Litbuy"":""https://litbuy.com/product/weidian/7689243057?linkSearch=true&inviteCode=PKMR"",""USFans"":""https://www.usfans.com/product/3/7689243057?ref=5FTXZW"",""Kakobuy"":""https://item.kakobuy.com/item/details?url=https%3A%2F%2Fweidian.com%2Fitem.html%3FitemID%3D7689243057&affcode=six7n"",""Kakaobuy"":""https://item.kakobuy.com/item/details?url=https%3A%2F%2Fweidian.com%2Fitem.html%3FitemID%3D7689243057""}"
a1e97c69-3bc6-4881-866c-fefbb197589c,Virginia Creeper hoodie,Bluzy,138.11,250.01,/api/public/product-image?path=products/1786929191542-82ovmsyw9s5.png,,,https://swaggymade.x.yupoo.com/albums/219849299?uid=1&isSubCate=false&referrercate=5222675,,Best batch,,"S, M, L, XL",,0,false,false,true,false,,42,"{""Litbuy"":""https://litbuy.com/product/1/1003479480743?linkSearch=true&inviteCode=PKMR"",""USFans"":""https://www.usfans.com/product/2/1003479480743?ref=5FTXZW"",""Kakobuy"":""https://item.kakobuy.com/item/details?url=https%3A%2F%2Fitem.taobao.com%2Fitem.htm%3Fid%3D1003479480743&affcode=six7n""}"
7a536177-5081-4375-9b18-df93ef04d587,CDG long sleeve,Koszulki,88.39,160,https://img.alicdn.com/bao/uploaded/i1/2221369795952/O1CN01Wcsiot1tq4UqoXzfl_!!2221369795952.jpg,,,,,Best batch,,"S, M, L, XL, XXL",,0,false,false,true,false,,42,"{""Litbuy"":""https://litbuy.com/product/1/8?linkSearch=true&inviteCode=PKMR"",""USFans"":""https://www.usfans.com/product/2/8kMmE9nPpZ02QDe2x--mhm_jBZP9JJ-wRzt7AAkZicsKOucEP4BTeAQ?ref=5FTXZW"",""Kakobuy"":""https://item.kakobuy.com/item/details?url=https%3A%2F%2Fitem.taobao.com%2Fitem.htm%3Fid%3D8&affcode=six7n"",""Kakaobuy"":""https://item.kakobuy.com/item/details?url=https%3A%2F%2Fitem.taobao.com%2Fitem.htm%3Fft%3Dt%26id%3D1006676929772""}"
b748892d-1334-4469-8c20-6095a3929467,Lego logo,Lego,212.68,385,https://si.geilicdn.com/wdseller1812657741-21aa0000019835e458090a2102b1_1824_1827.jpg,"https://si.geilicdn.com/ch1812657741-01da0000019835da16030a21146b_1122_1122.jpg, https://si.geilicdn.com/pcitem1812657741-16d00000019b1164173e0a811411_1440_1080.jpg, https://si.geilicdn.com/pcitem1812657741-3e860000019b11641d2e0a20e273_1440_1080.jpg, https://si.geilicdn.com/pcitem1812657741-4d510000019b116425f90a230115_1440_1080.jpg, https://si.geilicdn.com/pcitem1812657741-4f6a0000019b116420cf0a2301b4_1440_1080.jpg, https://si.geilicdn.com/pcitem1812657741-55010000019b11642b5a0a23057e_1440_1080.jpg, https://si.geilicdn.com/ch1812657741-3ec60000019835da156c0a239646_1290_1612.jpg, https://si.geilicdn.com/ch1812657741-110f0000019835da184f0a231316_1440_1920.jpg, https://si.geilicdn.com/ch1812657741-39e10000019835da18840a2395e5_1440_1920.jpg, https://si.geilicdn.com/ch1812657741-39280000019835da188a0a2303ee_1920_1440.jpg, https://si.geilicdn.com/ch1812657741-10780000019835da18840a20e2c5_1440_1920.jpg, https://si.geilicdn.com/ch1812657741-112e0000019835da188b0a2304aa_1440_1920.jpg, https://si.geilicdn.com/pcitem1812657741-4e040000019b1164234d0a23047e_1440_1080.jpg, https://si.geilicdn.com/pcitem1812657741-28100000019b116428900a2304aa_1440_1080.jpg, https://si.geilicdn.com/pcitem1812657741-731b0000019ab5b6626d0a81347d_1920_1440.jpg, https://si.geilicdn.com/wdseller1812657741-21aa0000019835e458090a2102b1_1824_1827.jpg, https://si.geilicdn.com/wdseller1812657741-0baa0000019b0caafb630a8133cc_1280_1280.jpg, https://si.geilicdn.com/wdseller1812657741-1c4b0000019971ba2e1f0a81347d_800_800.jpg, https://si.geilicdn.com/wdseller1812657741-7aec0000019a5dae1b1c0a20e284_1200_1200.jpg, https://si.geilicdn.com/wdseller1812657741-14db00000199718875bc0a2315ef_901_900.jpg",,,,Best,,,,0,false,false,true,false,,42,"{""Litbuy"":""https://litbuy.com/product/weidian/7674839628?linkSearch=true&inviteCode=PKMR"",""USFans"":""https://www.usfans.com/product/3/7674839628?ref=5FTXZW"",""Kakobuy"":""https://item.kakobuy.com/item/details?url=https%3A%2F%2Fweidian.com%2Fitem.html%3FitemID%3D7674839628&affcode=six7n"",""Kakaobuy"":""https://item.kakobuy.com/item/details?url=https%3A%2F%2Fweidian.com%2Fitem.html%3FitemID%3D7674839628""}"
45bab243-e336-4141-9e8f-b19e4d8ecbba,Ralph Hoodie budget,Bluzy,65,117.66,https://si.geilicdn.com/open1878930789-1234478995-206e0000019a4f22f2a30a231226_1920_1920.jpg,"https://si.geilicdn.com/open1878930789-1234478995-206e0000019a4f22f2a30a231226_1920_1920.jpg, https://si.geilicdn.com/open1878930789-1234478995-17bf0000019a4f22f9de0a8133b0_1280_1280.jpg, https://si.geilicdn.com/open1878930789-1234478995-17c30000019a4f22fd4a0a8133b0_1281_1280.jpg, https://si.geilicdn.com/open1878930789-1234478995-203c0000019a4f23005e0a22d249_1280_1280.jpg, https://si.geilicdn.com/open1878930789-1234478995-1f2f0000019a4f2302cd0a23b4de_1280_1280.jpg, https://si.geilicdn.com/open1878930789-1234478995-149b0000019a4f2306770a8115c2_1280_1280.jpg, https://si.geilicdn.com/open1878930789-1234478995-20400000019a4f230a570a22d249_1280_1280.jpg, https://si.geilicdn.com/open1878930789-1234478995-1f330000019a4f230cdf0a23b4de_1280_1280.jpg, https://si.geilicdn.com/open1878930789-1234478995-149f0000019a4f230fc50a8115c2_1280_1280.jpg, https://si.geilicdn.com/open1878930789-1234478995-18a00000019a4f23138e0a23b491_1920_1920.jpg, https://si.geilicdn.com/open1878930789-1234478995-365f0000019a4f2318670aa081c2_1920_1920.jpg, https://si.geilicdn.com/open1878930789-1234478995-382d0000019a4f231c780aa086a7_1281_1280.jpg, https://si.geilicdn.com/open1878930789-1234478995-18a60000019a4f231f4c0a23b491_1281_1280.jpg, https://si.geilicdn.com/open1878930789-1234478995-36610000019a4f2322780aa081c2_1280_1280.jpg, https://si.geilicdn.com/open1878930789-1234478995-382f0000019a4f2325f60aa086a7_1280_1280.jpg, https://si.geilicdn.com/open1878930789-1234478995-207e0000019a4f2329540a231226_1920_1920.jpg, https://si.geilicdn.com/open1878930789-1234478995-17d50000019a4f232d5f0a8133b0_1920_1920.jpg, https://si.geilicdn.com/open1878930789-1234478995-204e0000019a4f2333750a22d249_1920_1920.jpg, https://si.geilicdn.com/open1878930789-1234478995-1f3f0000019a4f2337f30a23b4de_1920_1920.jpg, https://si.geilicdn.com/open1878930789-1234478995-20840000019a4f233d1f0a231226_1920_1920.jpg",,,,best,,,,0,false,false,true,false,,43,"{""Litbuy"":""https://litbuy.com/product/weidian/7823449798?linkSearch=true&inviteCode=PKMR"",""USFans"":""https://www.usfans.com/product/3/7823449798?ref=5FTXZW"",""Kakobuy"":""https://item.kakobuy.com/item/details?url=https%3A%2F%2Fweidian.com%2Fitem.html%3FitemID%3D7823449798&affcode=six7n""}"
180993a3-ce16-4497-9b7d-32c9979683ac,Bape carpets,Room,37.01,67,https://cbu01.alicdn.com/img/ibank/O1CN01z7I0SE1XLuW8QFtcO_!!2212186872908-0-cib.jpg,"https://cbu01.alicdn.com/img/ibank/O1CN01z7I0SE1XLuW8QFtcO_!!2212186872908-0-cib.jpg, https://cbu01.alicdn.com/img/ibank/O1CN01JB9hHJ1XLuW4dLTqq_!!2212186872908-0-cib.jpg, https://cbu01.alicdn.com/img/ibank/O1CN01IU55IZ1XLuVzCu8g2_!!2212186872908-0-cib.jpg, https://cbu01.alicdn.com/img/ibank/O1CN01AteBSo1XLuW9E5xdx_!!2212186872908-0-cib.jpg, https://cbu01.alicdn.com/img/ibank/O1CN01J3IN5c1XLuW9E7AVP_!!2212186872908-0-cib.jpg, https://cbu01.alicdn.com/img/ibank/O1CN01I2ODMI1XLuo48Ni1l_!!2212186872908-0-cib.jpg, https://cbu01.alicdn.com/img/ibank/O1CN01hchBTk1XLurEedU1M_!!2212186872908-0-cib.jpg, https://cbu01.alicdn.com/img/ibank/O1CN01J0F8Bs1XLut2QF3KY_!!2212186872908-0-cib.jpg, https://cbu01.alicdn.com/img/ibank/O1CN01a6UE001XLut20t4F0_!!2212186872908-0-cib.jpg",,,,Best,,,,0,false,false,true,false,,43,"{""Litbuy"":""https://litbuy.com/product/0/675396182544?linkSearch=true&inviteCode=PKMR"",""USFans"":""https://www.usfans.com/product/1/675396182544?ref=5FTXZW"",""Kakobuy"":""https://item.kakobuy.com/item/details?url=https%3A%2F%2Fdetail.1688.com%2Foffer%2F675396182544.html&affcode=six7n"",""Kakaobuy"":""https://ikako.vip/ks52c""}"
a9c6711c-d8a6-48da-9856-32615fdbcd8a,CDG tee,Koszulki,66.29,120,https://img.alicdn.com/bao/uploaded/i4/2220706226099/O1CN01uJjCUw1uvOh7Uc9jf_!!2220706226099.jpg,,,,,Best batch,,"S, M, L, XL, XXL",,0,false,false,true,false,,43,"{""Litbuy"":""https://litbuy.com/product/1/974427059839?linkSearch=true&inviteCode=PKMR"",""USFans"":""https://www.usfans.com/product/2/uwyJrEitqzYr05qeK4cK1k7gFjItOgoV0L65n6lkfB_8pVxpMMSS1g?ref=5FTXZW"",""Kakaobuy"":""https://item.kakobuy.com/item/details?url=https%3A%2F%2Fitem.taobao.com%2Fitem.htm%3Fft%3Dt%26id%3D974427059839""}"
ae41e86f-bdfd-4931-a43e-e7830ae86885,Rolex clock,Room,78.44,141.99,https://cbu01.alicdn.com/img/ibank/O1CN01Svt8wh2F19wxFFF1L_!!2219471478819-0-cib.jpg,"https://cbu01.alicdn.com/img/ibank/O1CN01Svt8wh2F19wxFFF1L_!!2219471478819-0-cib.jpg, https://cbu01.alicdn.com/img/ibank/O1CN01QikXgg2F19wxtreKN_!!2219471478819-0-cib.jpg, https://cbu01.alicdn.com/img/ibank/O1CN01Cyg0YO2F19wxPwk1g_!!2219471478819-0-cib.jpg, https://cbu01.alicdn.com/img/ibank/O1CN01tdMoIJ2F19wvzHxYa_!!2219471478819-0-cib.jpg, https://cbu01.alicdn.com/img/ibank/O1CN01rIqWG62F19x5HmKpT_!!2219471478819-0-cib.jpg, https://cbu01.alicdn.com/img/ibank/O1CN012JtvJu2F1A1t7ktUx_!!2219471478819-0-cib.jpg, https://cbu01.alicdn.com/img/ibank/O1CN016XQsly2F1A1yTGyV8_!!2219471478819-0-cib.jpg, https://cbu01.alicdn.com/img/ibank/O1CN015Kck0Y2F19wZMZ2i4_!!2219471478819-0-cib.jpg, https://cbu01.alicdn.com/img/ibank/O1CN01Yc6jkR2F19wZMZVqK_!!2219471478819-0-cib.jpg, https://cbu01.alicdn.com/img/ibank/O1CN01JNVTMO2F19wycawZ2_!!2219471478819-0-cib.jpg, https://cbu01.alicdn.com/img/ibank/O1CN01M3RGaH2F19wX8d6AD_!!2219471478819-0-cib.jpg, https://cbu01.alicdn.com/img/ibank/O1CN01klKOwE2F19wYvHef1_!!2219471478819-0-cib.jpg, https://cbu01.alicdn.com/img/ibank/O1CN011HmDtI2F19wZMamkU_!!2219471478819-0-cib.jpg, https://cbu01.alicdn.com/img/ibank/O1CN018JAfm62F19wS5a0Rt_!!2219471478819-0-cib.jpg, https://cbu01.alicdn.com/img/ibank/O1CN013bCBHE2F19wZCWydv_!!2219471478819-0-cib.jpg, https://cbu01.alicdn.com/img/ibank/O1CN01Pi16Li2F19wYyCxgo_!!2219471478819-0-cib.jpg, https://cbu01.alicdn.com/img/ibank/O1CN01eudapZ2F19wZm7M52_!!2219471478819-0-cib.jpg, https://cbu01.alicdn.com/img/ibank/O1CN01eQdLiv2F19wZnvKi3_!!2219471478819-0-cib.jpg, https://cbu01.alicdn.com/img/ibank/O1CN01yONaPq2F19wX1okny_!!2219471478819-0-cib.jpg, https://cbu01.alicdn.com/img/ibank/O1CN01Pp7a2Y2F19wZntaZY_!!2219471478819-0-cib.jpg",,,,Best,,,,0,false,false,true,false,,43,"{""Litbuy"":""https://litbuy.com/product/0/910460277420?linkSearch=true&inviteCode=PKMR"",""USFans"":""https://www.usfans.com/product/1/910460277420?ref=5FTXZW"",""Kakobuy"":""https://item.kakobuy.com/item/details?url=https%3A%2F%2Fdetail.1688.com%2Foffer%2F910460277420.html&affcode=six7n"",""Kakaobuy"":""https://item.kakobuy.com/item/details?url=https%3A%2F%2Fdetail.1688.com%2Foffer%2F910460277420.html""}"
d91cfb54-dd5f-444a-a96d-472b02f3dd70,Air Force 1 low,Buty,54.69,99,https://si.geilicdn.com/wdseller1416021268-2f520000018b11a2dd900a2313a2_1080_720.jpg,"https://si.geilicdn.com/wdseller1416021268-2f520000018b11a2dd900a2313a2_1080_720.jpg, https://si.geilicdn.com/wdseller1416021268-2cee0000018b11a2dda60a207569_1080_720.jpg, https://si.geilicdn.com/wdseller1416021268-30750000018b11a2df9b0a20e672_1080_670.jpg, https://si.geilicdn.com/wdseller1416021268-2ff10000018b11a2dfd10a231447_1080_810.jpg, https://si.geilicdn.com/wdseller1416021268-2d480000018b11a2dda60a231418_1284_964.jpg, https://si.geilicdn.com/pcitem1416021268-2f450000018b11a0ded30a20e273_1098_1098.jpg",,,,Best budget,,,,0,false,true,true,false,,43,"{""Litbuy"":""https://litbuy.com/product/weidian/5614700333?linkSearch=true&inviteCode=PKMR"",""USFans"":""https://www.usfans.com/product/3/5614700333?ref=5FTXZW"",""Kakobuy"":""https://item.kakobuy.com/item/details?url=https%3A%2F%2Fweidian.com%2Fitem.html%3FitemID%3D5614700333&affcode=six7n"",""Kakaobuy"":""https://item.kakobuy.com/item/details?url=https%3A%2F%2Fweidian.com%2Fitem.html%3FitemID%3D5614700333&affcode=six7n""}"
2a78fdae-0703-4e06-80f2-3ea176f4dbba,ASUS TUF 5090,Elektronika,187.82,339.99,https://si.geilicdn.com/pcitem1863556860-45710000019e2a977d100a23038e_1000_1000.jpg,"https://si.geilicdn.com/pcitem1863556860-61950000019ddd22719e0a21146b_1284_1278.jpg, https://si.geilicdn.com/pcitem1863556860-37470000019bbfa574990a2304aa_1280_1280.jpg, https://si.geilicdn.com/pcitem1863556860-2d0d0000019bbfa576ed0a20e2c5_2670_2670.jpg, https://si.geilicdn.com/pcitem1863556860-5b0b0000019bbfa57c770a23038e_1280_1280.jpg, https://si.geilicdn.com/pcitem1863556860-516d0000019bbfa57e330a20e7c7_1280_1280.jpg, https://si.geilicdn.com/pcitem1863556860-5e4f0000019bbfa580240a23037f_1280_1280.jpg, https://si.geilicdn.com/pcitem1863556860-672b0000019bbfa582300a2303ee_1280_1280.jpg, https://si.geilicdn.com/pcitem1863556860-66800000019bbfa583c40a23111a_1280_1280.jpg, https://si.geilicdn.com/pcitem1863556860-37cc0000019e2a9565b70a230115_1000_1000.jpg, https://si.geilicdn.com/pcitem1923191567-71830000019cb1bd11110a20e284_1284_1280.jpg, https://si.geilicdn.com/pcitem1863556860-13a70000019e2aa3f7e80a811411_1000_1000.jpg, https://si.geilicdn.com/pcitem1923191567-5db70000019cb1bcf2160a239846_1284_1277.jpg, https://si.geilicdn.com/pcitem1863556860-0ec10000019e2a9afa8b0a811411_1280_1280.jpg, https://si.geilicdn.com/pcitem1923191567-7bd10000019cb1b9a3500a230115_1284_1277.jpg, https://si.geilicdn.com/pcitem1863556860-50d50000019e2a93579c0a23041a_1000_1000.jpg, https://si.geilicdn.com/pcitem1923191567-78c90000019cb1cac7c00a20e284_1284_1274.jpg, https://si.geilicdn.com/pcitem1863556860-45710000019e2a977d100a23038e_1000_1000.jpg, https://si.geilicdn.com/pcitem1863556860-302c0000019e2a94a99b0a2102c5_1000_1000.jpg, https://si.geilicdn.com/pcitem1923191567-6a5e0000019cb1c4b5c90a20e7c7_1284_1020.jpg, https://si.geilicdn.com/pcitem1863556860-40c20000019e2aa31f560a20e284_1000_1000.jpg",,,,Best,,,,0,false,false,true,false,,43,"{""Litbuy"":""https://litbuy.com/product/weidian/7773227498?linkSearch=true&inviteCode=PKMR"",""USFans"":""https://www.usfans.com/product/3/7773227498?ref=5FTXZW"",""Kakobuy"":""https://item.kakobuy.com/item/details?url=https%3A%2F%2Fweidian.com%2Fitem.html%3FitemID%3D7773227498&affcode=six7n"",""Kakaobuy"":""https://item.kakobuy.com/item/details?url=https%3A%2F%2Fweidian.com%2Fitem.html%3FitemID%3D7773227498""}"
3e8073fe-0f6c-448b-a821-726c67146e03,Nike Zoom Vomero 5 Many Colors,Buty,113,204.55,https://si.geilicdn.com/open1760924864-1234478995-01cc00000195d2ec6d720a22d249-unadjust_750_750.png,"https://si.geilicdn.com/open1760924864-1234478995-01cc00000195d2ec6d720a22d249-unadjust_750_750.png, https://si.geilicdn.com/open1760924864-1234478995-74e900000195d2ec77480a23b491_1284_1707.jpg, https://si.geilicdn.com/open1760924864-1234478995-09e900000195d2ec82b60aa0834c_1284_1711.jpg, https://si.geilicdn.com/open1760924864-1234478995-07bd00000195d2ec955e0a8115c2_1283_1705.jpg, https://si.geilicdn.com/open1760924864-1234478995-09ff00000195d2eca6020aa0834c_1284_1709.jpg, https://si.geilicdn.com/open1760924864-1234478995-750f00000195d2ecb8540a23b491_1284_1701.jpg, https://si.geilicdn.com/open1760924864-1234478995-706b00000195d2ecc02a0a231226_955_955.jpg, https://si.geilicdn.com/open1760924864-1234478995-12a500000195d2ecc3610a23b4de_956_955.jpg, https://si.geilicdn.com/open1760924864-1234478995-0f4e00000195d2ecc6f10a8133b0_960_958.jpg, https://si.geilicdn.com/open1760924864-1234478995-0a1d00000195d2ecc8f40aa0834c_960_960.jpg, https://si.geilicdn.com/open1760924864-1234478995-07e700000195d2eccb500a8115c2_955_955.jpg, https://si.geilicdn.com/open1760924864-1234478995-048500000195d2eccee60aa08290_956_953.jpg, https://si.geilicdn.com/open1760924864-1234478995-12b100000195d2ecd1890a23b4de_960_958.jpg, https://si.geilicdn.com/open1760924864-1234478995-0f5c00000195d2ecd62f0a8133b0_960_958.jpg, https://si.geilicdn.com/open1760924864-1234478995-0a2700000195d2ecd8700aa0834c_960_959.jpg, https://si.geilicdn.com/open1760924864-1234478995-07f300000195d2ecdb140a8115c2_960_959.jpg, https://si.geilicdn.com/open1760924864-1234478995-022a00000195d2ecdf100a22d249_960_958.jpg, https://si.geilicdn.com/open1760924864-1234478995-708f00000195d2ece17d0a231226_960_959.jpg, https://si.geilicdn.com/open1760924864-1234478995-023000000195d2ece3ed0a22d249_960_959.jpg, https://si.geilicdn.com/open1760924864-1234478995-754300000195d2ece5b60a23b491_956_955.jpg",,,,best,,,,0,false,false,true,false,,43,"{""Litbuy"":""https://litbuy.com/product/weidian/7701630244?linkSearch=true&inviteCode=PKMR"",""USFans"":""https://www.usfans.com/product/3/7701630244?ref=5FTXZW"",""Kakobuy"":""https://item.kakobuy.com/item/details?url=https%3A%2F%2Fweidian.com%2Fitem.html%3FitemID%3D7701630244&affcode=six7n""}"
468f1a36-14d3-4802-9ce2-410c16b888e3,alo raincoach,Kurtki przeciwdeszczowe,69.05,125,https://si.geilicdn.com/wdseller1489596767-06640000019fb5986c770a20e672_640_640.jpg,,,,,Best batch,,"M, L, XL, XXL, 3XL",,0,false,false,true,false,,44,"{""Litbuy"":""https://litbuy.com/product/weidian/7815633207?linkSearch=true&inviteCode=PKMR"",""USFans"":""https://www.usfans.com/product/3/7815633207?ref=5FTXZW"",""Kakobuy"":""https://item.kakobuy.com/item/details?url=https%3A%2F%2Fweidian.com%2Fitem.html%3FitemID%3D7815633207&affcode=six7n"",""Kakaobuy"":""https://item.kakobuy.com/item/details?url=https%3A%2F%2Fshop1735969156.v.weidian.com%2Fitem.html%3FitemID%3D7815633207""}"
8826cbec-9e5e-4b72-bfcd-df6856ede8e6,Rough Play Longsleeve Tee,Koszulki,52,94.13,https://cbu01.alicdn.com/img/ibank/O1CN01fUMNNp1NJUc8lqZng_!!2219724861549-0-cib.jpg,"https://cbu01.alicdn.com/img/ibank/O1CN01fUMNNp1NJUc8lqZng_!!2219724861549-0-cib.jpg, https://cbu01.alicdn.com/img/ibank/O1CN01y3FSmm1NJUc8lopgo_!!2219724861549-0-cib.jpg, https://cbu01.alicdn.com/img/ibank/O1CN01t3T39t1NJUc8HFPoD_!!2219724861549-0-cib.jpg, https://cbu01.alicdn.com/img/ibank/O1CN01tqmifk1NJUc9izIFM_!!2219724861549-0-cib.jpg, https://cbu01.alicdn.com/img/ibank/O1CN01oPYRoz1NJUc8xWpMs_!!2219724861549-0-cib.jpg, https://cbu01.alicdn.com/img/ibank/O1CN01HkTZTf1NJUc9xiTaT_!!2219724861549-0-cib.jpg",,,,random,,"S, M, L, XL",,0,false,false,false,false,,44,"{""Litbuy"":""https://litbuy.com/product/0/998805830422?linkSearch=true&inviteCode=PKMR"",""USFans"":""https://www.usfans.com/product/1/998805830422?ref=5FTXZW"",""Kakobuy"":""https://item.kakobuy.com/item/details?url=https%3A%2F%2Fdetail.1688.com%2Foffer%2F998805830422.html&affcode=six7n""}"
e0d86960-963b-47f9-9fdb-2c0d88d473c5,Lego Star Wars,Lego,489.45,886.01,https://si.geilicdn.com/pcitem1812657741-56290000019b1173ef4a0a2301b4_800_800.jpg,"https://si.geilicdn.com/ch1812657741-01da0000019835da16030a21146b_1122_1122.jpg, https://si.geilicdn.com/pcitem1812657741-16d00000019b1164173e0a811411_1440_1080.jpg, https://si.geilicdn.com/pcitem1812657741-3e860000019b11641d2e0a20e273_1440_1080.jpg, https://si.geilicdn.com/pcitem1812657741-4d510000019b116425f90a230115_1440_1080.jpg, https://si.geilicdn.com/pcitem1812657741-4f6a0000019b116420cf0a2301b4_1440_1080.jpg, https://si.geilicdn.com/pcitem1812657741-55010000019b11642b5a0a23057e_1440_1080.jpg, https://si.geilicdn.com/ch1812657741-3ec60000019835da156c0a239646_1290_1612.jpg, https://si.geilicdn.com/ch1812657741-110f0000019835da184f0a231316_1440_1920.jpg, https://si.geilicdn.com/ch1812657741-39e10000019835da18840a2395e5_1440_1920.jpg, https://si.geilicdn.com/ch1812657741-39280000019835da188a0a2303ee_1920_1440.jpg, https://si.geilicdn.com/ch1812657741-10780000019835da18840a20e2c5_1440_1920.jpg, https://si.geilicdn.com/ch1812657741-112e0000019835da188b0a2304aa_1440_1920.jpg, https://si.geilicdn.com/pcitem1812657741-4e040000019b1164234d0a23047e_1440_1080.jpg, https://si.geilicdn.com/pcitem1812657741-28100000019b116428900a2304aa_1440_1080.jpg, https://si.geilicdn.com/pcitem1812657741-731b0000019ab5b6626d0a81347d_1920_1440.jpg, https://si.geilicdn.com/wdseller1812657741-21aa0000019835e458090a2102b1_1824_1827.jpg, https://si.geilicdn.com/wdseller1812657741-0baa0000019b0caafb630a8133cc_1280_1280.jpg, https://si.geilicdn.com/wdseller1812657741-1c4b0000019971ba2e1f0a81347d_800_800.jpg, https://si.geilicdn.com/wdseller1812657741-7aec0000019a5dae1b1c0a20e284_1200_1200.jpg, https://si.geilicdn.com/wdseller1812657741-14db00000199718875bc0a2315ef_901_900.jpg",,,,Best,,,,0,false,false,true,false,,44,"{""Litbuy"":""https://litbuy.com/product/weidian/7674839628?linkSearch=true&inviteCode=PKMR"",""USFans"":""https://www.usfans.com/product/3/7674839628?ref=5FTXZW"",""Kakobuy"":""https://item.kakobuy.com/item/details?url=https%3A%2F%2Fweidian.com%2Fitem.html%3FitemID%3D7674839628&affcode=six7n"",""Kakaobuy"":""https://item.kakobuy.com/item/details?url=https%3A%2F%2Fweidian.com%2Fitem.html%3FitemID%3D7674839628""}"
d21b563d-e88d-45e6-85ca-eaa69fced601,Supreme CDG long sleeve,Koszulki,49.72,90,/api/public/product-image?path=products/1786928888550-ycs53d96lm.jpeg,,,,,Best batch,,"S, M, L, XL",,0,false,false,true,false,,44,"{""Litbuy"":""https://litbuy.com/product/1/1038995960347?linkSearch=true&inviteCode=PKMR"",""USFans"":""https://www.usfans.com/product/2/Kop6ap_pfq0JH6LXk1c5CEVoWAT342VBY4DdrEO6yXo243wiagY_2Cw?ref=5FTXZW"",""Kakaobuy"":""https://ikako.vip/6hfeh""}"
75147bba-911d-4088-93ad-57be51b8b695,Chrome Hearts,Room,176.77,319.99,https://img.alicdn.com/bao/uploaded/i2/1822521250/O1CN01PAGVye1L6XyKGHqI1_!!1822521250.png,,,,,Best,,,,0,false,false,true,false,,44,"{""USFans"":""https://www.usfans.com/product/2/Yj12Bx4GXRfeAnLDQiIubaAC_HNyW9HvlIMYz3w_DfDsXxt2iChjaQ?ref=5FTXZW"",""Kakaobuy"":""https://ikako.vip/hcwx8""}"
9bab799a-1e98-462b-9e02-74eaed7a282e,"Derschutze Baggy Jeans ""Awakening V2""",Spodnie,99,179.21,https://si.geilicdn.com/wdseller1940384309-7ffb0000019658dff4000a2303ea_1284_1284.jpg,https://si.geilicdn.com/wdseller1940384309-7ffb0000019658dff4000a2303ea_1284_1284.jpg,,,,best,the fit TTS (true to size),,,0,false,false,true,false,,44,"{""Litbuy"":""https://litbuy.com/product/weidian/7448239555?linkSearch=true&inviteCode=PKMR"",""USFans"":""https://www.usfans.com/product/3/7448239555?ref=5FTXZW"",""Kakobuy"":""https://item.kakobuy.com/item/details?url=https%3A%2F%2Fweidian.com%2Fitem.html%3FitemID%3D7448239555&affcode=six7n""}"
66474bee-d31f-4ce0-8eee-2b3192a114f4,Palace Tshirts,Koszulki,81.76,148,https://si.geilicdn.com/pcitem2064447429-4d890000019f7e48e07d0a2103bd_1080_1620.jpg,"https://si.geilicdn.com/pcitem2064447429-4d890000019f7e48e07d0a2103bd_1080_1620.jpg, https://si.geilicdn.com/pcitem2064447429-28ca0000019f7e48f9f40a2102c5-unadjust_235_173.png, https://si.geilicdn.com/pcitem2064447429-35780000019f7e48e2ec0a23037f_1080_1620.jpg, https://si.geilicdn.com/pcitem2064447429-1c670000019f7e48e55b0a20e2c5_1080_1620.jpg, https://si.geilicdn.com/pcitem2064447429-0c980000019f7e48e8070a20e672_1080_1620.jpg, https://si.geilicdn.com/pcitem2064447429-35820000019f7e48ead00a23037f_1080_1620.jpg, https://si.geilicdn.com/pcitem2064447429-24270000019f7e48ecf30a207569_1080_1620.jpg, https://si.geilicdn.com/pcitem2064447429-1c730000019f7e48ef1d0a20e2c5_1080_1620.jpg, https://si.geilicdn.com/pcitem2064447429-37be0000019f7e48f16d0a23038e_1080_1620.jpg, https://si.geilicdn.com/pcitem2064447429-348e0000019f7e48f39b0a23047e_1080_1620.jpg, https://si.geilicdn.com/pcitem2064447429-51700000019f7e48f5fb0a2394a4_1080_1620.jpg, https://si.geilicdn.com/pcitem2064447429-79760000019f7e48f7e30a20e273_1080_1620.jpg",,,,best,,"S, M, L, XL",,0,false,false,false,false,,44,"{""Litbuy"":""https://litbuy.com/product/weidian/7820407171?linkSearch=true&inviteCode=PKMR"",""USFans"":""https://www.usfans.com/product/3/7820407171?ref=5FTXZW"",""Kakobuy"":""https://item.kakobuy.com/item/details?url=https%3A%2F%2Fweidian.com%2Fitem.html%3FitemID%3D7820407171&affcode=six7n""}"
68592516-08c7-4d5a-803d-78c52bf82d41,GUCCI GORRA,Akcesoria,69.99,126.7,https://si.geilicdn.com/open1659999653-252808396-149000000193c453c9670aa0834c_800_800.jpg,"https://si.geilicdn.com/open1659999653-252808396-149000000193c453c9670aa0834c_800_800.jpg, https://si.geilicdn.com/open1659999653-252808396-794400000193c453cde50a22d234_800_800.jpg, https://si.geilicdn.com/open1659999653-252808396-0afe00000193c453d2010a210559_800_800.jpg, https://si.geilicdn.com/open1659999653-252808396-796400000193c453d6730a22d234_800_800.jpg, https://si.geilicdn.com/open1659999653-252808396-14c600000193c453d9da0aa0834c_800_800.jpg, https://si.geilicdn.com/open1659999653-252808396-768000000193c45402520aa08290_800_800.jpg, https://si.geilicdn.com/open1659999653-252808396-673b00000193c45406910a239383_800_800.jpg, https://si.geilicdn.com/open1659999653-252808396-2f6400000193c4540a8b0a8115b5_800_800.jpg, https://si.geilicdn.com/open1659999653-252808396-157400000193c4540e3f0aa0834c_800_800.jpg, https://si.geilicdn.com/open1659999653-252808396-157a00000193c45411d00aa0834c_800_800.jpg",,,,best,,,,0,false,false,true,false,,44,"{""Litbuy"":""https://litbuy.com/product/weidian/7700077014?linkSearch=true&inviteCode=PKMR"",""USFans"":""https://www.usfans.com/product/3/7700077014?ref=5FTXZW"",""Kakobuy"":""https://item.kakobuy.com/item/details?url=https%3A%2F%2Fweidian.com%2Fitem.html%3FitemID%3D7700077014&affcode=six7n""}"
a1ecd457-ca83-4685-8f8e-0ea331a95bf5,Carhartt cap,Akcesoria (ciuch),7.18,13,https://cbu01.alicdn.com/img/ibank/O1CN011BCHjz1PYifpTlZ8B_!!2210492551853-0-cib.jpg,"https://cbu01.alicdn.com/img/ibank/O1CN011BCHjz1PYifpTlZ8B_!!2210492551853-0-cib.jpg, https://cbu01.alicdn.com/img/ibank/O1CN012phf7Q1PYife67SgY_!!2210492551853-0-cib.jpg, https://cbu01.alicdn.com/img/ibank/O1CN01TuB5Ma1PYifgOJpFb_!!2210492551853-0-cib.jpg, https://cbu01.alicdn.com/img/ibank/O1CN01nWZeIi1PYife6A93y_!!2210492551853-0-cib.jpg, https://cbu01.alicdn.com/img/ibank/O1CN01U1YvCh1PYifmS3H7f_!!2210492551853-0-cib.jpg, https://cbu01.alicdn.com/img/ibank/O1CN014gv0d11PYifsKEnqu_!!2210492551853-0-cib.jpg, https://cbu01.alicdn.com/img/ibank/O1CN01p4UzEf1PYifjYxuGA_!!2210492551853-0-cib.jpg, https://cbu01.alicdn.com/img/ibank/O1CN01L0ASak1PYifsKCzbT_!!2210492551853-0-cib.jpg, https://cbu01.alicdn.com/img/ibank/O1CN01vUeRq01PYifffCKTY_!!2210492551853-0-cib.jpg, https://cbu01.alicdn.com/img/ibank/O1CN01plLPxs1PYifiqp2O6_!!2210492551853-0-cib.jpg, https://cbu01.alicdn.com/img/ibank/O1CN01zcqEiK1PYifrTUHUR_!!2210492551853-0-cib.jpg, https://cbu01.alicdn.com/img/ibank/O1CN012AbKyE1PYife6NuP6_!!2210492551853-0-cib.jpg, https://cbu01.alicdn.com/img/ibank/O1CN01kYjbfB1PYifkfsbxt_!!2210492551853-0-cib.jpg, https://cbu01.alicdn.com/img/ibank/O1CN01V9xcE31PYifpTxmoq_!!2210492551853-0-cib.jpg, https://cbu01.alicdn.com/img/ibank/O1CN01UpA22g1PYifrTTg51_!!2210492551853-0-cib.jpg, https://cbu01.alicdn.com/img/ibank/O1CN01fxq1CB1PYifgOZT34_!!2210492551853-0-cib.jpg, https://cbu01.alicdn.com/img/ibank/O1CN01xNPVH51PYifgOaTQy_!!2210492551853-0-cib.jpg, https://cbu01.alicdn.com/img/ibank/O1CN01to5iQC1PYife6PO2H_!!2210492551853-0-cib.jpg, https://cbu01.alicdn.com/img/ibank/O1CN01W0Rs0j1PYifkfu5YQ_!!2210492551853-0-cib.jpg, https://cbu01.alicdn.com/img/ibank/O1CN01Ifarpa1PYifnOzfX6_!!2210492551853-0-cib.jpg",,,,Random,,,,0,false,false,false,false,,45,"{""Litbuy"":""https://litbuy.com/product/0/677285398760?linkSearch=true&inviteCode=PKMR"",""USFans"":""https://www.usfans.com/product/1/677285398760?ref=5FTXZW"",""Kakobuy"":""https://item.kakobuy.com/item/details?url=https%3A%2F%2Fdetail.1688.com%2Foffer%2F677285398760.html&affcode=six7n"",""Kakaobuy"":""https://item.kakobuy.com/item/details?url=https%3A%2F%2Fdetail.1688.com%2Foffer%2F677285398760.html""}"
b62fad9a-9d0c-4e89-8a80-ddd61647c59d,Nike Socks,Akcesoria,18,32.58,https://si.geilicdn.com/open1788326435-1234478995-76f20000019b305eae730a22d249_1074_1074.jpg,"https://si.geilicdn.com/open1788326435-1234478995-76f20000019b305eae730a22d249_1074_1074.jpg, https://si.geilicdn.com/open1788326435-1234478995-76fa0000019b305ebfcb0a22d249_1080_1080.jpg, https://si.geilicdn.com/open1788326435-1234478995-08020000019b305eb6c70aa086a7_800_800.jpg, https://si.geilicdn.com/open1788326435-1234478995-746b0000019b305ec2bf0a231226_800_800.jpg, https://si.geilicdn.com/open1788326435-1234478995-6f440000019b305ec6d00a23b4de_1024_1024.jpg, https://si.geilicdn.com/open1788326435-1234478995-5e830000019b305ec9f00a8133b0_800_800.jpg",,,,budget,,,,0,false,false,false,false,,45,"{""Litbuy"":""https://litbuy.com/product/weidian/7823451762?linkSearch=true&inviteCode=PKMR"",""USFans"":""https://www.usfans.com/product/3/7823451762?ref=5FTXZW"",""Kakobuy"":""https://item.kakobuy.com/item/details?url=https%3A%2F%2Fweidian.com%2Fitem.html%3FitemID%3D7823451762&affcode=six7n""}"
ced2792f-6005-438c-b7e5-abe498a473e5,Chrome Cap,Akcesoria,46,83.27,https://si.geilicdn.com/open1755079037-1234478995-4a2a0000019b8c239d100a23b491_1080_1080.jpg,"https://si.geilicdn.com/open1755079037-1234478995-4a2a0000019b8c239d100a23b491_1080_1080.jpg, https://si.geilicdn.com/open1755079037-1234478995-4cab0000019b8c2398990a23b4de_1080_1080.jpg, https://si.geilicdn.com/open1755079037-1234478995-5efc0000019b8c238f650aa086a7_1080_1080.jpg, https://si.geilicdn.com/open1755079037-1234478995-4a280000019b8c23928f0a23b491_1080_1080.jpg, https://si.geilicdn.com/open1755079037-1234478995-33b10000019b8c2395680a8115c2_1080_1080.jpg, https://si.geilicdn.com/open1755079037-1234478995-39400000019b8c23a0230a8133b0_1080_1440.jpg, https://si.geilicdn.com/open1755079037-1234478995-4b170000019b8c23a2fe0a231226_1080_1440.jpg, https://si.geilicdn.com/open1755079037-1234478995-5f040000019b8c23a6350aa086a7_1080_1440.jpg, https://si.geilicdn.com/open1755079037-1234478995-7a4d0000019b8c23a9230aa08245_1080_1440.jpg, https://si.geilicdn.com/open1755079037-1234478995-4a300000019b8c23ac6f0a23b491_1080_1440.jpg, https://si.geilicdn.com/open1755079037-1234478995-4caf0000019b8c23afef0a23b4de_1080_1440.jpg, https://si.geilicdn.com/open1755079037-1234478995-4f410000019b8c23b32c0a22d249_1080_1440.jpg, https://si.geilicdn.com/open1755079037-1234478995-39440000019b8c23b67f0a8133b0_1080_1440.jpg, https://si.geilicdn.com/open1755079037-1234478995-5f080000019b8c23ba010aa086a7_1080_1440.jpg, https://si.geilicdn.com/open1755079037-1234478995-7a510000019b8c23bd140aa08245_1080_1440.jpg, https://si.geilicdn.com/open1755079037-1234478995-33bf0000019b8c23c0410a8115c2_1080_1440.jpg, https://si.geilicdn.com/open1755079037-1234478995-4cb90000019b8c23c2c60a23b4de_467_489.jpg, https://si.geilicdn.com/open1755079037-1234478995-4b1f0000019b8c23c51f0a231226_367_536.jpg, https://si.geilicdn.com/pcitem1965899906-00ba0000019b8c2a021f0a210256_800_800.jpg, https://si.geilicdn.com/pcitem1965899906-22b80000019b8c2a1e0d0a2103bd_800_800.jpg",,,,best,,,,0,false,false,true,false,,45,"{""Litbuy"":""https://litbuy.com/product/weidian/7747163869?linkSearch=true&inviteCode=PKMR"",""USFans"":""https://www.usfans.com/product/3/7747163869?ref=5FTXZW"",""Kakobuy"":""https://item.kakobuy.com/item/details?url=https%3A%2F%2Fweidian.com%2Fitem.html%3FitemID%3D7747163869&affcode=six7n""}"
496f2a5f-009f-4ed0-8e6c-5065b0e86ee7,Akimbo ,Bluzy,121.53,220,https://si.geilicdn.com/wdseller2023274866-23420000019b5b6e474f0a2303ee_1204_1204.jpg,https://si.geilicdn.com/wdseller2023274866-23420000019b5b6e474f0a2303ee_1204_1204.jpg,,,,Best batch,,"S, M, L, XL",,0,false,false,true,false,,45,"{""Litbuy"":""https://litbuy.com/product/weidian/7643930531?linkSearch=true&inviteCode=PKMR"",""USFans"":""https://www.usfans.com/product/3/7643930531?ref=5FTXZW"",""Kakobuy"":""https://item.kakobuy.com/item/details?url=https%3A%2F%2Fweidian.com%2Fitem.html%3FitemID%3D7643930531&affcode=six7n"",""Kakaobuy"":""https://ikako.vip/nnufk""}"
51a9a5ee-6833-40a2-8811-a0ce5dad107d,Masion Margiela  MM6 Tees,Koszulki,76,137.58,https://si.geilicdn.com/pcitem901898590714-24de000001945ed2bce70a210139_1280_1707.jpg,"https://si.geilicdn.com/pcitem901898590714-24de000001945ed2bce70a210139_1280_1707.jpg, https://si.geilicdn.com/pcitem901898590714-2512000001945ed2b8590a20e273_1280_1707.jpg, https://si.geilicdn.com/pcitem901898590714-2509000001945ed29cfb0a2301b4_1280_1707.jpg, https://si.geilicdn.com/pcitem901898590714-27d1000001945ed2a10f0a23057e_1280_1707.jpg, https://si.geilicdn.com/pcitem901898590714-2508000001945ed2a5650a8134f0_1280_1707.jpg, https://si.geilicdn.com/pcitem901898590714-242b000001945ed2a9e50a239646_1280_1707.jpg, https://si.geilicdn.com/pcitem901898590714-248d000001945ed2ae8a0a2304aa_1280_1707.jpg, https://si.geilicdn.com/pcitem901898590714-2317000001945ed2b39e0a8133cc_1280_1707.jpg, https://si.geilicdn.com/pcitem901964032459-25790000019aae5973640a23111a-unadjust_598_680.png, https://si.geilicdn.com/pcitem901898590714-24c7000001945ed654a20a239646_1280_1707.jpg, https://si.geilicdn.com/pcitem901964032459-26cb0000019fa248e1b80a22d535_800_800.jpg, https://si.geilicdn.com/pcitem901898590714-25c1000001945ed6a4a50a2301b4_1280_1707.jpg",,,,random,,"S, M, L, XL",,0,false,false,false,false,,45,"{""Litbuy"":""https://litbuy.com/product/weidian/7547850031?linkSearch=true&inviteCode=PKMR"",""USFans"":""https://www.usfans.com/product/3/7547850031?ref=5FTXZW"",""Kakobuy"":""https://item.kakobuy.com/item/details?url=https%3A%2F%2Fweidian.com%2Fitem.html%3FitemID%3D7547850031&affcode=six7n""}"
de59b54d-3a73-4976-b32a-436dc3f2f1bc,Lego no-logo,Lego,146.94,265.99,https://si.geilicdn.com/pcitem1812657741-563b0000019b1187529e0a8134f0_1200_1200.jpg,"https://si.geilicdn.com/ch1812657741-01da0000019835da16030a21146b_1122_1122.jpg, https://si.geilicdn.com/pcitem1812657741-16d00000019b1164173e0a811411_1440_1080.jpg, https://si.geilicdn.com/pcitem1812657741-3e860000019b11641d2e0a20e273_1440_1080.jpg, https://si.geilicdn.com/pcitem1812657741-4d510000019b116425f90a230115_1440_1080.jpg, https://si.geilicdn.com/pcitem1812657741-4f6a0000019b116420cf0a2301b4_1440_1080.jpg, https://si.geilicdn.com/pcitem1812657741-55010000019b11642b5a0a23057e_1440_1080.jpg, https://si.geilicdn.com/ch1812657741-3ec60000019835da156c0a239646_1290_1612.jpg, https://si.geilicdn.com/ch1812657741-110f0000019835da184f0a231316_1440_1920.jpg, https://si.geilicdn.com/ch1812657741-39e10000019835da18840a2395e5_1440_1920.jpg, https://si.geilicdn.com/ch1812657741-39280000019835da188a0a2303ee_1920_1440.jpg, https://si.geilicdn.com/ch1812657741-10780000019835da18840a20e2c5_1440_1920.jpg, https://si.geilicdn.com/ch1812657741-112e0000019835da188b0a2304aa_1440_1920.jpg, https://si.geilicdn.com/pcitem1812657741-4e040000019b1164234d0a23047e_1440_1080.jpg, https://si.geilicdn.com/pcitem1812657741-28100000019b116428900a2304aa_1440_1080.jpg, https://si.geilicdn.com/pcitem1812657741-731b0000019ab5b6626d0a81347d_1920_1440.jpg, https://si.geilicdn.com/wdseller1812657741-21aa0000019835e458090a2102b1_1824_1827.jpg, https://si.geilicdn.com/wdseller1812657741-0baa0000019b0caafb630a8133cc_1280_1280.jpg, https://si.geilicdn.com/wdseller1812657741-1c4b0000019971ba2e1f0a81347d_800_800.jpg, https://si.geilicdn.com/wdseller1812657741-7aec0000019a5dae1b1c0a20e284_1200_1200.jpg, https://si.geilicdn.com/wdseller1812657741-14db00000199718875bc0a2315ef_901_900.jpg",,,,Best,,,,0,false,false,true,false,,45,"{""Litbuy"":""https://litbuy.com/product/weidian/7674839628?linkSearch=true&inviteCode=PKMR"",""USFans"":""https://www.usfans.com/product/3/7674839628?ref=5FTXZW"",""Kakobuy"":""https://item.kakobuy.com/item/details?url=https%3A%2F%2Fweidian.com%2Fitem.html%3FitemID%3D7674839628&affcode=six7n"",""Kakaobuy"":""https://item.kakobuy.com/item/details?url=https%3A%2F%2Fweidian.com%2Fitem.html%3FitemID%3D7674839628""}"
648a0f90-44d3-41c3-9391-37c914e9efff,Mertra X Umbro Technical Jacket Black-Red,Kurtki,177,320.41,https://si.geilicdn.com/wdseller1940384309-44a80000019b882f93a10a22d58f_1320_1320.jpg,"https://si.geilicdn.com/wdseller1940384309-44a80000019b882f93a10a22d58f_1320_1320.jpg, https://si.geilicdn.com/wdseller1940384309-3fc00000019b882f93a20a2303ea_1320_1320.jpg, https://si.geilicdn.com/wdseller1940384309-14650000019b8830884c0a23138d_2560_2560.jpg, https://si.geilicdn.com/wdseller1940384309-14680000019b8830bdf40a23138d_2560_2560.jpg",,,,best,,,,0,false,false,true,false,,45,"{""Litbuy"":""https://litbuy.com/product/weidian/7652977082?linkSearch=true&inviteCode=PKMR"",""USFans"":""https://www.usfans.com/product/3/7652977082?ref=5FTXZW"",""Kakobuy"":""https://item.kakobuy.com/item/details?url=https%3A%2F%2Fweidian.com%2Fitem.html%3FitemID%3D7652977082&affcode=six7n""}"
9eea735b-683a-4d00-a20d-f4cae8b2c522,Anti Social Club Tshirt,Koszulki,60.21,108.99,https://si.geilicdn.com/pcitem2062923723-5e110000019eb5ea53410a8132bd-unadjust_1920_1920.png,"https://si.geilicdn.com/pcitem2062923723-5e110000019eb5ea53410a8132bd-unadjust_1920_1920.png, https://si.geilicdn.com/pcitem2062923723-5e960000019f45bd91500a23057e-unadjust_400_400.png, https://si.geilicdn.com/pcitem2062923723-6ef10000019f45be17d50a23037f-unadjust_400_400.png, https://si.geilicdn.com/pcitem2062923723-5de10000019f45c5d1fc0a20e2c5-unadjust_400_400.png, https://si.geilicdn.com/pcitem1798464021-26a70000019023e53dc00a23047e_350_419.jpg, https://si.geilicdn.com/pcitem2062923723-444a0000019f45c6f4c90a2304aa-unadjust_400_400.png, https://si.geilicdn.com/pcitem2062923723-59b20000019f45c22ab80a20e2c5-unadjust_800_800.png, https://si.geilicdn.com/pcitem2062923723-449c0000019f45c2b8d10a811411-unadjust_750_750.png, https://si.geilicdn.com/pcitem2062923723-68010000019f45c26aa50a2102c5-unadjust_800_800.png, https://si.geilicdn.com/pcitem1798464021-2d490000019023e592060a20e2c5_616_594.jpg, https://si.geilicdn.com/pcitem2062923723-4ec00000019f45c66f2e0a231177-unadjust_400_400.png, https://si.geilicdn.com/pcitem2062923723-67330000019f031a7cb20a8133cc-unadjust_800_800.png, https://si.geilicdn.com/pcitem1798464021-279f0000019023e67c5e0a23111a_374_418.jpg, https://si.geilicdn.com/pcitem1798464021-26f10000019023e6b0e00a8134f0_376_428.jpg, https://si.geilicdn.com/pcitem2062923723-36df0000019eb5ef6d8c0a239646-unadjust_1920_1920.png, https://si.geilicdn.com/pcitem2062923723-34cf0000019eb5f08a910a20e7c7-unadjust_1920_1920.png, https://si.geilicdn.com/pcitem2062923723-1cc40000019eb5f26d460a2304aa-unadjust_1920_1920.png, https://si.geilicdn.com/pcitem1798464021-291b0000019023e83d9e0a2301b4_1920_1920.jpg, https://si.geilicdn.com/pcitem2062923723-5c420000019eb5f3c9c10a2396f4-unadjust_1920_1920.png, https://si.geilicdn.com/pcitem2062923723-4cea0000019eb5f366a60a230115-unadjust_1920_1920.png",,,,best,,"S, M, L, XL",,0,false,false,true,false,,46,"{""Litbuy"":""https://litbuy.com/product/weidian/7823323582?linkSearch=true&inviteCode=PKMR"",""USFans"":""https://www.usfans.com/product/3/7823323582?ref=5FTXZW"",""Kakobuy"":""https://item.kakobuy.com/item/details?url=https%3A%2F%2Fweidian.com%2Fitem.html%3FitemID%3D7823323582&affcode=six7n""}"
9e6fe4c4-d4d0-4ba1-a51b-01bb4ff71899,alo bags,Plecak/torby/torebki,59.66,108,https://si.geilicdn.com/wdseller1489596767-24980000019f7853a1670a210256_640_702.jpg,"https://si.geilicdn.com/wdseller1489596767-24980000019f7853a1670a210256_640_702.jpg, https://si.geilicdn.com/wdseller1489596767-12370000019f7853a1780a2315ef_640_698.jpg, https://si.geilicdn.com/wdseller1489596767-1b3c0000019f7853a16f0a2102c5_640_730.jpg, https://si.geilicdn.com/wdseller1489596767-19df0000019f7853a2a80a23057e_640_707.jpg, https://si.geilicdn.com/wdseller1489596767-25ab0000019f7853a2ce0a23047e_640_792.jpg, https://si.geilicdn.com/wdseller1489596767-16ad0000019f7853a2e70a207569_640_656.jpg, https://si.geilicdn.com/wdseller1489596767-21840000019f7853a41a0a230115_640_656.jpg, https://si.geilicdn.com/wdseller1489596767-27f20000019f7853a4890a81347d_640_656.jpg, https://si.geilicdn.com/wdseller1489596767-434c0000019f78569dd10a2103bd_640_641.jpg, https://si.geilicdn.com/wdseller1489596767-17b10000019f785700a90a239646_588_588.jpg, https://si.geilicdn.com/wdseller1489596767-3ac60000019f78573a690a8133cc_640_641.jpg",,,,Best batch,,,,0,false,false,true,false,,46,"{""Litbuy"":""https://litbuy.com/product/weidian/7811719166?linkSearch=true&inviteCode=PKMR"",""USFans"":""https://item.kakobuy.com/item/details?url=https%3A%2F%2Fweidian.com%2Fitem.html%3FitemID%3D7811719166"",""Kakaobuy"":""https://item.kakobuy.com/item/details?url=https%3A%2F%2Fweidian.com%2Fitem.html%3FitemID%3D7811719166""}"
c28aa8a1-ac1d-43d2-a0bb-927db77279ef,Palm Angels Burning Skeleton Tee,Koszulki,53,95.94,https://si.geilicdn.com/pcitem901908522262-509d000001953c025f270a210256-unadjust_500_500.gif,"https://si.geilicdn.com/pcitem901908522262-509d000001953c025f270a210256-unadjust_500_500.gif, https://si.geilicdn.com/open1839861941-252808396-59b9000001953bfdee6b0a23b4de_1200_1200.jpg, https://si.geilicdn.com/open1839861941-252808396-59bf000001953bfdf1f60a23b4de_1920_1920.jpg, https://si.geilicdn.com/open1839861941-252808396-5102000001953bfdf6930aa0834c_1920_1920.jpg, https://si.geilicdn.com/open1839861941-252808396-502b000001953bfdfa310aa08290_800_800.jpg, https://si.geilicdn.com/open1839861941-252808396-353c000001953bfdfc4a0a231226_800_800.jpg, https://si.geilicdn.com/open1839861941-252808396-4267000001953bfefc610a23b491_1920_1920.jpg, https://si.geilicdn.com/open1839861941-252808396-35d8000001953bfefff20a231226_1920_1920.jpg, https://si.geilicdn.com/open1839861941-252808396-5054000001953bff030e0a22d249_1920_1920.jpg, https://si.geilicdn.com/open1839861941-252808396-5a6d000001953bff06a60a23b4de_1920_1920.jpg, https://si.geilicdn.com/open1839861941-252808396-577c000001953bff09e30a8133b0_800_800.jpg, https://si.geilicdn.com/open1839861941-252808396-426b000001953bff0b800a23b491_800_800.jpg, https://si.geilicdn.com/open1839861941-252808396-5a71000001953bff0ced0a23b4de_800_800.jpg, https://si.geilicdn.com/open1839861941-252808396-51b6000001953bff148e0aa0834c_800_800.jpg, https://si.geilicdn.com/open1839861941-252808396-577e000001953bff16200a8133b0_800_800.jpg, https://si.geilicdn.com/open1839861941-252808396-5276000001953bff17fa0a8115c2_800_800.jpg, https://si.geilicdn.com/open1839861941-252808396-35e0000001953bff1a1d0a231226_800_800.jpg, https://si.geilicdn.com/open1839861941-252808396-5278000001953bff1bcf0a8115c2_800_800.jpg, https://si.geilicdn.com/open1839861941-252808396-5062000001953bff1d7d0a22d249_800_800.jpg, https://si.geilicdn.com/open1839861941-252808396-5a79000001953bff20000a23b4de_800_800.jpg",,,,best,,"S, M, L, XL",,0,false,false,true,false,,46,"{""Litbuy"":""https://litbuy.com/product/weidian/7492558926?linkSearch=true&inviteCode=PKMR"",""USFans"":""https://www.usfans.com/product/3/7492558926?ref=5FTXZW"",""Kakobuy"":""https://item.kakobuy.com/item/details?url=https%3A%2F%2Fweidian.com%2Fitem.html%3FitemID%3D7492558926&affcode=six7n""}"
b29121a4-785d-4a7d-ba2d-2dc1cc16a581,Gucci cap,Akcesoria,56,101.37,https://si.geilicdn.com/pcitem901894143575-5772000001930b32cf840a2396f4-unadjust_800_800.gif,"https://si.geilicdn.com/pcitem901894143575-5772000001930b32cf840a2396f4-unadjust_800_800.gif, https://si.geilicdn.com/open1674200133-1674200133-2e5b0000019284021d630a239383_1074_1074.jpg, https://si.geilicdn.com/open1674200133-1674200133-18f400000192840118110a232357_1074_1074.jpg, https://si.geilicdn.com/open1674200133-1674200133-3c780000019284021cb80a22d234_1074_1074.jpg, https://si.geilicdn.com/open1674200133-1674200133-2659000001928400e3070a8133b5_4032_3024.jpg, https://si.geilicdn.com/open1674200133-1674200133-266f000001928400fc870a8133b5_4032_3024.jpg, https://si.geilicdn.com/open1674200133-1674200133-462d000001928400eadb0a210298_4032_3024.jpg, https://si.geilicdn.com/open1674200133-1674200133-3b16000001928401005f0a22d234_4032_3024.jpg, https://si.geilicdn.com/open1674200133-1674200133-54e90000019284010d410a210559_1074_1074.jpg, https://si.geilicdn.com/open1674200133-1674200133-3b2a000001928401145f0a22d234_1074_1074.jpg, https://si.geilicdn.com/open1674200133-1674200133-18e600000192840114e20a232357_1074_1074.jpg, https://si.geilicdn.com/open1674200133-1674200133-336e000001928401161e0aa08290_1074_1074.jpg, https://si.geilicdn.com/open1674200133-1674200133-738700000192840117fc0a8115b5_1074_1074.jpg, https://si.geilicdn.com/open1674200133-1674200133-3ad0000001928400a4fb0a22d234_1440_1920.jpg, https://si.geilicdn.com/open1674200133-1674200133-2669000001928400f5750a8133b5_4032_3024.jpg, https://si.geilicdn.com/open1674200133-1674200133-335c00000192840100330aa08290_4032_3024.jpg, https://si.geilicdn.com/open1674200133-1674200133-3ade000001928400b4280a22d234_4032_3024.jpg, https://si.geilicdn.com/open1674200133-1674200133-54ed00000192840111e00a210559_4032_3024.jpg, https://si.geilicdn.com/open1674200133-1674200133-464f0000019284010d9f0a210298_1074_1074.jpg, https://si.geilicdn.com/open1674200133-1674200133-336c000001928401144c0aa08290_1074_1074.jpg",,,,best,,,,1,false,false,true,false,,46,"{""Litbuy"":""https://litbuy.com/product/weidian/7700100992?linkSearch=true&inviteCode=PKMR"",""USFans"":""https://www.usfans.com/product/3/7700100992?ref=5FTXZW"",""Kakobuy"":""https://item.kakobuy.com/item/details?url=https%3A%2F%2Fweidian.com%2Fitem.html%3FitemID%3D7700100992&affcode=six7n""}"
e5e8de28-a4c1-4a25-a087-c978f24753e1,alo girl tee,Koszulki,53.03,96,https://si.geilicdn.com/wdseller1489596767-5bd20000019df4d53f040a20e273_1124_1500.jpg,"https://si.geilicdn.com/wdseller1489596767-5bd20000019df4d53f040a20e273_1124_1500.jpg, https://si.geilicdn.com/wdseller1489596767-64b50000019df4d53f380a210256_900_1200.jpg, https://si.geilicdn.com/wdseller1489596767-5eeb0000019df4d53f750a2102c5_900_1200.jpg, https://si.geilicdn.com/wdseller1489596767-5b1d0000019df4d5411d0a2315ef_900_1200.jpg, https://si.geilicdn.com/wdseller1489596767-69300000019df4d541200a23057e_600_800.jpg, https://si.geilicdn.com/wdseller1489596767-6ef20000019df4d5418d0a23047e_1335_1335.jpg, https://si.geilicdn.com/wdseller1489596767-67da0000019df4d542940a207569_800_800.jpg, https://si.geilicdn.com/wdseller1489596767-69300000019df4d542fc0a230115_1200_1200.jpg, https://si.geilicdn.com/wdseller1489596767-6fcc0000019df4d543970a81347d_1200_1200.jpg, https://si.geilicdn.com/wdseller1489596767-7bcc0000019df4d5442d0a2396f4_1200_1200.jpg, https://si.geilicdn.com/wdseller1489596767-3aae0000019df4d846400a2304aa_699_699.jpg, https://si.geilicdn.com/wdseller1489596767-75ab0000019df4d8649a0a23038e_800_800.jpg, https://si.geilicdn.com/wdseller1489596767-06b50000019df4d86fc20a8132bd_1200_1200.jpg, https://si.geilicdn.com/wdseller1489596767-0a630000019df4d879a70a2103bd_1200_1200.jpg, https://si.geilicdn.com/wdseller1489596767-2bb50000019df4d885480a22d1a4_1200_1200.jpg",,,,Best,,"S, M, L, XL",,0,false,true,true,false,,46,"{""Litbuy"":""https://litbuy.com/product/weidian/7754283057?linkSearch=true&inviteCode=PKMR"",""USFans"":""https://www.usfans.com/product/3/7754283057?ref=5FTXZW"",""Kakobuy"":""https://item.kakobuy.com/item/details?url=https%3A%2F%2Fweidian.com%2Fitem.html%3FitemID%3D7754283057&affcode=six7n"",""Kakaobuy"":""https://item.kakobuy.com/item/details?url=https%3A%2F%2Fshop1735969156.v.weidian.com%2Fitem.html%3FitemID%3D7754283057&affcode=six7n""}"
4a1c3705-2a83-4088-ac57-79e3a2c7fbe4,Ralph Hoodie,Bluzy,72,130.34,https://si.geilicdn.com/open1779371725-1234478995-1eeb00000194ead283d30a8115b5_1200_1200.jpg,"https://si.geilicdn.com/open1779371725-1234478995-1eeb00000194ead283d30a8115b5_1200_1200.jpg, https://si.geilicdn.com/open1779371725-1234478995-502f00000194ead285c60a8133b5_800_800.jpg, https://si.geilicdn.com/open1779371725-1234478995-78fc00000194ead287610a210559_1200_1200.jpg, https://si.geilicdn.com/open1779371725-1234478995-026700000194ead289420aa0834c_800_800.jpg, https://si.geilicdn.com/open1779371725-1234478995-69e800000194ead28acd0aa08290_800_800.jpg, https://si.geilicdn.com/open1779371725-1234478995-743000000194ead28dc80a22d234_800_800.jpg, https://si.geilicdn.com/open1779371725-1234478995-39c500000194ead28f060a232357_800_800.jpg, https://si.geilicdn.com/open1779371725-1234478995-56e500000194ead2903e0a239383_1200_1200.jpg, https://si.geilicdn.com/open1779371725-1234478995-1ef300000194ead292380a8115b5_1200_1200.jpg, https://si.geilicdn.com/open1779371725-1234478995-503700000194ead293a40a8133b5_1200_1200.jpg, https://si.geilicdn.com/open1779371725-1234478995-790200000194ead2950f0a210559_991_991.jpg, https://si.geilicdn.com/open1779371725-1234478995-026d00000194ead296ea0aa0834c_1200_1200.jpg, https://si.geilicdn.com/open1779371725-1234478995-69f000000194ead299850aa08290_1200_1200.jpg",,,,budget,,,,0,false,false,false,false,,47,"{""Litbuy"":""https://litbuy.com/product/weidian/7820305963?linkSearch=true&inviteCode=PKMR"",""USFans"":""https://www.usfans.com/product/3/7820305963?ref=5FTXZW"",""Kakobuy"":""https://item.kakobuy.com/item/details?url=https%3A%2F%2Fweidian.com%2Fitem.html%3FitemID%3D7820305963&affcode=six7n""}"
c2ce96fd-3532-4eb6-a4cc-db14bea1d38a,LV jewelery case,Akcesoria (nie ciuch),213.23,385.99,https://si.geilicdn.com/open1863252203-252808396-48bb0000019cac2834c00aa08239_1080_1440.jpg,"https://si.geilicdn.com/open1863252203-252808396-48bb0000019cac2834c00aa08239_1080_1440.jpg, https://si.geilicdn.com/open1863252203-252808396-47210000019cac2837aa0a231226_1080_1440.jpg, https://si.geilicdn.com/open1863252203-252808396-352b0000019cac2839d50a8133b0_1080_1440.jpg, https://si.geilicdn.com/open1863252203-252808396-3c760000019cac283d2e0aa08676_1080_1440.jpg, https://si.geilicdn.com/open1863252203-252808396-48870000019cac2841ff0a23b491_1440_1080.jpg, https://si.geilicdn.com/open1863252203-252808396-353b0000019cac2844ee0a8133b0_1080_1440.jpg, https://si.geilicdn.com/open1863252203-252808396-488f0000019cac2849420a23b491_1080_1440.jpg, https://si.geilicdn.com/open1863252203-252808396-354b0000019cac284ca00a8133b0_1440_1080.jpg, https://si.geilicdn.com/open1863252203-252808396-4d990000019cac284f820a22d249_1080_1440.jpg",,,,Best,,,,0,false,false,true,false,,47,"{""Litbuy"":""https://litbuy.com/product/weidian/7698766727?linkSearch=true&inviteCode=PKMR"",""USFans"":""https://www.usfans.com/product/3/7698766727?ref=5FTXZW"",""Kakobuy"":""https://item.kakobuy.com/item/details?url=https%3A%2F%2Fweidian.com%2Fitem.html%3FitemID%3D7698766727&affcode=six7n"",""Kakaobuy"":""https://item.kakobuy.com/item/details?url=https%3A%2F%2Fweidian.com%2Fitem.html%3FitemID%3D7698766727""}"
1f209814-2cc2-4e0f-b3c1-a7258c769045,ASUS RTX4090,Elektronika,159.1,288,https://si.geilicdn.com/pcitem1863556860-5b0b0000019bbfa57c770a23038e_1280_1280.jpg,"https://si.geilicdn.com/pcitem1863556860-61950000019ddd22719e0a21146b_1284_1278.jpg, https://si.geilicdn.com/pcitem1863556860-37470000019bbfa574990a2304aa_1280_1280.jpg, https://si.geilicdn.com/pcitem1863556860-2d0d0000019bbfa576ed0a20e2c5_2670_2670.jpg, https://si.geilicdn.com/pcitem1863556860-5b0b0000019bbfa57c770a23038e_1280_1280.jpg, https://si.geilicdn.com/pcitem1863556860-516d0000019bbfa57e330a20e7c7_1280_1280.jpg, https://si.geilicdn.com/pcitem1863556860-5e4f0000019bbfa580240a23037f_1280_1280.jpg, https://si.geilicdn.com/pcitem1863556860-672b0000019bbfa582300a2303ee_1280_1280.jpg, https://si.geilicdn.com/pcitem1863556860-66800000019bbfa583c40a23111a_1280_1280.jpg, https://si.geilicdn.com/pcitem1863556860-37cc0000019e2a9565b70a230115_1000_1000.jpg, https://si.geilicdn.com/pcitem1923191567-71830000019cb1bd11110a20e284_1284_1280.jpg, https://si.geilicdn.com/pcitem1863556860-13a70000019e2aa3f7e80a811411_1000_1000.jpg, https://si.geilicdn.com/pcitem1923191567-5db70000019cb1bcf2160a239846_1284_1277.jpg, https://si.geilicdn.com/pcitem1863556860-0ec10000019e2a9afa8b0a811411_1280_1280.jpg, https://si.geilicdn.com/pcitem1923191567-7bd10000019cb1b9a3500a230115_1284_1277.jpg, https://si.geilicdn.com/pcitem1863556860-50d50000019e2a93579c0a23041a_1000_1000.jpg, https://si.geilicdn.com/pcitem1923191567-78c90000019cb1cac7c00a20e284_1284_1274.jpg, https://si.geilicdn.com/pcitem1863556860-45710000019e2a977d100a23038e_1000_1000.jpg, https://si.geilicdn.com/pcitem1863556860-302c0000019e2a94a99b0a2102c5_1000_1000.jpg, https://si.geilicdn.com/pcitem1923191567-6a5e0000019cb1c4b5c90a20e7c7_1284_1020.jpg, https://si.geilicdn.com/pcitem1863556860-40c20000019e2aa31f560a20e284_1000_1000.jpg",,,,Best,,,,0,false,false,true,false,,47,"{""Litbuy"":""https://litbuy.com/product/weidian/7773227498?linkSearch=true&inviteCode=PKMR"",""USFans"":""https://www.usfans.com/product/3/7773227498?ref=5FTXZW"",""Kakobuy"":""https://item.kakobuy.com/item/details?url=https%3A%2F%2Fweidian.com%2Fitem.html%3FitemID%3D7773227498&affcode=six7n"",""Kakaobuy"":""https://item.kakobuy.com/item/details?url=https%3A%2F%2Fweidian.com%2Fitem.html%3FitemID%3D7773227498""}"
a0c505d2-e3ad-459c-a63d-b34cfbf6c0bc,Dior joggers,Spodnie,214.89,389,https://si.geilicdn.com/pcitem1678115151-20490000019af93689d50a231177_1080_1080.jpg,"https://si.geilicdn.com/pcitem1678115151-20490000019af93689d50a231177_1080_1080.jpg, https://si.geilicdn.com/pcitem1678115151-75680000019af936c0540a231316_414_149.jpg",,,,Best batch,,"XS, S, M, L",,0,false,false,true,false,,47,"{""Litbuy"":""https://litbuy.com/product/weidian/7630220428?linkSearch=true&inviteCode=PKMR"",""USFans"":""https://www.usfans.com/product/3/7630220428?ref=5FTXZW"",""Kakobuy"":""https://item.kakobuy.com/item/details?url=https%3A%2F%2Fweidian.com%2Fitem.html%3FitemID%3D7630220428&affcode=six7n"",""Kakaobuy"":""https://item.kakobuy.com/item/details?url=https%3A%2F%2Fweidian.com%2Fitem.html%3FitemID%3D7630220428""}"
38e790ad-1cc4-4ea3-899d-22000e233bf1,Budget Burberry Down Jacket,Kurtki,213,385.58,https://si.geilicdn.com/pcitem1417752191-13820000019901b7f5290a231177_1076_1076.jpg,"https://si.geilicdn.com/pcitem1417752191-13820000019901b7f5290a231177_1076_1076.jpg, https://si.geilicdn.com/pcitem1417752191-63e50000019901b7f6f40a210139_1200_1200.jpg, https://si.geilicdn.com/pcitem1417752191-64740000019901b7f8ad0a811411_1200_1200.jpg, https://si.geilicdn.com/pcitem1417752191-6a9d0000019901b7fa9e0a20e2c5_1200_1200.jpg, https://si.geilicdn.com/pcitem1417752191-0fed0000019901b7fc310a20e7c7_1080_1080.jpg, https://si.geilicdn.com/pcitem1417752191-11ef0000019901b7fe3f0a20e284_1200_1200.jpg, https://si.geilicdn.com/pcitem1417752191-15dd0000019901b800170a23111a_1080_1080.jpg, https://si.geilicdn.com/pcitem1417752191-0d560000019901b801a90a20e273_1080_1080.jpg, https://si.geilicdn.com/pcitem1417752191-11ff0000019901b803880a2102c5_1200_1200.jpg, https://si.geilicdn.com/pcitem1417752191-0d130000019901b805d00a23057e_1200_1200.jpg, https://si.geilicdn.com/pcitem1417752191-0eae0000019901b808720a23047e_1200_1200.jpg, https://si.geilicdn.com/pcitem1417752191-0eed0000019901b80b170a207569_1200_1200.jpg, https://si.geilicdn.com/pcitem1417752191-15c60000019901b80d4c0a81347d_1080_1080.jpg, https://si.geilicdn.com/pcitem1417752191-16540000019901b80f2c0a20e672_1200_1200.jpg",,,,budget,,,,0,false,false,false,false,,47,"{""Litbuy"":""https://litbuy.com/product/weidian/7701536722?linkSearch=true&inviteCode=PKMR"",""USFans"":""https://www.usfans.com/product/3/7701536722?ref=5FTXZW"",""Kakobuy"":""https://item.kakobuy.com/item/details?url=https%3A%2F%2Fweidian.com%2Fitem.html%3FitemID%3D7701536722&affcode=six7n""}"
cb6dca3a-7333-4750-b5ce-c6f7d2be8400,Budget Yezzy Slide,Buty,26,47.07,https://si.geilicdn.com/open1774277072-1234478995-13500000018016ea1b360a219249_1656_1984.jpg,"https://si.geilicdn.com/open1774277072-1234478995-13500000018016ea1b360a219249_1656_1984.jpg, https://si.geilicdn.com/open1774277072-1234478995-22e90000018016ea1dd60a2008af_1008_1008.jpg, https://si.geilicdn.com/open1774277072-1234478995-7b6e0000018016ea1f560a23116d_1008_1008.jpg, https://si.geilicdn.com/open1774277072-1234478995-22f30000018016ea20fd0a2008af_1008_1008.jpg, https://si.geilicdn.com/open1774277072-1234478995-7b7b0000018016ea22750a23116d_1008_1008.jpg, https://si.geilicdn.com/open1774277072-1234478995-003c0000018016ea24030a23028e_1008_1008.jpg, https://si.geilicdn.com/open1774277072-1234478995-13740000018016ea257b0a219249_1008_1008.jpg, https://si.geilicdn.com/open1774277072-1234478995-23080000018016ea26d90a2008af_1008_1008.jpg, https://si.geilicdn.com/open1774277072-1234478995-7b900000018016ea28410a23116d_1008_1008.jpg, https://si.geilicdn.com/open1774277072-1234478995-13880000018016ea2b220a219249_1008_1008.jpg, https://si.geilicdn.com/open1774277072-1234478995-23240000018016ea2e030a2008af-unadjust_758_495.png, https://si.geilicdn.com/wdseller1440734441-197500000186f900d2ef0a2313be_1284_1285.jpg, https://si.geilicdn.com/wdseller1440734441-464d00000186f900ee920a2104c1_1284_1285.jpg, https://si.geilicdn.com/wdseller1440734441-46e000000186f900fe950a2102d0_1284_1285.jpg, https://si.geilicdn.com/wdseller1440734441-76bc0000018e5e1364f50a22d45b_1284_1285.jpg, https://si.geilicdn.com/wdseller1440734441-786c0000018e5e1385770a22d2d7_1284_1285.jpg, https://si.geilicdn.com/wdseller1440734441-774d0000018e5e13b6a90a239896_1284_1285.jpg, https://si.geilicdn.com/wdseller1440734441-33b60000018e5e13e7e50a813276_1284_1285.jpg, https://si.geilicdn.com/wdseller1440734441-78480000018e5e1423860a231132_1284_1285.jpg, https://si.geilicdn.com/wdseller1440734441-34df0000018e5e144b460a23136f_1284_1285.jpg",,,,budget,,,,0,false,false,false,false,,47,"{""Litbuy"":""https://litbuy.com/product/weidian/4659078217?linkSearch=true&inviteCode=PKMR"",""USFans"":""https://www.usfans.com/product/3/4659078217?ref=5FTXZW"",""Kakobuy"":""https://item.kakobuy.com/item/details?url=https%3A%2F%2Fweidian.com%2Fitem.html%3FitemID%3D4659078217&affcode=six7n""}"
a28a8db7-f067-4c4a-a8c6-f0a5b613cb0e,alo girls,Akcesoria (nie ciuch),53.03,96,https://si.geilicdn.com/wdseller1489596767-790b0000019fb49aad450a23037f_1320_1320.jpg,,,,,Best,,"S, M, L, XL",,0,false,true,true,false,,47,"{""Litbuy"":""https://litbuy.com/product/weidian/7818568800?linkSearch=true&inviteCode=PKMR"",""USFans"":""https://www.usfans.com/product/3/7818568800?ref=5FTXZW"",""Kakobuy"":""https://item.kakobuy.com/item/details?url=https%3A%2F%2Fweidian.com%2Fitem.html%3FitemID%3D7818568800&affcode=six7n"",""Kakaobuy"":""https://item.kakobuy.com/item/details?url=https%3A%2F%2Fshop1735969156.v.weidian.com%2Fitem.html%3FitemID%3D7818568800&affcode=six7n""}"
66396ea4-074f-4b4e-8076-d75228eca511,RTX5090 / RTX 4090,Elektronika,165.73,300.01,https://si.geilicdn.com/pcitem1863556860-37470000019bbfa574990a2304aa_1280_1280.jpg,,,,,Best,,,,0,false,false,true,false,,48,"{""Litbuy"":""https://litbuy.com/product/weidian/7674839628?linkSearch=true&inviteCode=PKMR"",""USFans"":""https://www.usfans.com/product/3/7674839628?ref=5FTXZW"",""Kakobuy"":""https://item.kakobuy.com/item/details?url=https%3A%2F%2Fweidian.com%2Fitem.html%3FitemID%3D7674839628&affcode=six7n"",""Kakaobuy"":""https://item.kakobuy.com/item/details?url=https%3A%2F%2Fshop1842760073.v.weidian.com%2Fitem.html%3FitemID%3D7727174869""}"
52e5fa73-1efc-4bfb-abd1-788698570439,Lego no-logo,Lego,154.68,280,https://si.geilicdn.com/wdseller1812657741-4c4b0000019a5d95f9f00a2304aa_800_800.jpg,,,,,Best,,,,0,false,false,true,false,,48,"{""Litbuy"":""https://litbuy.com/product/weidian/7674839628?linkSearch=true&inviteCode=PKMR"",""USFans"":""https://www.usfans.com/product/3/7674839628?ref=5FTXZW"",""Kakobuy"":""https://item.kakobuy.com/item/details?url=https%3A%2F%2Fweidian.com%2Fitem.html%3FitemID%3D7674839628&affcode=six7n"",""Kakaobuy"":""https://item.kakobuy.com/item/details?url=https%3A%2F%2Fweidian.com%2Fitem.html%3FitemID%3D7674839628""}"
8b0c51e2-678d-4682-8fbd-14abb427e22d,Ray-Ban AI sunglasses 2nd,Elektronika,397.74,719.99,https://si.geilicdn.com/pcitem2063205735-28730000019f32a30a7a0a2301b4_4284_5712.jpg,,,,,Best,,,,0,false,false,true,false,,48,"{""Litbuy"":""https://litbuy.com/product/weidian/7801041403?linkSearch=true&inviteCode=PKMR"",""USFans"":""https://www.usfans.com/product/3/7801041403?ref=5FTXZW"",""Kakobuy"":""https://item.kakobuy.com/item/details?url=https%3A%2F%2Fweidian.com%2Fitem.html%3FitemID%3D7801041403&affcode=six7n"",""Kakaobuy"":""https://item.kakobuy.com/item/details?url=https%3A%2F%2Fweidian.com%2Fitem.html%3FitemID%3D7801041403""}"
0ad76f10-fa50-4fb1-959b-a494c81cca76,Wallet Goyard,Room,30,54.31,https://si.geilicdn.com/pcitem1946525394-3f4100000197a714412e0a20e273_1074_1074.jpg,"https://si.geilicdn.com/pcitem1946525394-3f4100000197a714412e0a20e273_1074_1074.jpg, https://si.geilicdn.com/pcitem1946525394-33be00000197a71441f00a2304aa_1074_1074.jpg, https://si.geilicdn.com/pcitem1946525394-4ac100000197a7143f430a23037f_1074_1074.jpg, https://si.geilicdn.com/pcitem1946525394-3a7a00000197a7143d0e0a23111a_1074_1074.jpg, https://si.geilicdn.com/pcitem1946525394-46a900000197a71439400a2301b4_1074_1074.jpg, https://si.geilicdn.com/pcitem1946525394-3b9800000197a71437590a2102c5_1074_1074.jpg, https://si.geilicdn.com/pcitem1946525394-380800000197a71435b50a23057e_1074_1074.jpg, https://si.geilicdn.com/pcitem1946525394-3cb400000197a71431920a2315ef_1080_1080.jpg, https://si.geilicdn.com/pcitem1946525394-3dd800000197a7143b0f0a23038e_1074_1074.jpg, https://si.geilicdn.com/pcitem1946525394-430a00000197a71433ea0a23047e_1074_1074.jpg",,,,best,,,,0,false,false,true,false,,48,"{""Litbuy"":""https://litbuy.com/product/weidian/7810825438?linkSearch=true&inviteCode=PKMR"",""USFans"":""https://www.usfans.com/product/3/7810825438?ref=5FTXZW"",""Kakobuy"":""https://item.kakobuy.com/item/details?url=https%3A%2F%2Fweidian.com%2Fitem.html%3FitemID%3D7810825438&affcode=six7n""}"
4cf53f2c-79d2-4114-ae58-9cce23920f9d,Chrome Hearts Mirror,Akcesoria,665,1203.79,https://si.geilicdn.com/open1624782517-1624782517-251c000001976e12ee3f0a8133b0_800_800.jpg,"https://si.geilicdn.com/open1624782517-1624782517-251c000001976e12ee3f0a8133b0_800_800.jpg, https://si.geilicdn.com/open1624782517-1624782517-5824000001976e1306200aa0c79f_800_800.jpg, https://si.geilicdn.com/open1624782517-1624782517-2366000001976e1311e80a23b491_800_800.jpg, https://si.geilicdn.com/open1624782517-1624782517-5b05000001976e1328300aa043be_800_800.jpg, https://si.geilicdn.com/open1624782517-1624782517-2522000001976e12fdda0a8133b0_800_800.jpg",,,,random,pricey asf but so uniqueeee ,,,0,false,false,false,false,,48,"{""Litbuy"":""https://litbuy.com/product/weidian/7491030793?linkSearch=true&inviteCode=PKMR"",""USFans"":""https://www.usfans.com/product/3/7491030793?ref=5FTXZW"",""Kakobuy"":""https://item.kakobuy.com/item/details?url=https%3A%2F%2Fweidian.com%2Fitem.html%3FitemID%3D7491030793&affcode=six7n""}"
916b961e-3c40-434c-9250-b18498033b9a,Low Cortisol T-Shirt,Koszulki,12,21.72,https://cbu01.alicdn.com/img/ibank/O1CN01RJYuc01JLXwYDURqh_!!2220535651012-0-cib.jpg,"https://cbu01.alicdn.com/img/ibank/O1CN01RJYuc01JLXwYDURqh_!!2220535651012-0-cib.jpg, https://cbu01.alicdn.com/img/ibank/O1CN01umvwmF1JLXwWwMQmZ_!!2220535651012-0-cib.jpg, https://cbu01.alicdn.com/img/ibank/O1CN01iK49Gf1JLXwXTMMms_!!2220535651012-0-cib.jpg, https://cbu01.alicdn.com/img/ibank/O1CN01hfTLXZ1JLXwWtPsDB_!!2220535651012-0-cib.jpg, https://cbu01.alicdn.com/img/ibank/O1CN01UJMLMQ1JLXwWtTIKD_!!2220535651012-0-cib.jpg, https://cbu01.alicdn.com/img/ibank/O1CN01zzWGj01JLXwWIBhaO_!!2220535651012-0-cib.jpg, https://cbu01.alicdn.com/img/ibank/O1CN01C2qUaB1JLXwWtQLHQ_!!2220535651012-0-cib.jpg, https://cbu01.alicdn.com/img/ibank/O1CN01Y7V38M1JLXxQfSarD_!!2220535651012-0-cib.jpg, https://cbu01.alicdn.com/img/ibank/O1CN01xktAZr1JLXxLvHgzD_!!2220535651012-0-cib.jpg, https://cbu01.alicdn.com/img/ibank/O1CN01HkewKN1JLXxQu3nKW_!!2220535651012-0-cib.jpg, https://cbu01.alicdn.com/img/ibank/O1CN01j6rfsA1JLXxWpwOSE_!!2220535651012-0-cib.jpg, https://cbu01.alicdn.com/img/ibank/O1CN01sP7jqz1JLXxWstEIr_!!2220535651012-0-cib.jpg, https://cbu01.alicdn.com/img/ibank/O1CN01BihIVh1JLXxYAf71R_!!2220535651012-0-cib.jpg",,,,random,,"S, M, L, XL",,0,false,false,false,false,,48,"{""Litbuy"":""https://litbuy.com/product/0/1023774827077?linkSearch=true&inviteCode=PKMR"",""USFans"":""https://www.usfans.com/product/1/1023774827077?ref=5FTXZW"",""Kakobuy"":""https://item.kakobuy.com/item/details?url=https%3A%2F%2Fdetail.1688.com%2Foffer%2F1023774827077.html&affcode=six7n""}"
c8fe27d6-bec1-441b-9f0b-09dffb379721,alo Jackets,Kurtki,142.52,257.99,https://si.geilicdn.com/wdseller1489596767-1e0b0000019b6b8d1c3a0a2103bd_600_800.jpg,,,,,Best,,"M, L, XL, XXL, 3XL, 4XL",,0,false,false,true,false,,48,"{""Litbuy"":""https://litbuy.com/product/weidian/7649050082?linkSearch=true&inviteCode=PKMR"",""USFans"":""https://www.usfans.com/product/3/7649050082?ref=5FTXZW"",""Kakobuy"":""https://item.kakobuy.com/item/details?url=https%3A%2F%2Fweidian.com%2Fitem.html%3FitemID%3D7649050082&affcode=six7n"",""Kakaobuy"":""https://item.kakobuy.com/item/details?url=https%3A%2F%2Fshop1735969156.v.weidian.com%2Fitem.html%3FitemID%3D7649050082""}"
16e4dc2a-7ac2-4dbe-a40a-dcff6a4c55ba,alo bags,Plecak/torby/torebki,54.14,98,https://si.geilicdn.com/wdseller1489596767-52220000019b1e6de9d40a23b5fa_3384_2961.jpg,"https://si.geilicdn.com/wdseller1489596767-52220000019b1e6de9d40a23b5fa_3384_2961.jpg, https://si.geilicdn.com/wdseller1489596767-58c10000019b1e6deb040a20e672_800_800.jpg, https://si.geilicdn.com/wdseller1489596767-5bc30000019b1e6deacb0a2396f4_800_800.jpg, https://si.geilicdn.com/wdseller1489596767-6ba20000019b1e6deb8b0a23041a_800_800.jpg, https://si.geilicdn.com/wdseller1489596767-679e0000019b1e6dec2d0a8133cc_800_800.jpg, https://si.geilicdn.com/wdseller1489596767-53000000019b1e6dec840a231177_800_800.jpg, https://si.geilicdn.com/wdseller1489596767-54c70000019b1e6decde0a239646_800_800.jpg, https://si.geilicdn.com/wdseller1489596767-1b410000019b1e6ded780a21146b_800_800.jpg, https://si.geilicdn.com/wdseller1489596767-35410000019b1e6dee400a210139_800_800.jpg, https://si.geilicdn.com/wdseller1489596767-2a2a0000019b1e6deea10a231316_800_800.jpg, https://si.geilicdn.com/wdseller1489596767-293d0000019b1e6deee50a811411_800_800.jpg, https://si.geilicdn.com/wdseller1489596767-62580000019b1e745baa0a210256_800_800.jpg, https://si.geilicdn.com/wdseller1489596767-62480000019b1e748af40a2301b4_800_800.jpg, https://si.geilicdn.com/wdseller1489596767-62c70000019b1e749d5f0a23047e_800_800.jpg, https://si.geilicdn.com/wdseller1489596767-63db0000019b1e75692d0a230115_800_800.jpg, https://si.geilicdn.com/wdseller1489596767-628b0000019b1e7539960a2301b4_800_800.jpg, https://si.geilicdn.com/wdseller1489596767-53380000019b1e751b040a20e273_800_800.jpg",,,,Best,,,,0,false,true,true,false,,48,"{""Litbuy"":""https://litbuy.com/product/weidian/7635294516?linkSearch=true&inviteCode=PKMR"",""USFans"":""https://www.usfans.com/product/3/7635294516?ref=5FTXZW"",""Kakobuy"":""https://item.kakobuy.com/item/details?url=https%3A%2F%2Fweidian.com%2Fitem.html%3FitemID%3D7635294516&affcode=six7n"",""Kakaobuy"":""https://item.kakobuy.com/item/details?url=https%3A%2F%2Fshop1735969156.v.weidian.com%2Fitem.html%3FitemID%3D7635294516&affcode=six7n""}"
93e13f82-8282-4e25-9017-6ea561dfbebd,Hermes Paris Bouncing Calf Sneaker,Buty,152,275.15,https://si.geilicdn.com/pcitem1892064229-7bc8000001951372c27e0a23111a_2880_2880.jpg,"https://si.geilicdn.com/pcitem1892064229-7bc8000001951372c27e0a23111a_2880_2880.jpg, https://si.geilicdn.com/pcitem1892064229-017f000001951372c8510a239846_2880_2880.jpg, https://si.geilicdn.com/pcitem1892064229-0002000001951372cd9f0a210256_2880_2880.jpg, https://si.geilicdn.com/pcitem1892064229-7e77000001951372d40d0a20e2c5_2880_2880.jpg, https://si.geilicdn.com/pcitem1892064229-02d9000001951372d9ff0a2304aa_2880_2880.jpg, https://si.geilicdn.com/pcitem1892064229-07e5000001951372e0280a231316_2880_2880.jpg, https://si.geilicdn.com/pcitem1892064229-0443000001951372e6250a2303ee_2880_2880.jpg, https://si.geilicdn.com/pcitem1892064229-7e7d000001951372ec2f0a20e2c5_2880_2880.jpg, https://si.geilicdn.com/pcitem1892064229-01ef000001951372f1570a20e7c7_2880_2880.jpg, https://si.geilicdn.com/pcitem1892064229-0575000001951379f41d0a2303ee_1080_1080.jpg, https://si.geilicdn.com/pcitem1892064229-070f00000195137a06890a21146b_1080_1080.jpg, https://si.geilicdn.com/pcitem1892064229-020e00000195137a1a800a230115_1080_1080.jpg, https://si.geilicdn.com/pcitem1892064229-055e00000195137a2ca20a23041a_1512_1512.jpg, https://si.geilicdn.com/pcitem1892064229-043000000195137a403f0a2102c5_1512_1512.jpg, https://si.geilicdn.com/pcitem1892064229-033300000195137a522b0a20e7c7_1512_1512.jpg, https://si.geilicdn.com/pcitem1892064229-054600000195137a643e0a239646_1512_1512.jpg, https://si.geilicdn.com/pcitem1892064229-7fbe00000195137a7a280a20e2c5_1512_1512.jpg, https://si.geilicdn.com/pcitem1892064229-057400000195137a8fb60a811411_1512_1512.jpg, https://si.geilicdn.com/pcitem1892064229-054000000195137aa1af0a210349_1512_1512.jpg, https://si.geilicdn.com/pcitem1892064229-097600000195137ab3cd0a23047e_1512_1512.jpg",,,,random,,,,0,false,false,false,false,,49,"{""Litbuy"":""https://litbuy.com/product/weidian/7701596560?linkSearch=true&inviteCode=PKMR"",""USFans"":""https://www.usfans.com/product/3/7701596560?ref=5FTXZW"",""Kakobuy"":""https://item.kakobuy.com/item/details?url=https%3A%2F%2Fweidian.com%2Fitem.html%3FitemID%3D7701596560&affcode=six7n""}"
d39d76d9-3340-4f70-b56e-f2305600a1dd,Dior hoodie,Bluzy,203.84,368.99,https://si.geilicdn.com/pcitem1678115151-222400000190235944f10a239846-unadjust_661_668.png,"https://si.geilicdn.com/pcitem1678115151-222400000190235944f10a239846-unadjust_661_668.png, https://si.geilicdn.com/pcitem1678115151-09d700000186fb9680650a8134f0-unadjust_436_166.png",,,,Best batch,,"XS, S, M, L",,0,false,false,true,false,,49,"{""Litbuy"":""https://litbuy.com/product/weidian/6154610557?linkSearch=true&inviteCode=PKMR"",""USFans"":""https://www.usfans.com/product/3/6154610557?ref=5FTXZW"",""Kakobuy"":""https://item.kakobuy.com/item/details?url=https%3A%2F%2Fweidian.com%2Fitem.html%3FitemID%3D6154610557&affcode=six7n"",""Kakaobuy"":""https://item.kakobuy.com/item/details?url=https%3A%2F%2Fweidian.com%2Fitem.html%3FitemID%3D6154610557""}"
07770a8c-f873-49ae-bbbb-9071d7ee5833,Microphone Shure SM7B (XLR),Akcesoria,201,363.85,https://cbu01.alicdn.com/img/ibank/O1CN01CVFshd1iIfh0y9I2L_!!2217668794390-0-cib.jpg,"https://cbu01.alicdn.com/img/ibank/O1CN01CVFshd1iIfh0y9I2L_!!2217668794390-0-cib.jpg, https://cbu01.alicdn.com/img/ibank/O1CN01RA5dq41iIffasHUWh_!!2217668794390-0-cib.jpg, https://cbu01.alicdn.com/img/ibank/O1CN01oP0CDB1iIffcpJmqB_!!2217668794390-0-cib.jpg, https://cbu01.alicdn.com/img/ibank/O1CN01SNdqUe1iIffYYkXXI_!!2217668794390-0-cib.jpg, https://cbu01.alicdn.com/img/ibank/O1CN01pfAdwB1iIffasE0FN_!!2217668794390-0-cib.jpg, https://cbu01.alicdn.com/img/ibank/O1CN01xQDwLz1iIfh5aKk4l_!!2217668794390-0-cib.jpg",,,,best,1:1,,,0,false,false,true,false,,49,"{""Litbuy"":""https://litbuy.com/product/0/777272242853?linkSearch=true&inviteCode=PKMR"",""USFans"":""https://www.usfans.com/product/1/777272242853?ref=5FTXZW"",""Kakobuy"":""https://item.kakobuy.com/item/details?url=https%3A%2F%2Fdetail.1688.com%2Foffer%2F777272242853.html&affcode=six7n""}"
0d355779-e917-4538-8af3-85cab7045cee,Lego Star Wars,Lego,419.84,760,https://si.geilicdn.com/pcitem1812657741-51860000019b117c31590a2102c5_800_800.jpg,"https://si.geilicdn.com/ch1812657741-01da0000019835da16030a21146b_1122_1122.jpg, https://si.geilicdn.com/pcitem1812657741-16d00000019b1164173e0a811411_1440_1080.jpg, https://si.geilicdn.com/pcitem1812657741-3e860000019b11641d2e0a20e273_1440_1080.jpg, https://si.geilicdn.com/pcitem1812657741-4d510000019b116425f90a230115_1440_1080.jpg, https://si.geilicdn.com/pcitem1812657741-4f6a0000019b116420cf0a2301b4_1440_1080.jpg, https://si.geilicdn.com/pcitem1812657741-55010000019b11642b5a0a23057e_1440_1080.jpg, https://si.geilicdn.com/ch1812657741-3ec60000019835da156c0a239646_1290_1612.jpg, https://si.geilicdn.com/ch1812657741-110f0000019835da184f0a231316_1440_1920.jpg, https://si.geilicdn.com/ch1812657741-39e10000019835da18840a2395e5_1440_1920.jpg, https://si.geilicdn.com/ch1812657741-39280000019835da188a0a2303ee_1920_1440.jpg, https://si.geilicdn.com/ch1812657741-10780000019835da18840a20e2c5_1440_1920.jpg, https://si.geilicdn.com/ch1812657741-112e0000019835da188b0a2304aa_1440_1920.jpg, https://si.geilicdn.com/pcitem1812657741-4e040000019b1164234d0a23047e_1440_1080.jpg, https://si.geilicdn.com/pcitem1812657741-28100000019b116428900a2304aa_1440_1080.jpg, https://si.geilicdn.com/pcitem1812657741-731b0000019ab5b6626d0a81347d_1920_1440.jpg, https://si.geilicdn.com/wdseller1812657741-21aa0000019835e458090a2102b1_1824_1827.jpg, https://si.geilicdn.com/wdseller1812657741-0baa0000019b0caafb630a8133cc_1280_1280.jpg, https://si.geilicdn.com/wdseller1812657741-1c4b0000019971ba2e1f0a81347d_800_800.jpg, https://si.geilicdn.com/wdseller1812657741-7aec0000019a5dae1b1c0a20e284_1200_1200.jpg, https://si.geilicdn.com/wdseller1812657741-14db00000199718875bc0a2315ef_901_900.jpg",,,,Best,,,,0,false,false,true,false,,49,"{""Litbuy"":""https://litbuy.com/product/weidian/7674839628?linkSearch=true&inviteCode=PKMR"",""USFans"":""https://www.usfans.com/product/3/7674839628?ref=5FTXZW"",""Kakobuy"":""https://item.kakobuy.com/item/details?url=https%3A%2F%2Fweidian.com%2Fitem.html%3FitemID%3D7674839628&affcode=six7n"",""Kakaobuy"":""https://item.kakobuy.com/item/details?url=https%3A%2F%2Fweidian.com%2Fitem.html%3FitemID%3D7674839628""}"
e4b9a654-a19c-468c-b95f-714a7ed09499,Timberland Veneda Carter,Buty,198.87,360,https://si.geilicdn.com/pcitem1914129982-41a00000019ee47e9c970a231316-unadjust_807_866.png,https://si.geilicdn.com/pcitem1914129982-41a00000019ee47e9c970a231316-unadjust_807_866.png,,,,Best,,"39, 40, 41, 42, 43, 44, 45, 46",,0,false,false,true,false,,49,"{""Litbuy"":""https://litbuy.com/product/weidian/7791730358?linkSearch=true&inviteCode=PKMR"",""USFans"":""https://www.usfans.com/product/3/7791730358?ref=5FTXZW"",""Kakobuy"":""https://item.kakobuy.com/item/details?url=https%3A%2F%2Fweidian.com%2Fitem.html%3FitemID%3D7791730358&affcode=six7n"",""Kakaobuy"":""https://ikako.vip/g9gej""}"
22d2287f-f08d-453f-8515-88fa5bd65faf,alo tee,Koszulki,52.48,95,https://si.geilicdn.com/wdseller1489596767-20060000019f9bc51c410a2301f1_2202_3141.jpg,"https://si.geilicdn.com/wdseller1489596767-20060000019f9bc51c410a2301f1_2202_3141.jpg, https://si.geilicdn.com/wdseller1489596767-4b9b0000019f9bc51c440a23c1e0_2181_3075.jpg, https://si.geilicdn.com/wdseller1489596767-42bb0000019f9bc51d3c0a8132bd_790_1062.jpg, https://si.geilicdn.com/wdseller1489596767-6bac0000019f9bc51eab0a20e284_790_1068.jpg, https://si.geilicdn.com/wdseller1489596767-22e70000019f9bc51cc30a23c191_2079_3009.jpg, https://si.geilicdn.com/wdseller1489596767-135a0000019f9bc51ccf0a23b54f_2148_3000.jpg, https://si.geilicdn.com/wdseller1489596767-25450000019f9bc51d3c0a23b6ac_2136_3048.jpg, https://si.geilicdn.com/wdseller1489596767-148f0000019f9bc51d3d0a23b4f4_2175_3120.jpg, https://si.geilicdn.com/wdseller1489596767-72b80000019f9bc5a47e0a22d1a4_1815_1881.jpg, https://si.geilicdn.com/wdseller1489596767-32bd0000019f9bcf23be0a20e7c7_1024_1024.jpg, https://si.geilicdn.com/wdseller1489596767-03ac0000019f9bcf3c930a20e273_1024_1024.jpg, https://si.geilicdn.com/wdseller1489596767-3dfa0000019f9bcf53880a210256_1024_1024.jpg, https://si.geilicdn.com/wdseller1489596767-3f6f0000019f9bcf691a0a23047e_1024_1024.jpg, https://si.geilicdn.com/wdseller1489596767-4c6d0000019f9bcf80d80a8133cc_1024_1024.jpg, https://si.geilicdn.com/wdseller1489596767-5df80000019f9bcf97a00a2394a4_1024_1024.jpg",,,,Best batch,,"S, M, L, XL, XXL",,1,false,false,true,false,,49,"{""Litbuy"":""https://litbuy.com/product/weidian/7815955608?linkSearch=true&inviteCode=PKMR"",""USFans"":""https://www.usfans.com/product/3/7815955608?ref=5FTXZW"",""Kakobuy"":""https://item.kakobuy.com/item/details?url=https%3A%2F%2Fweidian.com%2Fitem.html%3FitemID%3D7815955608&affcode=six7n"",""Kakaobuy"":""https://item.kakobuy.com/item/details?url=https%3A%2F%2Fweidian.com%2Fitem.html%3FitemID%3D7815955608""}"
9fa89517-c7d3-4df0-8695-0c167389e712,Umbro Merch,Sets,120,217.23,https://si.geilicdn.com/pcitem1968904846-25f30000019bba450ba80a811411_800_800.jpg,"https://si.geilicdn.com/pcitem1968904846-25f30000019bba450ba80a811411_800_800.jpg, https://si.geilicdn.com/pcitem1968904846-4e570000019bba4479920a2102c5_3200_2400.jpg, https://si.geilicdn.com/pcitem1968904846-10e600000199e2f0b7320a239646_2500_2500.jpg, https://si.geilicdn.com/pcitem1968904846-110b00000199e2daf5f40a207569_1200_1200.jpg, https://si.geilicdn.com/pcitem1968904846-099100000199e2d550630a239846_1200_1200.jpg, https://si.geilicdn.com/pcitem1968904846-0a9900000199e2bcb77a0a20e672_2500_2500.jpg, https://si.geilicdn.com/open1849310973-1234478995-0af000000199e1474d890a22d249_1200_1200.jpg, https://si.geilicdn.com/open1849310973-1234478995-02f600000199e14753800a8133b0_1200_1200.jpg, https://si.geilicdn.com/open1849310973-1234478995-09eb00000199e14757dd0a231226_1200_1200.jpg, https://si.geilicdn.com/open1849310973-1234478995-02f800000199e1475dd00a8133b0_1200_1200.jpg, https://si.geilicdn.com/open1849310973-1234478995-22b100000199e14761560aa081c2_1200_1200.jpg, https://si.geilicdn.com/open1849310973-1234478995-361e00000199e14770470aa043f9_1920_1920.jpg, https://si.geilicdn.com/open1849310973-1234478995-00c200000199e14781200a8115c2_1920_1920.jpg, https://si.geilicdn.com/open1849310973-1234478995-22bd00000199e1478f4f0aa081c2_1920_1920.jpg, https://si.geilicdn.com/open1849310973-1234478995-04db00000199e147a0b80a23b4de_1920_1920.jpg, https://si.geilicdn.com/pcitem1968904846-079100000199e2c0f0c20a231177_1200_1200.jpg, https://si.geilicdn.com/open1849310973-1234478995-00dc00000199e147dfdd0a8115c2_1920_1920.jpg, https://si.geilicdn.com/open1849310973-1234478995-00e200000199e147efb10a8115c2_1920_1920.jpg, https://si.geilicdn.com/open1849310973-1234478995-0a1300000199e14802b00a231226_1920_1920.jpg, https://si.geilicdn.com/open1849310973-1234478995-032a00000199e14811e50a8133b0_1920_1920.jpg",,,,best,,,,0,false,false,true,false,,49,"{""Litbuy"":""https://litbuy.com/product/weidian/7747071435?linkSearch=true&inviteCode=PKMR"",""USFans"":""https://www.usfans.com/product/3/7747071435?ref=5FTXZW"",""Kakobuy"":""https://item.kakobuy.com/item/details?url=https%3A%2F%2Fweidian.com%2Fitem.html%3FitemID%3D7747071435&affcode=six7n""}"
a36fdc48-b2e6-43f5-9fc7-326150548df5,Derschutze Beanie (Black&Blue),Akcesoria,30,54.31,/api/public/product-image?path=products/1788417567714-hmy46zi9whg.png,,,,,best,pengreps = best na derschutze ,,,0,false,false,true,false,,50,"{""Litbuy"":""https://litbuy.com/product/weidian/7489795048?linkSearch=true&inviteCode=PKMR"",""USFans"":""https://www.usfans.com/product/3/7489795048?ref=5FTXZW"",""Kakobuy"":""https://item.kakobuy.com/item/details?url=https%3A%2F%2Fweidian.com%2Fitem.html%3FitemID%3D7489795048&affcode=six7n""}"
9798e006-b1e0-4648-ab5e-2f64aafabb8a,Jordan 4 Retro Black Cat,Buty,261,472.47,https://si.geilicdn.com/wdseller902003588782-6cca0000019beab823b70a231316_1280_1280.jpg,"https://si.geilicdn.com/wdseller902003588782-6cca0000019beab823b70a231316_1280_1280.jpg, https://si.geilicdn.com/pcitem1800766149-7df20000018d032ea3930a231273_3024_3024.jpg, https://si.geilicdn.com/wdseller1800766149-751d00000199be1057b40a21146b_1189_1189.jpg, https://si.geilicdn.com/wdseller902003588782-599a000001a057290ad60a811258_1280_1280.jpg, https://si.geilicdn.com/wdseller902003588782-7c3d0000019f7ef33a0e0a81347d_1280_1280.jpg, https://si.geilicdn.com/wdseller902003588782-652f0000019e3668e8ee0a2301b4_1280_1280.jpg, https://si.geilicdn.com/wdseller1800766149-77160000019662fdb42d0a23c283_2560_2560.jpg, https://si.geilicdn.com/wdseller1800766149-2ef600000194c79846a00a23138d_2560_2560.jpg, https://si.geilicdn.com/wdseller902003588782-2f0a0000019cae69ee470a811411_1280_1280.jpg, https://si.geilicdn.com/wdseller902003588782-39370000019b97acb3680a230417_2560_2560.jpg, https://si.geilicdn.com/wdseller902003588782-7d9e0000019a8632cafc0a2305d8_2560_2560.jpg, https://si.geilicdn.com/wdseller902003588782-3b8f0000019c1e018df80a2304aa_1280_1280.jpg, https://si.geilicdn.com/wdseller1800766149-359d000001934f2699690a239379_2560_2560.jpg, https://si.geilicdn.com/wdseller1800766149-54460000019593c5bf290a23c16f_2560_2560.jpg, https://si.geilicdn.com/wdseller1800766149-7c87000001975a3dd0c70a2301af_2560_2560.jpg, https://si.geilicdn.com/wdseller1800766149-3501000001934f264ba50a230246_2560_2560.jpg, https://si.geilicdn.com/wdseller1800766149-5b4400000195669e09aa0a23010f_2560_2560.jpg, https://si.geilicdn.com/wdseller1800766149-3554000001934f26bca50a239839_2560_2560.jpg, https://si.geilicdn.com/wdseller1800766149-3479000001934f26e5db0a230449_2560_2560.jpg, https://si.geilicdn.com/wdseller1800766149-06750000019370ec2eff0a2394df_2560_2560.jpg",,,,best,,,,0,false,false,true,false,,50,"{""Litbuy"":""https://litbuy.com/product/weidian/7583382180?linkSearch=true&inviteCode=PKMR"",""USFans"":""https://www.usfans.com/product/3/7583382180?ref=5FTXZW"",""Kakobuy"":""https://item.kakobuy.com/item/details?url=https%3A%2F%2Fweidian.com%2Fitem.html%3FitemID%3D7583382180&affcode=six7n""}"
359c0b35-5e38-4d58-898f-ff23e52b204b,Gigabyte RTX4090,Elektronika,132.58,240,https://si.geilicdn.com/pcitem1863556860-672b0000019bbfa582300a2303ee_1280_1280.jpg,"https://si.geilicdn.com/pcitem1863556860-61950000019ddd22719e0a21146b_1284_1278.jpg, https://si.geilicdn.com/pcitem1863556860-37470000019bbfa574990a2304aa_1280_1280.jpg, https://si.geilicdn.com/pcitem1863556860-2d0d0000019bbfa576ed0a20e2c5_2670_2670.jpg, https://si.geilicdn.com/pcitem1863556860-5b0b0000019bbfa57c770a23038e_1280_1280.jpg, https://si.geilicdn.com/pcitem1863556860-516d0000019bbfa57e330a20e7c7_1280_1280.jpg, https://si.geilicdn.com/pcitem1863556860-5e4f0000019bbfa580240a23037f_1280_1280.jpg, https://si.geilicdn.com/pcitem1863556860-672b0000019bbfa582300a2303ee_1280_1280.jpg, https://si.geilicdn.com/pcitem1863556860-66800000019bbfa583c40a23111a_1280_1280.jpg, https://si.geilicdn.com/pcitem1863556860-37cc0000019e2a9565b70a230115_1000_1000.jpg, https://si.geilicdn.com/pcitem1923191567-71830000019cb1bd11110a20e284_1284_1280.jpg, https://si.geilicdn.com/pcitem1863556860-13a70000019e2aa3f7e80a811411_1000_1000.jpg, https://si.geilicdn.com/pcitem1923191567-5db70000019cb1bcf2160a239846_1284_1277.jpg, https://si.geilicdn.com/pcitem1863556860-0ec10000019e2a9afa8b0a811411_1280_1280.jpg, https://si.geilicdn.com/pcitem1923191567-7bd10000019cb1b9a3500a230115_1284_1277.jpg, https://si.geilicdn.com/pcitem1863556860-50d50000019e2a93579c0a23041a_1000_1000.jpg, https://si.geilicdn.com/pcitem1923191567-78c90000019cb1cac7c00a20e284_1284_1274.jpg, https://si.geilicdn.com/pcitem1863556860-45710000019e2a977d100a23038e_1000_1000.jpg, https://si.geilicdn.com/pcitem1863556860-302c0000019e2a94a99b0a2102c5_1000_1000.jpg, https://si.geilicdn.com/pcitem1923191567-6a5e0000019cb1c4b5c90a20e7c7_1284_1020.jpg, https://si.geilicdn.com/pcitem1863556860-40c20000019e2aa31f560a20e284_1000_1000.jpg",,,,Best,,,,0,false,false,true,false,,50,"{""Litbuy"":""https://litbuy.com/product/weidian/7773227498?linkSearch=true&inviteCode=PKMR"",""USFans"":""https://www.usfans.com/product/3/7773227498?ref=5FTXZW"",""Kakobuy"":""https://item.kakobuy.com/item/details?url=https%3A%2F%2Fweidian.com%2Fitem.html%3FitemID%3D7773227498&affcode=six7n"",""Kakaobuy"":""https://item.kakobuy.com/item/details?url=https%3A%2F%2Fweidian.com%2Fitem.html%3FitemID%3D7773227498""}"
d8fd50c4-a9e9-4c02-82a6-2adc8d97c176,alo shorts,Spodenki,52.48,95,https://si.geilicdn.com/wdseller1489596767-6ba500000198331a0f040a23047e_800_800.jpg,"https://si.geilicdn.com/wdseller1489596767-6ba500000198331a0f040a23047e_800_800.jpg, https://si.geilicdn.com/wdseller1489596767-6c9a00000198331a10c30a207569_800_800.jpg, https://si.geilicdn.com/wdseller1489596767-400100000198331a0a7c0a20e2c5_800_800.jpg, https://si.geilicdn.com/wdseller1489596767-6c7e00000198331a15830a230115_800_800.jpg, https://si.geilicdn.com/wdseller1489596767-3e7b00000198331a16d80a811411_800_800.jpg, https://si.geilicdn.com/wdseller1489596767-409800000198331a17fd0a2304aa_800_800.jpg, https://si.geilicdn.com/wdseller1489596767-6a1600000198331a1cf60a20e284_800_800.jpg, https://si.geilicdn.com/wdseller1489596767-6c8d00000198331a1f2c0a81347d_800_800.jpg, https://si.geilicdn.com/wdseller1489596767-313800000198331a21540a21146b_800_800.jpg, https://si.geilicdn.com/wdseller1489596767-6b0700000198331a21f70a20e273_800_800.jpg, https://si.geilicdn.com/wdseller1489596767-4fd9000001983326c8b70a231316_800_800.jpg, https://si.geilicdn.com/wdseller1489596767-4091000001983326d95a0a21146b_800_800.jpg, https://si.geilicdn.com/wdseller1489596767-139100000198333825ac0a239646_800_800.jpg",,,,Best,,"S, M, L, XL, XXL, 3XL, 4XL",,0,false,false,true,false,,50,"{""Litbuy"":""https://litbuy.com/product/weidian/7513997206?linkSearch=true&inviteCode=PKMR"",""USFans"":""https://www.usfans.com/product/3/7513997206?ref=5FTXZW"",""Kakobuy"":""https://item.kakobuy.com/item/details?url=https%3A%2F%2Fweidian.com%2Fitem.html%3FitemID%3D7513997206&affcode=six7n"",""Kakaobuy"":""https://item.kakobuy.com/item/details?url=https%3A%2F%2Fweidian.com%2Fitem.html%3FitemID%3D7513997206""}"
40553c25-0764-468d-a865-acf5cbdc218f,Dior Tshirts,Koszulki,48.61,87.99,https://si.geilicdn.com/open1665298973-1234478995-2dfc00000196b1165cae0a231226_2559_2542.jpg,"https://si.geilicdn.com/open1665298973-1234478995-2dfc00000196b1165cae0a231226_2559_2542.jpg, https://si.geilicdn.com/open1665298973-1234478995-499c00000196b1165fe30a23b4de-unadjust_1080_1080.png, https://si.geilicdn.com/open1665298973-1234478995-47c800000196b11660d10a8133b0-unadjust_1080_1080.png, https://si.geilicdn.com/open1665298973-1234478995-416100000196b11661c70aa0834c-unadjust_1080_1080.png, https://si.geilicdn.com/open1665298973-1234478995-3f1100000196b11662bf0a8115c2-unadjust_1080_1080.png, https://si.geilicdn.com/open1665298973-1234478995-382e00000196b11665fa0aa08290-unadjust_1080_1080.png, https://si.geilicdn.com/open1665298973-1234478995-38c700000196b1166b020a22d249-unadjust_1250_1250.png, https://si.geilicdn.com/open1665298973-1234478995-283600000196b1166db80a23b491_2059_2061.jpg, https://si.geilicdn.com/open1665298973-1234478995-49a400000196b11674a10a23b4de-unadjust_1900_1900.png, https://si.geilicdn.com/open1665298973-1234478995-47d000000196b11677640a8133b0-unadjust_1900_1900.png, https://si.geilicdn.com/open1665298973-1234478995-416900000196b11678c70aa0834c-unadjust_1080_1080.png, https://si.geilicdn.com/open1665298973-1234478995-3f1900000196b1167b510a8115c2-unadjust_1080_1080.png, https://si.geilicdn.com/open1665298973-1234478995-383600000196b1167dba0aa08290-unadjust_1080_1080.png, https://si.geilicdn.com/open1665298973-1234478995-38d100000196b116817d0a22d249-unadjust_1080_1080.png, https://si.geilicdn.com/open1665298973-1234478995-284000000196b11684e30a23b491-unadjust_1080_1080.png, https://si.geilicdn.com/open1665298973-1234478995-2e0c00000196b11688ac0a231226-unadjust_1080_1080.png, https://si.geilicdn.com/open1665298973-1234478995-49ac00000196b1168b5f0a23b4de-unadjust_1080_1080.png, https://si.geilicdn.com/open1665298973-1234478995-47d800000196b1168e660a8133b0-unadjust_1080_1080.png, https://si.geilicdn.com/open1665298973-1234478995-417500000196b11691850aa0834c-unadjust_1080_1080.png, https://si.geilicdn.com/open1665298973-1234478995-3f2100000196b11693d10a8115c2-unadjust_1080_1080.png",,,,best,,"S, M, L, XL",,0,false,false,true,false,,50,"{""Litbuy"":""https://litbuy.com/product/weidian/7807927727?linkSearch=true&inviteCode=PKMR"",""USFans"":""https://www.usfans.com/product/3/7807927727?ref=5FTXZW"",""Kakobuy"":""https://item.kakobuy.com/item/details?url=https%3A%2F%2Fweidian.com%2Fitem.html%3FitemID%3D7807927727&affcode=six7n""}"
9104a9e7-e9b1-4b8e-a46e-4ecd6fe57d47,Derschutze basic,Bluzy,110.48,199.99,https://si.geilicdn.com/wdseller1940384309-0b7a0000019b4fabdf8b0a23c191_1320_1320.jpg,https://si.geilicdn.com/wdseller1940384309-0b7a0000019b4fabdf8b0a23c191_1320_1320.jpg,,,,Best batch,,"S, M, L, XL",,0,false,false,true,false,,50,"{""Litbuy"":""https://litbuy.com/product/weidian/7644873700?linkSearch=true&inviteCode=PKMR"",""USFans"":""https://www.usfans.com/product/3/7644873700?ref=5FTXZW"",""Kakobuy"":""https://item.kakobuy.com/item/details?url=https%3A%2F%2Fweidian.com%2Fitem.html%3FitemID%3D7644873700&affcode=six7n"",""Kakaobuy"":""https://ikako.vip/5hnxe""}"
9f620946-8514-481b-93e6-cfc4574464de,Air pods pro 2,Elektronika,107.72,195,https://si.geilicdn.com/pcitem1769897421-39970000019112ef7a670a2102c5_3120_4160.jpg,"https://si.geilicdn.com/pcitem1769897421-39970000019112ef7a670a2102c5_3120_4160.jpg, https://si.geilicdn.com/pcitem1769897421-351e0000019112ef91160a2301b4_2560_1920.jpg, https://si.geilicdn.com/pcitem1769897421-3b990000019112fdfd0a0a20e273_4032_3024.jpg, https://si.geilicdn.com/pcitem1769897421-358b0000019112fe05e60a23047e_4032_3024.jpg, https://si.geilicdn.com/pcitem1769897421-36600000019112fe11000a23111a_4032_3024.jpg, https://si.geilicdn.com/pcitem1769897421-38200000019112fe1a200a207569_4032_3024.jpg, https://si.geilicdn.com/pcitem1769897421-3d170000019112fe22400a210256_4032_3024.jpg, https://si.geilicdn.com/pcitem1769897421-3b460000019112fe2c8e0a2315ef_4032_3024.jpg, https://si.geilicdn.com/pcitem1769897421-74ef0000019112fe348e0a21146b_4032_3024.jpg, https://si.geilicdn.com/pcitem1769897421-75a5000001911304b4f70a21146b-unadjust_952_1269.png, https://si.geilicdn.com/pcitem1769897421-04f700000191138353d20a231316-unadjust_1200_1200.png, https://si.geilicdn.com/pcitem1769897421-058a00000191138354cf0a20e35c-unadjust_1200_1200.png, https://si.geilicdn.com/pcitem1769897421-600300000191138356070a239646-unadjust_1200_1200.png, https://si.geilicdn.com/pcitem1769897421-2e9100000191138356ec0a811411-unadjust_1200_1200.png, https://si.geilicdn.com/pcitem1769897421-478300000191138357e60a20e7c7-unadjust_1200_1200.png",,,,Best budget,1562AE,,,0,false,false,true,false,,50,"{""Litbuy"":""https://litbuy.com/product/weidian/7765839283?linkSearch=true&inviteCode=PKMR"",""USFans"":""https://www.usfans.com/product/3/7765839283?ref=5FTXZW"",""Kakobuy"":""https://item.kakobuy.com/item/details?url=https%3A%2F%2Fweidian.com%2Fitem.html%3FitemID%3D7765839283&affcode=six7n"",""Kakaobuy"":""https://item.kakobuy.com/item/details?url=https%3A%2F%2Fweidian.com%2Fitem.html%3FitemID%3D7765839283""}"
83bed844-f1de-4e39-8a06-cbc6477af9a7,Yezzy Slides,Buty,65,0,https://si.geilicdn.com/pcitem2012606482-4eed0000019a9af1712e0a20e672_1200_1200.jpg.webp?w=750&h=750&cp=1,"https://si.geilicdn.com/pcitem2012606482-4eed0000019a9af1712e0a20e672_1200_1200.jpg, https://si.geilicdn.com/open1665298973-1234478995-7d5e0000019616c023310a8133b0_1080_1080.jpg, https://si.geilicdn.com/open1665298973-1234478995-6dfb0000019616c025be0a22d249_1070_1062.jpg, https://si.geilicdn.com/open1665298973-1234478995-61c50000019616c027a50a231226_1080_1080.jpg, https://si.geilicdn.com/open1665298973-1234478995-6f2d0000019616c0298f0aa08290_1080_1080.jpg, https://si.geilicdn.com/open1665298973-1234478995-6dfd0000019616c02bcf0a22d249_1080_1080.jpg, https://si.geilicdn.com/open1665298973-1234478995-61c90000019616c02db60a231226_1080_1080.jpg, https://si.geilicdn.com/open1665298973-1234478995-7d660000019616c02f960a8133b0_1080_1080.jpg, https://si.geilicdn.com/open1665298973-1234478995-74d80000019616c031ab0a8115c2_1080_1080.jpg, https://si.geilicdn.com/open1665298973-1234478995-603c0000019616c033840a23b491_1080_1080.jpg, https://si.geilicdn.com/open1665298973-1234478995-61cf0000019616c035860a231226_1080_1080.jpg, https://si.geilicdn.com/open1665298973-1234478995-00f60000019616c037b10a23b4de_1080_1080.jpg, https://si.geilicdn.com/open1665298973-1234478995-74de0000019616c039b30a8115c2_1080_1080.jpg, https://si.geilicdn.com/open1665298973-1234478995-7d6e0000019616c03bd00a8133b0_1080_1080.jpg, https://si.geilicdn.com/open1665298973-1234478995-61d70000019616c03dce0a231226_1080_1080.jpg, https://si.geilicdn.com/open1665298973-1234478995-76d60000019616c03fa70aa0834c_1080_1080.jpg, https://si.geilicdn.com/open1665298973-1234478995-76da0000019616c041c20aa0834c_1080_1080.jpg, https://si.geilicdn.com/open1665298973-1234478995-74e60000019616c043a10a8115c2_1080_1080.jpg, https://si.geilicdn.com/open1665298973-1234478995-604a0000019616c045e50a23b491_1080_1080.jpg, https://si.geilicdn.com/open1665298973-1234478995-76dc0000019616c048170aa0834c_1080_1080.jpg",,,,budget,,,,0,false,false,false,false,,51,"{""Litbuy"":""https://litbuy.com/product/weidian/7807921717?linkSearch=true&inviteCode=PKMR"",""USFans"":""https://www.usfans.com/product/3/7807921717?ref=5FTXZW"",""Kakobuy"":""https://item.kakobuy.com/item/details?url=https%3A%2F%2Fweidian.com%2Fitem.html%3FitemID%3D7807921717&affcode=six7n""}"
7dba51ee-0503-4f15-ae86-e29ab6c4b2a7,Bape shorts,Spodenki,66.29,120,https://si.geilicdn.com/wdseller1987434584-5be70000019fa3991c920a81347d_1170_1170.jpg,"https://si.geilicdn.com/wdseller1987434584-5be70000019fa3991c920a81347d_1170_1170.jpg, https://si.geilicdn.com/wdseller1987434584-558c0000019fa3991c250a230115_1170_1170.jpg, https://si.geilicdn.com/wdseller1987434584-5f970000019fa399b74a0a23c1e0_2560_2560.jpg, https://si.geilicdn.com/wdseller1987434584-5f980000019fa399d5800a23c1e0_2560_2560.jpg",,,,Best,,"M, L, XL",,1,false,false,true,false,,51,"{""Litbuy"":""https://litbuy.com/product/weidian/7816705856?linkSearch=true&inviteCode=PKMR"",""USFans"":""https://www.usfans.com/product/3/7816705856?ref=5FTXZW"",""Kakobuy"":""https://item.kakobuy.com/item/details?url=https%3A%2F%2Fweidian.com%2Fitem.html%3FitemID%3D7816705856&affcode=six7n"",""Kakaobuy"":""https://ikako.vip/4cqb2""}"
b6e9b7ba-6bcb-43d0-a22a-bf3a25c9d2ac,Mini Drukarka Termiczna,Akcesoria,35,63.36,https://si.geilicdn.com/open1817296969-1234478995-77020000019b642e3f4e0a8133b0_1392_1392.jpg,"https://si.geilicdn.com/open1817296969-1234478995-77020000019b642e3f4e0a8133b0_1392_1392.jpg, https://si.geilicdn.com/open1817296969-1234478995-09c90000019b642e42230a23b4de_750_750.jpg, https://si.geilicdn.com/open1817296969-1234478995-0c9c0000019b642e44640a22d249_750_750.jpg, https://si.geilicdn.com/open1817296969-1234478995-770e0000019b642e46e80a8133b0_1000_1000.jpg, https://si.geilicdn.com/open1817296969-1234478995-1e0c0000019b642e49930aa086a7_750_750.jpg, https://si.geilicdn.com/pcitem1814535739-61040000019e8253935e0a2394a4_1200_1200.jpg, https://si.geilicdn.com/pcitem1814535739-0de60000019e8253a94f0a20e2c5_1200_1200.jpg, https://si.geilicdn.com/pcitem1814535739-0dc80000019e8253bfaf0a811411_1024_1024.jpg, https://si.geilicdn.com/pcitem1814535739-3fc60000019e8253d6e40a23047e_538_538.jpg",,,,random,idealna do waszych paragonow ... ,,,0,false,false,false,false,,51,"{""Litbuy"":""https://litbuy.com/product/weidian/7648060672?linkSearch=true&inviteCode=PKMR"",""USFans"":""https://www.usfans.com/product/3/7648060672?ref=5FTXZW"",""Kakobuy"":""https://item.kakobuy.com/item/details?url=https%3A%2F%2Fweidian.com%2Fitem.html%3FitemID%3D7648060672&affcode=six7n""}"
ca46c252-d4de-434b-83cb-8215418a149e,Air Max TN Plus Swarovski Moonlight,Buty,118,213.61,https://si.geilicdn.com/pcitem1511288293-42de0000018f786320f90a2395f2_1280_1280.jpg,"https://si.geilicdn.com/pcitem1511288293-42de0000018f786320f90a2395f2_1280_1280.jpg, https://si.geilicdn.com/pcitem901963392232-100c0000019a69437f6d0a20e2c5_1920_1920.jpg",,,,best,,,,0,false,false,true,false,,51,"{""Litbuy"":""https://litbuy.com/product/weidian/7676152548?linkSearch=true&inviteCode=PKMR"",""USFans"":""https://www.usfans.com/product/3/7676152548?ref=5FTXZW"",""Kakobuy"":""https://item.kakobuy.com/item/details?url=https%3A%2F%2Fweidian.com%2Fitem.html%3FitemID%3D7676152548&affcode=six7n""}"
e3d3f1a4-9fd5-416a-9d19-427ec0a08ddc,Dior hoodie 💎,Bluzy,231.46,418.99,https://si.geilicdn.com/pcitem1678115151-584d0000018b63289b070a23132e_746_743.jpg,"https://si.geilicdn.com/pcitem1678115151-584d0000018b63289b070a23132e_746_743.jpg, https://si.geilicdn.com/pcitem1678115151-5a6b0000018b632899d30a22d3fa-unadjust_440_266.png",,,,Best batch,,"XS, S, M, L",,0,false,false,true,false,,51,"{""Litbuy"":""https://litbuy.com/product/weidian/6757551117?linkSearch=true&inviteCode=PKMR"",""USFans"":""https://www.usfans.com/product/3/6757551117?ref=5FTXZW"",""Kakobuy"":""https://item.kakobuy.com/item/details?url=https%3A%2F%2Fweidian.com%2Fitem.html%3FitemID%3D6757551117&affcode=six7n"",""Kakaobuy"":""https://item.kakobuy.com/item/details?url=https%3A%2F%2Fweidian.com%2Fitem.html%3FitemID%3D6757551117""}"
62fb99c6-1989-4fcd-b97e-c24bd17f4300,"Air Force 1 ""CPFM""",Buty,204.4,370.01,https://si.geilicdn.com/open1733523732-1234478995-01f900000193832a70b50a8133b5_1179_884.jpg,"https://si.geilicdn.com/open1733523732-1234478995-01f900000193832a70b50a8133b5_1179_884.jpg, https://si.geilicdn.com/open1733523732-1234478995-501600000193832a785b0a8115b5_1074_1074.jpg, https://si.geilicdn.com/wdseller1505219366-534f00000196e8764b9e0a811411_960_961.jpg, https://si.geilicdn.com/open1733523732-1234478995-094000000193832a9df20a239383_1074_1074.jpg, https://si.geilicdn.com/wdseller1505219366-577900000196e87638b30a23038e_960_961.jpg",,,,Best batch,,"36, 36.5, 37.5, 38, 38.5, 39, 40, 40.5, 41, 42, 42.5, 43, 44, 44.5, 45, 46, 47.5",,0,false,true,true,false,,52,"{""Litbuy"":""https://litbuy.com/product/weidian/7780116095?linkSearch=true&inviteCode=PKMR"",""USFans"":""https://www.usfans.com/product/3/7780116095?ref=5FTXZW"",""Kakobuy"":""https://item.kakobuy.com/item/details?url=https%3A%2F%2Fweidian.com%2Fitem.html%3FitemID%3D7780116095&affcode=six7n""}"
31cf7de8-8c8b-4d04-af79-ad9227492b12,Raf Simons 'Virginia Creeper' Hoodie,Bluzy,283,512.29,/api/public/product-image?path=products/1788453273890-s977wii70v.jpg,,,,,best,,,,1,false,false,true,false,,52,"{""Litbuy"":""https://litbuy.com/product/1/1017758822809?linkSearch=true&inviteCode=PKMR"",""USFans"":""https://www.usfans.com/product/2/1017758822809?ref=5FTXZW"",""Kakobuy"":""https://item.kakobuy.com/item/details?url=https%3A%2F%2Fitem.taobao.com%2Fitem.htm%3Fid%3D1017758822809&affcode=six7n""}"
f6b9e8b7-48d1-4a28-8d98-8f2ef8726c1d,Casablanca Tees,Koszulki,77,139.39,https://si.geilicdn.com/pcitem1993255956-26f30000019a006084bd0a239646_1200_1200.jpg,"https://si.geilicdn.com/pcitem1993255956-26f30000019a006084bd0a239646_1200_1200.jpg, https://si.geilicdn.com/open1624782517-1624782517-2cac00000195748113f80a22d249-unadjust_868_286.png, https://si.geilicdn.com/open1624782517-1624782517-29c40000019574c7f2430a8115c2_1000_1000.jpg, https://si.geilicdn.com/open1624782517-1624782517-26590000019574c7f4220aa08290_900_900.jpg, https://si.geilicdn.com/open1624782517-1624782517-26ab0000019574c7f5970a22d249_900_900.jpg, https://si.geilicdn.com/open1624782517-1624782517-19370000019574c7f6fa0a23b491_1000_1000.jpg, https://si.geilicdn.com/open1624782517-1624782517-0d890000019574c7f8ba0a231226_1000_1000.jpg, https://si.geilicdn.com/open1624782517-1624782517-31880000019574c7fad40a23b4de_1000_1000.jpg, https://si.geilicdn.com/open1624782517-1624782517-295f0000019574c7fcae0aa0834c_1000_1000.jpg, https://si.geilicdn.com/open1624782517-1624782517-29ee0000019574c7fe3d0a8115c2_1000_1000.jpg, https://si.geilicdn.com/open1624782517-1624782517-26850000019574c7ff910aa08290_1000_1000.jpg, https://si.geilicdn.com/open1624782517-1624782517-26d70000019574c8018d0a22d249_900_900.jpg, https://si.geilicdn.com/open1624782517-1624782517-19630000019574c803360a23b491_900_900.jpg, https://si.geilicdn.com/open1624782517-1624782517-0db70000019574c805050a231226_900_900.jpg, https://si.geilicdn.com/open1624782517-1624782517-1c370000019574c4be9e0a22d249_900_900.jpg, https://si.geilicdn.com/open1624782517-1624782517-2ec40000019574c7eed80a8133b0_900_900.jpg, https://si.geilicdn.com/open1624782517-1624782517-31b20000019574c8074e0a23b4de_900_900.jpg, https://si.geilicdn.com/open1624782517-1624782517-320a0000019574c81fbd0a23b4de_900_900.jpg, https://si.geilicdn.com/open1624782517-1624782517-2f800000019574c821260a8133b0_900_900.jpg, https://si.geilicdn.com/open1624782517-1624782517-29e70000019574c822d60aa0834c_900_900.jpg",,,,best,,"S, M, L, XL",,0,false,false,true,false,,52,"{""Litbuy"":""https://litbuy.com/product/weidian/7789176356?linkSearch=true&inviteCode=PKMR"",""USFans"":""https://www.usfans.com/product/3/7789176356?ref=5FTXZW"",""Kakobuy"":""https://item.kakobuy.com/item/details?url=https%3A%2F%2Fweidian.com%2Fitem.html%3FitemID%3D7789176356&affcode=six7n""}"
b9b434b0-6dcd-4fb7-989f-54a40d881cc9,F1 wall frame,Room,52.48,95,https://cbu01.alicdn.com/img/ibank/O1CN01ph9gdO1zsG4TrGVgG_!!3961356769-0-cib.jpg,"https://cbu01.alicdn.com/img/ibank/O1CN01ph9gdO1zsG4TrGVgG_!!3961356769-0-cib.jpg, https://cbu01.alicdn.com/img/ibank/O1CN01uBOBOH1zsG1AwCweF_!!3961356769-0-cib.jpg, https://cbu01.alicdn.com/img/ibank/O1CN019BBIs81zsG3KHfMmW_!!3961356769-0-cib.jpg, https://cbu01.alicdn.com/img/ibank/O1CN01K8QZMI1zsG74JyzxR_!!3961356769-0-cib.jpg, https://cbu01.alicdn.com/img/ibank/O1CN01AiLRG31zsG05XzhVd_!!3961356769-0-cib.jpg, https://cbu01.alicdn.com/img/ibank/O1CN01I8NfzT1zsG08GsonS_!!3961356769-0-cib.jpg, https://cbu01.alicdn.com/img/ibank/O1CN0124ibO91zsG08fcEnl_!!3961356769-0-cib.jpg, https://cbu01.alicdn.com/img/ibank/O1CN01SX9JBJ1zsG06DkPSu_!!3961356769-0-cib.jpg, https://cbu01.alicdn.com/img/ibank/O1CN01lVQwC21zsG09CJAfj_!!3961356769-0-cib.jpg, https://cbu01.alicdn.com/img/ibank/O1CN019bGOoW1zsG07nKyql_!!3961356769-0-cib.jpg, https://cbu01.alicdn.com/img/ibank/O1CN01eDSSn41zsG07nIhOg_!!3961356769-0-cib.jpg, https://cbu01.alicdn.com/img/ibank/O1CN01rxiRfO1zsG01Cb8Ym_!!3961356769-0-cib.jpg, https://cbu01.alicdn.com/img/ibank/O1CN01v2YCRQ1zsG07b9mQD_!!3961356769-0-cib.jpg, https://cbu01.alicdn.com/img/ibank/O1CN0182BBVZ1zsG06NdcFF_!!3961356769-0-cib.jpg, https://cbu01.alicdn.com/img/ibank/O1CN01ZuwcXC1zsG07g6Wfi_!!3961356769-0-cib.jpg, https://cbu01.alicdn.com/img/ibank/O1CN01YdTFRm1zsG08fbZBs_!!3961356769-0-cib.jpg, https://cbu01.alicdn.com/img/ibank/O1CN01qgLShZ1zsG09jTENs_!!3961356769-0-cib.jpg, https://cbu01.alicdn.com/img/ibank/O1CN01BfkyIe1zsG07g5vEh_!!3961356769-0-cib.jpg, https://cbu01.alicdn.com/img/ibank/O1CN01ZEDF8W1zsG08YsruN_!!3961356769-0-cib.jpg, https://cbu01.alicdn.com/img/ibank/O1CN01jTvA3t1zsG01Cdoxv_!!3961356769-0-cib.jpg",,,,Best,,,,0,false,false,true,false,,52,"{""Litbuy"":""https://litbuy.com/product/0/885287840783?linkSearch=true&inviteCode=PKMR"",""USFans"":""https://www.usfans.com/product/1/885287840783?ref=5FTXZW"",""Kakobuy"":""https://item.kakobuy.com/item/details?url=https%3A%2F%2Fdetail.1688.com%2Foffer%2F885287840783.html&affcode=six7n"",""Kakaobuy"":""https://item.kakobuy.com/item/details?url=https%3A%2F%2Fdetail.1688.com%2Foffer%2F885287840783.html""}"
3ad9d0f1-4f7f-4cfc-b977-b0e88588fe6d,Peace In War (EU),Bluzy,115.46,209.01,https://si.geilicdn.com/wdseller1995625455-22210000019e301b42160a2396f4_1280_1707.jpg,"https://si.geilicdn.com/wdseller1995625455-22210000019e301b42160a2396f4_1280_1707.jpg, https://si.geilicdn.com/wdseller1995625455-69720000019e301bed8a0a23b4f4_3025_3026.jpg",,,,Best batch,,"S, M, L, XL",,1,false,false,true,false,,52,"{""Litbuy"":""https://litbuy.com/product/weidian/7768749330?linkSearch=true&inviteCode=PKMR"",""USFans"":""https://www.usfans.com/product/3/7768749330?ref=5FTXZW"",""Kakobuy"":""https://item.kakobuy.com/item/details?url=https%3A%2F%2Fweidian.com%2Fitem.html%3FitemID%3D7768749330&affcode=six7n"",""Kakaobuy"":""https://ikako.vip/7apy3""}"
59121848-cdd9-4eff-99a7-8b342f79feb1,Vlone x Juice WRLD White Tee,Sets,52,94.13,https://si.geilicdn.com/open1685879877-252808396-6b1d00000192a3c5f48d0a210298_800_800.jpg,"https://si.geilicdn.com/open1685879877-252808396-6b1d00000192a3c5f48d0a210298_800_800.jpg, https://si.geilicdn.com/open1685879877-252808396-3d6700000192a3c5f77c0a232357_800_800.jpg, https://si.geilicdn.com/open1685879877-252808396-518200000192a3c5fb750a239383_1920_1920.jpg, https://si.geilicdn.com/open1685879877-252808396-57c800000192a3c5fffd0aa08290_800_800.jpg, https://si.geilicdn.com/open1685879877-252808396-794d00000192a3c603030a210559_800_800.jpg, https://si.geilicdn.com/open1685879877-252808396-6bd100000192a3c67d7b0a210298_800_800.jpg, https://si.geilicdn.com/open1685879877-252808396-603600000192a3c680410a22d234_800_800.jpg, https://si.geilicdn.com/open1685879877-252808396-3e1d00000192a3c683460a232357_800_800.jpg, https://si.geilicdn.com/open1685879877-252808396-6bd900000192a3c685e20a210298_800_800.jpg, https://si.geilicdn.com/open1685879877-252808396-3e2300000192a3c6889f0a232357_800_800.jpg, https://si.geilicdn.com/open1685879877-252808396-79fd00000192a3c68b650a210559_800_800.jpg, https://si.geilicdn.com/open1685879877-252808396-588200000192a3c68e330aa08290_800_800.jpg, https://si.geilicdn.com/open1685879877-252808396-604c00000192a3c6913b0a22d234_800_800.jpg, https://si.geilicdn.com/open1685879877-252808396-6bed00000192a3c693eb0a210298_800_800.jpg, https://si.geilicdn.com/open1685879877-252808396-524600000192a3c6969e0a239383_800_800.jpg, https://si.geilicdn.com/open1685879877-252808396-186e00000192a3c6994a0a8115b5_800_800.jpg, https://si.geilicdn.com/open1685879877-252808396-7a1500000192a3c69bd60a210559_800_800.jpg, https://si.geilicdn.com/open1685879877-252808396-524c00000192a3c69eac0a239383_800_800.jpg, https://si.geilicdn.com/pcitem901964032459-65a50000019db8f7752b0a207569-unadjust_1621_1621.png, https://si.geilicdn.com/pcitem901964032459-7ba70000019e67645e6d0a239833-unadjust_661_785.png",,,,budget,Many colorways are available here ,"S, M, L, XL",,0,false,false,false,false,,53,"{""Litbuy"":""https://litbuy.com/product/weidian/7492566934?linkSearch=true&inviteCode=PKMR"",""USFans"":""https://www.usfans.com/product/3/7492566934?ref=5FTXZW"",""Kakobuy"":""https://item.kakobuy.com/item/details?url=https%3A%2F%2Fweidian.com%2Fitem.html%3FitemID%3D7492566934&affcode=six7n""}"
3da43f7f-4624-4a80-8eaf-9a77ed8b697d,Ralph Hoodies Budget,Bluzy,65,117.66,https://si.geilicdn.com/open1878930789-1234478995-206e0000019a4f22f2a30a231226_1920_1920.jpg,"https://si.geilicdn.com/open1878930789-1234478995-206e0000019a4f22f2a30a231226_1920_1920.jpg, https://si.geilicdn.com/open1878930789-1234478995-17bf0000019a4f22f9de0a8133b0_1280_1280.jpg, https://si.geilicdn.com/open1878930789-1234478995-17c30000019a4f22fd4a0a8133b0_1281_1280.jpg, https://si.geilicdn.com/open1878930789-1234478995-203c0000019a4f23005e0a22d249_1280_1280.jpg, https://si.geilicdn.com/open1878930789-1234478995-1f2f0000019a4f2302cd0a23b4de_1280_1280.jpg, https://si.geilicdn.com/open1878930789-1234478995-149b0000019a4f2306770a8115c2_1280_1280.jpg, https://si.geilicdn.com/open1878930789-1234478995-20400000019a4f230a570a22d249_1280_1280.jpg, https://si.geilicdn.com/open1878930789-1234478995-1f330000019a4f230cdf0a23b4de_1280_1280.jpg, https://si.geilicdn.com/open1878930789-1234478995-149f0000019a4f230fc50a8115c2_1280_1280.jpg, https://si.geilicdn.com/open1878930789-1234478995-18a00000019a4f23138e0a23b491_1920_1920.jpg, https://si.geilicdn.com/open1878930789-1234478995-365f0000019a4f2318670aa081c2_1920_1920.jpg, https://si.geilicdn.com/open1878930789-1234478995-382d0000019a4f231c780aa086a7_1281_1280.jpg, https://si.geilicdn.com/open1878930789-1234478995-18a60000019a4f231f4c0a23b491_1281_1280.jpg, https://si.geilicdn.com/open1878930789-1234478995-36610000019a4f2322780aa081c2_1280_1280.jpg, https://si.geilicdn.com/open1878930789-1234478995-382f0000019a4f2325f60aa086a7_1280_1280.jpg, https://si.geilicdn.com/open1878930789-1234478995-207e0000019a4f2329540a231226_1920_1920.jpg, https://si.geilicdn.com/open1878930789-1234478995-17d50000019a4f232d5f0a8133b0_1920_1920.jpg, https://si.geilicdn.com/open1878930789-1234478995-204e0000019a4f2333750a22d249_1920_1920.jpg, https://si.geilicdn.com/open1878930789-1234478995-1f3f0000019a4f2337f30a23b4de_1920_1920.jpg, https://si.geilicdn.com/open1878930789-1234478995-20840000019a4f233d1f0a231226_1920_1920.jpg",,,,best,,,,0,false,false,true,false,,53,"{""Litbuy"":""https://litbuy.com/product/weidian/7786174535?linkSearch=true&inviteCode=PKMR"",""USFans"":""https://www.usfans.com/product/3/7786174535?ref=5FTXZW"",""Kakobuy"":""https://item.kakobuy.com/item/details?url=https%3A%2F%2Fweidian.com%2Fitem.html%3FitemID%3D7786174535&affcode=six7n""}"
40ef01b7-bf91-493f-91a1-5f51dd9e01b5,Alo Sports Short Skirt,Spodenki,59.66,108,https://si.geilicdn.com/wdseller1489596767-5aa40000019f4446bdb30a8132bd_1200_1200.jpg,"https://si.geilicdn.com/wdseller1489596767-5aa40000019f4446bdb30a8132bd_1200_1200.jpg, https://si.geilicdn.com/wdseller1489596767-63980000019f4446bdb90a2394a4_1200_1200.jpg, https://si.geilicdn.com/wdseller1489596767-08a70000019f4446bde60a21146b_1200_1200.jpg, https://si.geilicdn.com/wdseller1489596767-02410000019f4446bf8b0a20e284_1200_1200.jpg, https://si.geilicdn.com/wdseller1489596767-4f450000019f4446bfa20a22d535_800_800.jpg, https://si.geilicdn.com/wdseller1489596767-05de0000019f4446bfbe0a22d1a4_1200_1200.jpg, https://si.geilicdn.com/wdseller1489596767-3a810000019f4446c1260a20e7c7_800_800.jpg, https://si.geilicdn.com/wdseller1489596767-45d20000019f4446c1930a23037f_1200_1200.jpg, https://si.geilicdn.com/wdseller1489596767-551d0000019f4446c1b50a2303ee_1200_1200.jpg, https://si.geilicdn.com/wdseller1489596767-4a240000019f4446c2650a23111a_1200_1200.jpg, https://si.geilicdn.com/wdseller1489596767-746e0000019f44532fb60a2394a4_800_800.jpg, https://si.geilicdn.com/wdseller1489596767-1a610000019f4453cd5e0a21146b_1200_1200.jpg, https://si.geilicdn.com/wdseller1489596767-2d5d0000019f4453ecaf0a231177_800_800.jpg, https://si.geilicdn.com/wdseller1489596767-479f0000019f445418200a23057e_1200_1200.jpg, https://si.geilicdn.com/wdseller1489596767-4fd60000019f445442b20a2301b4_1200_1200.jpg, https://si.geilicdn.com/wdseller1489596767-2de70000019f4454569d0a231177_1200_1200.jpg",,,,Best,,"S, M, L, XL, XXL",,0,false,true,true,false,,53,"{""Litbuy"":""https://litbuy.com/product/weidian/7803391321?linkSearch=true&inviteCode=PKMR"",""USFans"":""https://www.usfans.com/product/3/7803391321?ref=5FTXZW"",""Kakobuy"":""https://item.kakobuy.com/item/details?url=https%3A%2F%2Fweidian.com%2Fitem.html%3FitemID%3D7803391321&affcode=six7n"",""Kakaobuy"":""https://item.kakobuy.com/item/details?url=https%3A%2F%2Fshop1735969156.v.weidian.com%2Fitem.html%3FitemID%3D7803391321&affcode=six7n""}"
79e73f56-664c-40fb-8101-a1b80ede085c,Derschutze Pink,Bluzy,85.63,155.01,https://si.geilicdn.com/wdseller1940384309-11a10000019730c5b8010a23041a_1280_1280.jpg,https://si.geilicdn.com/wdseller1940384309-11a10000019730c5b8010a23041a_1280_1280.jpg,,,,Best batch,,"S, M, L, XL",,0,false,true,true,false,,53,"{""Litbuy"":""https://litbuy.com/product/weidian/7484578542?linkSearch=true&inviteCode=PKMR"",""USFans"":""https://www.usfans.com/product/3/7484578542?ref=5FTXZW"",""Kakobuy"":""https://item.kakobuy.com/item/details?url=https%3A%2F%2Fweidian.com%2Fitem.html%3FitemID%3D7484578542&affcode=six7n"",""Kakaobuy"":""https://ikako.vip/2hnwf""}"
615f3d80-05de-419c-b1f1-fb5529de09f8,Lego no-logo,Lego,232.02,420.01,https://si.geilicdn.com/pcitem1812657741-50c40000019b118a10b00a231177_1300_1300.jpg,"https://si.geilicdn.com/ch1812657741-01da0000019835da16030a21146b_1122_1122.jpg, https://si.geilicdn.com/pcitem1812657741-16d00000019b1164173e0a811411_1440_1080.jpg, https://si.geilicdn.com/pcitem1812657741-3e860000019b11641d2e0a20e273_1440_1080.jpg, https://si.geilicdn.com/pcitem1812657741-4d510000019b116425f90a230115_1440_1080.jpg, https://si.geilicdn.com/pcitem1812657741-4f6a0000019b116420cf0a2301b4_1440_1080.jpg, https://si.geilicdn.com/pcitem1812657741-55010000019b11642b5a0a23057e_1440_1080.jpg, https://si.geilicdn.com/ch1812657741-3ec60000019835da156c0a239646_1290_1612.jpg, https://si.geilicdn.com/ch1812657741-110f0000019835da184f0a231316_1440_1920.jpg, https://si.geilicdn.com/ch1812657741-39e10000019835da18840a2395e5_1440_1920.jpg, https://si.geilicdn.com/ch1812657741-39280000019835da188a0a2303ee_1920_1440.jpg, https://si.geilicdn.com/ch1812657741-10780000019835da18840a20e2c5_1440_1920.jpg, https://si.geilicdn.com/ch1812657741-112e0000019835da188b0a2304aa_1440_1920.jpg, https://si.geilicdn.com/pcitem1812657741-4e040000019b1164234d0a23047e_1440_1080.jpg, https://si.geilicdn.com/pcitem1812657741-28100000019b116428900a2304aa_1440_1080.jpg, https://si.geilicdn.com/pcitem1812657741-731b0000019ab5b6626d0a81347d_1920_1440.jpg, https://si.geilicdn.com/wdseller1812657741-21aa0000019835e458090a2102b1_1824_1827.jpg, https://si.geilicdn.com/wdseller1812657741-0baa0000019b0caafb630a8133cc_1280_1280.jpg, https://si.geilicdn.com/wdseller1812657741-1c4b0000019971ba2e1f0a81347d_800_800.jpg, https://si.geilicdn.com/wdseller1812657741-7aec0000019a5dae1b1c0a20e284_1200_1200.jpg, https://si.geilicdn.com/wdseller1812657741-14db00000199718875bc0a2315ef_901_900.jpg",,,,Best,,,,0,false,false,true,false,,53,"{""Litbuy"":""https://litbuy.com/product/weidian/7674839628?linkSearch=true&inviteCode=PKMR"",""USFans"":""https://www.usfans.com/product/3/7674839628?ref=5FTXZW"",""Kakobuy"":""https://item.kakobuy.com/item/details?url=https%3A%2F%2Fweidian.com%2Fitem.html%3FitemID%3D7674839628&affcode=six7n"",""Kakaobuy"":""https://item.kakobuy.com/item/details?url=https%3A%2F%2Fweidian.com%2Fitem.html%3FitemID%3D7674839628""}"
5af74e75-5620-4642-a51d-951f56a92a49,Burberry Small Logo Basic T-shirts,Koszulki,70,126.71,https://si.geilicdn.com/pcitem1328441312-7ed50000017aa2da1aaf0a20e35c_800_800.jpg,"https://si.geilicdn.com/pcitem1328441312-7ed50000017aa2da1aaf0a20e35c_800_800.jpg, https://si.geilicdn.com/pcitem1328441312-005b0000017aa2da1d4d0a20e7c7_800_533.jpg, https://si.geilicdn.com/pcitem1328441312-7be10000017aa2da12f20a20e672_800_800.jpg, https://si.geilicdn.com/pcitem1328441312-01ed0000017aa2da14c30a20e284_800_800.jpg, https://si.geilicdn.com/pcitem1328441312-055a0000017aa2da169c0a21146b_800_800.jpg, https://si.geilicdn.com/pcitem1328441312-03160000017aa2da18af0a20e273_800_800.jpg, https://si.geilicdn.com/pcitem1328441312-7d090000017aa2da1ef80a20e2c5_800_538.jpg",,,,best,,"S, M, L, XL",,0,false,false,true,false,,54,"{""Litbuy"":""https://litbuy.com/product/weidian/7548249049?linkSearch=true&inviteCode=PKMR"",""USFans"":""https://www.usfans.com/product/3/7548249049?ref=5FTXZW"",""Kakobuy"":""https://item.kakobuy.com/item/details?url=https%3A%2F%2Fweidian.com%2Fitem.html%3FitemID%3D7548249049&affcode=six7n""}"
bd6b77ff-d955-4298-8415-e8643fd70ac9,BearBricks 400,Room,110.48,199.99,https://img.alicdn.com/bao/uploaded/i4/603088008/O1CN01vntHHO291iRXqtBsc_!!603088008.jpg,,,,,Best,,,,0,false,false,true,false,,54,"{""USFans"":""https://www.usfans.com/product/2/ZUIz3dzdZCnDO-Rf_3HM2ufOET_WRYjpwu14FtNYoSsoweuFtDMrEw?ref=5FTXZW"",""Kakaobuy"":""https://ikako.vip/fgbeyf""}"
f511a56c-0822-4e61-ab5f-86cda746f70a,Peace In War (Invert Sweden),Bluzy,109.38,198,https://si.geilicdn.com/wdseller1995625455-72cc0000019e9822fe0f0a2305d8_2560_3413.jpg,"https://si.geilicdn.com/wdseller1995625455-72cc0000019e9822fe0f0a2305d8_2560_3413.jpg, https://si.geilicdn.com/wdseller1995625455-41c60000019e982431ef0a23138d_3025_3025.jpg",,,,Best batch,,"S, M, L, XL",,0,false,false,true,false,,54,"{""Litbuy"":""https://litbuy.com/product/weidian/7783542378?linkSearch=true&inviteCode=PKMR"",""USFans"":""https://www.usfans.com/product/3/7783542378?ref=5FTXZW"",""Kakobuy"":""https://item.kakobuy.com/item/details?url=https%3A%2F%2Fweidian.com%2Fitem.html%3FitemID%3D7783542378&affcode=six7n"",""Kakaobuy"":""https://ikako.vip/p6j2sh""}"
6a5957c1-c1da-4ce7-b8d4-98022654d971,Pop Watch,Zegarki,160,289.63,https://si.geilicdn.com/pcitem902053027310-53650000019e7d5c2b240a231177-unadjust_1200_1200.png,"https://si.geilicdn.com/pcitem902053027310-53650000019e7d5c2b240a231177-unadjust_1200_1200.png, https://si.geilicdn.com/open1615844877-252808396-32f00000019e3de04e740a22d249_1272_2464.jpg, https://si.geilicdn.com/open1615844877-252808396-2c5d0000019e3de050f40a23b4de_1272_2464.jpg, https://si.geilicdn.com/open1615844877-252808396-127e0000019e3de053730a8115c2_1272_2464.jpg, https://si.geilicdn.com/open1615844877-252808396-2d800000019e3de057180a23b491_1272_2464.jpg, https://si.geilicdn.com/open1615844877-252808396-28040000019e3de059b40aa08239_1272_2464.jpg, https://si.geilicdn.com/open1615844877-252808396-22590000019e3de05ca20aa08269_1272_2464.jpg, https://si.geilicdn.com/open1615844877-252808396-26c60000019e3de05f940a231226_1272_2464.jpg, https://si.geilicdn.com/open1615844877-252808396-0b5f0000019e3de0625e0a8133b0_1272_2464.jpg, https://si.geilicdn.com/pcitem902053027310-509b0000019e7d58d3ae0a231177_1280_1708.jpg, https://si.geilicdn.com/open1615844877-252808396-32c00000019e3de038400a22d249_1272_2464.jpg, https://si.geilicdn.com/open1615844877-252808396-2c2b0000019e3de03b510a23b4de_1272_2464.jpg, https://si.geilicdn.com/open1615844877-252808396-12480000019e3de03e150a8115c2_1272_2464.jpg, https://si.geilicdn.com/open1615844877-252808396-2d380000019e3de040f40a23b491_1272_2464.jpg, https://si.geilicdn.com/open1615844877-252808396-27c20000019e3de043d90aa08239_1272_2464.jpg, https://si.geilicdn.com/open1615844877-252808396-221d0000019e3de046670aa08269_1272_2464.jpg, https://si.geilicdn.com/open1615844877-252808396-26920000019e3de0492a0a231226_1272_2464.jpg, https://si.geilicdn.com/open1615844877-252808396-0b330000019e3de04be80a8133b0_1272_2464.jpg, https://si.geilicdn.com/pcitem902053027310-747f0000019e7d697efa0a2102c5-unadjust_1200_1200.png, https://si.geilicdn.com/pcitem902053027310-04a00000019e7d6993660a2301b4_1200_1200.jpg",,,,best,,,,1,false,false,true,false,,54,"{""Litbuy"":""https://litbuy.com/product/weidian/7786221819?linkSearch=true&inviteCode=PKMR"",""USFans"":""https://www.usfans.com/product/3/7786221819?ref=5FTXZW"",""Kakobuy"":""https://item.kakobuy.com/item/details?url=https%3A%2F%2Fweidian.com%2Fitem.html%3FitemID%3D7786221819&affcode=six7n""}"
6cc3c257-43bf-4e83-b7a8-f843d0875d48,Balenci Tees,Koszulki,117.67,213.01,https://si.geilicdn.com/open1624782517-1624782517-696400000195c76a17a60a23b4de_1200_1200.jpg,"https://si.geilicdn.com/open1624782517-1624782517-696400000195c76a17a60a23b4de_1200_1200.jpg, https://si.geilicdn.com/open1624782517-1624782517-19d00000019582fc9cdc0aa08290-unadjust_570_409.png, https://si.geilicdn.com/open1624782517-1624782517-32be00000195703190b10a231226_2500_2500.jpg, https://si.geilicdn.com/open1624782517-1624782517-3e3700000195702a82e80aa0834c_2500_2500.jpg, https://si.geilicdn.com/open1624782517-1624782517-3dab00000195702b0fcd0a22d249_2500_2500.jpg, https://si.geilicdn.com/open1624782517-1624782517-4a1200000195702bf41e0a23b4de_2500_2500.jpg, https://si.geilicdn.com/open1624782517-1624782517-424d00000195702bfa300a8115c2_2500_2500.jpg, https://si.geilicdn.com/open1624782517-1624782517-318a00000195702bc7840a23b491_2500_2500.jpg, https://si.geilicdn.com/open1624782517-1624782517-259e00000195702ba4f80a231226_2500_2500.jpg, https://si.geilicdn.com/open1624782517-1624782517-709c0000019570467e4b0aa08290_2500_2500.jpg, https://si.geilicdn.com/open1624782517-1624782517-7bcc00000195704633c50a23b4de_2500_2500.jpg, https://si.geilicdn.com/open1624782517-1624782517-6355000001957046109f0a23b491_2500_1667.jpg, https://si.geilicdn.com/open1624782517-1624782517-7bb400000195704625710a23b4de_2500_1667.jpg, https://si.geilicdn.com/open1624782517-1624782517-58110000019570463d1f0a231226_2500_1667.jpg, https://si.geilicdn.com/open1624782517-1624782517-76a4000001957049853f0a22d249_2500_2500.jpg, https://si.geilicdn.com/open1624782517-1624782517-407200000195702cad590aa08290_2500_2500.jpg, https://si.geilicdn.com/open1624782517-1624782517-4eb500000195702e2f740a23b4de_2500_2500.jpg, https://si.geilicdn.com/open1624782517-1624782517-7529000001957048dc790a22d249_2500_2500.jpg, https://si.geilicdn.com/open1624782517-1624782517-4fdb00000195702f8b600a8133b0_800_800.jpg, https://si.geilicdn.com/open1624782517-1624782517-4aec000001957031861a0aa08290_2500_2500.jpg",,,,best,,"S, M, L, XL",,0,false,false,true,false,,55,"{""Litbuy"":""https://litbuy.com/product/weidian/7786190293?linkSearch=true&inviteCode=PKMR"",""USFans"":""https://www.usfans.com/product/3/7786190293?ref=5FTXZW"",""Kakobuy"":""https://item.kakobuy.com/item/details?url=https%3A%2F%2Fweidian.com%2Fitem.html%3FitemID%3D7786190293&affcode=six7n""}"
a0775f54-d34f-48e0-8762-25ba329fa7cf,Peace In War (Sweden),Bluzy,109.38,198,https://si.geilicdn.com/wdseller1995625455-4a6200000199b48e9dbe0a2301f1_1290_1720.jpg,https://si.geilicdn.com/wdseller1995625455-4a6200000199b48e9dbe0a2301f1_1290_1720.jpg,,,,Best batch,,"S, M, L, XL",,0,false,false,true,false,,55,"{""Litbuy"":""https://litbuy.com/product/weidian/7567731360?linkSearch=true&inviteCode=PKMR"",""USFans"":""https://www.usfans.com/product/3/7567731360?ref=5FTXZW"",""Kakobuy"":""https://item.kakobuy.com/item/details?url=https%3A%2F%2Fweidian.com%2Fitem.html%3FitemID%3D7567731360&affcode=six7n"",""Kakaobuy"":""https://ikako.vip/dwm5k""}"
fe1ebebf-5d11-4e1e-92df-df85c2e626e3,Gucci Rhyne,Buty,246,445.31,https://si.geilicdn.com/open1660815673-1234478995-3c1900000197d14d563e0aa043f9_2560_2565.jpg,"https://si.geilicdn.com/open1660815673-1234478995-3c1900000197d14d563e0aa043f9_2560_2565.jpg, https://si.geilicdn.com/open1660815673-1234478995-726700000197d14d5a210a23b4de_2560_2557.jpg, https://si.geilicdn.com/open1660815673-1234478995-787000000197d14d610e0a231226_2560_2557.jpg, https://si.geilicdn.com/open1660815673-1234478995-70fc00000197d14d66cd0a23b491_2560_2557.jpg, https://si.geilicdn.com/open1660815673-1234478995-75df00000197d14d6c760a22d249_2560_2557.jpg, https://si.geilicdn.com/open1660815673-1234478995-3c3500000197d14d72410aa043f9_2560_2557.jpg, https://si.geilicdn.com/open1660815673-1234478995-723c00000197d14d78840a8133b0_2560_2557.jpg, https://si.geilicdn.com/open1660815673-1234478995-3c4700000197d14d7f6f0aa043f9_2560_2557.jpg, https://si.geilicdn.com/open1660815673-1234478995-75ff00000197d14d85b30a22d249_2560_2557.jpg, https://si.geilicdn.com/open1660815673-1234478995-3c5000000197d14d8a510aa043f9_407_407.jpg",,,,best,,,,0,false,false,true,false,,55,"{""Litbuy"":""https://litbuy.com/product/weidian/7501096929?linkSearch=true&inviteCode=PKMR"",""USFans"":""https://www.usfans.com/product/3/7501096929?ref=5FTXZW"",""Kakobuy"":""https://item.kakobuy.com/item/details?url=https%3A%2F%2Fweidian.com%2Fitem.html%3FitemID%3D7501096929&affcode=six7n""}"
f72efc1c-a638-431a-9581-bae318c2001b,Summer LV Mule Slides,Buty,145,262.48,https://si.geilicdn.com/open1760924864-1234478995-56a4000001975a3d66480a231226_1000_664.jpg,"https://si.geilicdn.com/open1760924864-1234478995-56a4000001975a3d66480a231226_1000_664.jpg, https://si.geilicdn.com/open1760924864-1234478995-4c8e000001975a3d68740a8133b0_1000_664.jpg, https://si.geilicdn.com/open1760924864-1234478995-4c76000001975a3d6a020a8115c2_1000_664.jpg, https://si.geilicdn.com/open1760924864-1234478995-4c05000001975a3d6c320a23b491_1000_664.jpg, https://si.geilicdn.com/open1760924864-1234478995-03a7000001975a3d6dd10aa043be_1000_664.jpg, https://si.geilicdn.com/open1760924864-1234478995-0395000001975a3d6f4c0aa0c79f_1000_664.jpg, https://si.geilicdn.com/open1760924864-1234478995-4c96000001975a3d70950a8133b0_1000_664.jpg, https://si.geilicdn.com/open1760924864-1234478995-4c78000001975a3d71f60a8115c2_1000_664.jpg, https://si.geilicdn.com/open1760924864-1234478995-4c09000001975a3d733a0a23b491_1000_664.jpg, https://si.geilicdn.com/open1760924864-1234478995-56a8000001975a3d75070a231226_1200_800.jpg, https://si.geilicdn.com/open1760924864-1234478995-0399000001975a3d76d70aa0c79f_1200_800.jpg, https://si.geilicdn.com/open1760924864-1234478995-51e7000001975a3d784d0a22d249_1200_800.jpg, https://si.geilicdn.com/open1760924864-1234478995-4dcd000001975a3d79e50a23b4de_1200_800.jpg, https://si.geilicdn.com/open1760924864-1234478995-4c82000001975a3d7b320a8115c2_1200_800.jpg, https://si.geilicdn.com/open1760924864-1234478995-4c0f000001975a3d7cbe0a23b491_1200_800.jpg, https://si.geilicdn.com/open1760924864-1234478995-56b0000001975a3d7f680a231226_1200_800.jpg, https://si.geilicdn.com/open1760924864-1234478995-03af000001975a3d81120aa043be_1200_800.jpg, https://si.geilicdn.com/open1760924864-1234478995-4c29000001975a3dbf0a0a23b491_1200_800.jpg, https://si.geilicdn.com/open1760924864-1234478995-4cae000001975a3dc0cc0a8133b0_1200_800.jpg, https://si.geilicdn.com/open1760924864-1234478995-51ff000001975a3dc2e40a22d249_1200_800.jpg",,,,best,,,,0,false,false,true,false,,55,"{""Litbuy"":""https://litbuy.com/product/weidian/7698532579?linkSearch=true&inviteCode=PKMR"",""USFans"":""https://www.usfans.com/product/3/7698532579?ref=5FTXZW"",""Kakobuy"":""https://item.kakobuy.com/item/details?url=https%3A%2F%2Fweidian.com%2Fitem.html%3FitemID%3D7698532579&affcode=six7n""}"
3097c142-f61c-4879-9aa4-8583f3e48e32,Chrome Tees,Koszulki,49.17,89.01,https://si.geilicdn.com/pcitem1555397268-6ad200000197868b88460a20e273_800_800.jpg,"https://si.geilicdn.com/pcitem1555397268-6ad200000197868b88460a20e273_800_800.jpg, https://si.geilicdn.com/pcitem1555397268-66d80000019786898f990a23057e_800_800.jpg, https://si.geilicdn.com/pcitem1555397268-6a330000019786898e120a20e7c7_800_800.jpg, https://si.geilicdn.com/pcitem1555397268-6b1e00000197868990f10a2102c5_800_800.jpg, https://si.geilicdn.com/pcitem1555397268-6f210000019786898cb50a2396f4_800_800.jpg, https://si.geilicdn.com/pcitem1555397268-632a00000197868c1a3b0a8133cc_800_800.jpg, https://si.geilicdn.com/pcitem1555397268-618b00000197868c1c610a23041a_800_800.jpg, https://si.geilicdn.com/pcitem1555397268-651c00000197868c1e770a81347d_800_800.jpg, https://si.geilicdn.com/pcitem1555397268-669600000197868c20ef0a8134f0_800_800.jpg, https://si.geilicdn.com/pcitem1555397268-6b4700000197868c23a40a20e7c7_800_800.jpg, https://si.geilicdn.com/pcitem1555397268-6c4300000197868c268c0a2102c5_800_800.jpg, https://si.geilicdn.com/pcitem1555397268-60d400000197868c29410a210256_800_800.jpg, https://si.geilicdn.com/pcitem1555397268-6ca900000197868c2b7f0a239846_800_800.jpg, https://si.geilicdn.com/pcitem1555397268-6be200000197868c2f3d0a23038e_800_800.jpg, https://si.geilicdn.com/pcitem1555397268-6ecb00000197868c31a80a2303ee_800_800.jpg, https://si.geilicdn.com/pcitem1555397268-5e5b00000197868c35a00a230115_800_800.jpg, https://si.geilicdn.com/pcitem1555397268-6bef00000197868c37fe0a2315ef_800_800.jpg, https://si.geilicdn.com/pcitem1555397268-3a0e00000197868c3a510a2395e5_800_800.jpg, https://si.geilicdn.com/pcitem1555397268-6b1c00000197868c3dee0a20e273_800_800.jpg, https://si.geilicdn.com/pcitem1555397268-6c3800000197868c3fcf0a21146b_800_800.jpg",,,,best,,"S, M, L, XL",,0,false,false,true,false,,56,"{""Litbuy"":""https://litbuy.com/product/weidian/7789109412?linkSearch=true&inviteCode=PKMR"",""USFans"":""https://www.usfans.com/product/3/7789109412?ref=5FTXZW"",""Kakobuy"":""https://item.kakobuy.com/item/details?url=https%3A%2F%2Fweidian.com%2Fitem.html%3FitemID%3D7789109412&affcode=six7n""}"
4afefe91-0e5e-4407-9578-6dea4ce5cb32,alo backpacks,Plecak/torby/torebki,52.48,95,https://si.geilicdn.com/wdseller1489596767-58c600000198be7dc5610a23047e_800_717.jpg,"https://si.geilicdn.com/wdseller1489596767-58c600000198be7dc5610a23047e_800_717.jpg, https://si.geilicdn.com/wdseller1489596767-583600000198be7dc5850a207569_677_720.jpg, https://si.geilicdn.com/wdseller1489596767-55bd00000198be7dc5b00a230115_669_727.jpg, https://si.geilicdn.com/wdseller1489596767-59f600000198be7dc7130a81347d_660_718.jpg, https://si.geilicdn.com/wdseller1489596767-566e00000198be7dc7420a2396f4_800_800.jpg, https://si.geilicdn.com/wdseller1489596767-5ff600000198be82c9560a81347d_660_661.jpg, https://si.geilicdn.com/wdseller1489596767-5a9000000198be82e23e0a23037f_669_671.jpg, https://si.geilicdn.com/wdseller1489596767-357500000198be82fd600a2304aa_677_678.jpg, https://si.geilicdn.com/wdseller1489596767-5e4300000198be8315e30a20e273_951_951.jpg",,,,Best,,,,0,false,false,true,false,,56,"{""Litbuy"":""https://litbuy.com/product/weidian/7529902978?linkSearch=true&inviteCode=PKMR"",""USFans"":""https://www.usfans.com/product/3/7529902978?ref=5FTXZW"",""Kakobuy"":""https://item.kakobuy.com/item/details?url=https%3A%2F%2Fweidian.com%2Fitem.html%3FitemID%3D7529902978&affcode=six7n"",""Kakaobuy"":""https://item.kakobuy.com/item/details?url=https%3A%2F%2Fshop1735969156.v.weidian.com%2Fitem.html%3FitemID%3D7529902978""}"
c5e30cec-4986-449c-82a3-2beca69699fd,Bape tee,Koszulki,14.36,25.99,https://cbu01.alicdn.com/img/ibank/O1CN01djpnbc24PvfeJFRNe_!!2216935747384-0-cib.jpg,"https://cbu01.alicdn.com/img/ibank/O1CN01djpnbc24PvfeJFRNe_!!2216935747384-0-cib.jpg, https://cbu01.alicdn.com/img/ibank/O1CN01aMpfSc1jKn7lrloif_!!2217524274530-0-cib.jpg, https://cbu01.alicdn.com/img/ibank/O1CN01CnBRPJ1jKn7nKetc4_!!2217524274530-0-cib.jpg, https://cbu01.alicdn.com/img/ibank/O1CN01HV5qk624PvhCbv3aV_!!2216935747384-0-cib.jpg, https://cbu01.alicdn.com/img/ibank/O1CN01PVSZ5Y1jKn7ld2fKE_!!2217524274530-0-cib.jpg, https://cbu01.alicdn.com/img/ibank/O1CN01icCz5R24PvhBsJVyI_!!2216935747384-0-cib.jpg, https://cbu01.alicdn.com/img/ibank/O1CN01tbwKfv1euRqR99nng_!!115713931.jpg, https://cbu01.alicdn.com/img/ibank/O1CN01abQpmb1euRqNKlfbM_!!115713931.jpg, https://cbu01.alicdn.com/img/ibank/O1CN012QLu0b24PvgZa3Jh9_!!2216935747384-0-cib.jpg, https://cbu01.alicdn.com/img/ibank/O1CN01ERC8rQ24Pvga16ePb_!!2216935747384-0-cib.jpg, https://cbu01.alicdn.com/img/ibank/O1CN01nSP8vH24PvgZafRvj_!!2216935747384-0-cib.jpg, https://cbu01.alicdn.com/img/ibank/O1CN014ipoaS24PvgZgYFbH_!!2216935747384-0-cib.jpg, https://cbu01.alicdn.com/img/ibank/O1CN01v8I0C224PvgZtBGoZ_!!2216935747384-0-cib.jpg, https://cbu01.alicdn.com/img/ibank/O1CN01QGuWYN24PvgZEt9WX_!!2216935747384-0-cib.jpg, https://cbu01.alicdn.com/img/ibank/O1CN01LH4Iyk24PvgZYbXuR_!!2216935747384-0-cib.jpg, https://cbu01.alicdn.com/img/ibank/O1CN01G6GzXV24PvgaygaAj_!!2216935747384-0-cib.jpg, https://cbu01.alicdn.com/img/ibank/O1CN01ftoHDg24PvgZgMALP_!!2216935747384-0-cib.jpg, https://cbu01.alicdn.com/img/ibank/O1CN01r1NPUl24PvgZRgJEX_!!2216935747384-0-cib.jpg, https://cbu01.alicdn.com/img/ibank/O1CN01PIsb5O1euRkNgVtoC_!!115713931.jpg, https://cbu01.alicdn.com/img/ibank/O1CN01BJ6gHO1euRkIqsWAl_!!115713931.jpg",,,,Random,,"S, M, L, XL",,0,false,false,false,false,,56,"{""Litbuy"":""https://litbuy.com/product/0/783273846424?linkSearch=true&inviteCode=PKMR"",""USFans"":""https://www.usfans.com/product/1/783273846424?ref=5FTXZW"",""Kakobuy"":""https://item.kakobuy.com/item/details?url=https%3A%2F%2Fdetail.1688.com%2Foffer%2F783273846424.html&affcode=six7n"",""Kakaobuy"":""https://ikako.vip/82zhe""}"
016eb685-45b3-4524-b25f-57570e4fc707,Iphone 17 Pro Max 512GB (Android System),Elektronika,844,1527.82,https://si.geilicdn.com/wdseller1394631902-1f7a0000019a4db83ac10a2303ee_1440_810.jpg,https://si.geilicdn.com/wdseller1394631902-1f7a0000019a4db83ac10a2303ee_1440_810.jpg,,,,best,android system ,,,0,false,false,true,false,,56,"{""Litbuy"":""https://litbuy.com/product/weidian/7592661745?linkSearch=true&inviteCode=PKMR"",""USFans"":""https://www.usfans.com/product/3/7592661745?ref=5FTXZW"",""Kakobuy"":""https://item.kakobuy.com/item/details?url=https%3A%2F%2Fweidian.com%2Fitem.html%3FitemID%3D7592661745&affcode=six7n""}"
984bbec6-1f26-4c86-99bf-6fb5ee90c690,Coach Bag,Plecak/torby/torebki,38.67,70,https://cbu01.alicdn.com/img/ibank/O1CN01VkhKzk1S9U3gXcQas_!!2222187962204-0-cib.jpg,"https://cbu01.alicdn.com/img/ibank/O1CN01VkhKzk1S9U3gXcQas_!!2222187962204-0-cib.jpg, https://cbu01.alicdn.com/img/ibank/O1CN01b49N0w1S9U3cAQQAF_!!2222187962204-0-cib.jpg, https://cbu01.alicdn.com/img/ibank/O1CN01mgo91M1S9U3hVJ9ss_!!2222187962204-0-cib.jpg, https://cbu01.alicdn.com/img/ibank/O1CN01qxVbC01S9U3hCCNgT_!!2222187962204-0-cib.jpg, https://cbu01.alicdn.com/img/ibank/O1CN01dXmabV1S9U3gqqlX1_!!2222187962204-0-cib.jpg, https://cbu01.alicdn.com/img/ibank/O1CN01ZJ7i3b1S9U3ggVk98_!!2222187962204-0-cib.jpg, https://cbu01.alicdn.com/img/ibank/O1CN01JJnXR21S9U3hJ7j7Y_!!2222187962204-0-cib.jpg, https://cbu01.alicdn.com/img/ibank/O1CN01N4VQOz1S9U3h48lFC_!!2222187962204-0-cib.jpg, https://cbu01.alicdn.com/img/ibank/O1CN015kx9YH1S9U3h9eUHx_!!2222187962204-0-cib.jpg, https://cbu01.alicdn.com/img/ibank/O1CN01wUdOqU1S9U3h2y7jt_!!2222187962204-0-cib.jpg, https://cbu01.alicdn.com/img/ibank/O1CN01Mpe7Ng1S9U3cAQQ9m_!!2222187962204-0-cib.jpg, https://cbu01.alicdn.com/img/ibank/O1CN01fvd5Ij1S9U3grR7ur_!!2222187962204-0-cib.jpg, https://cbu01.alicdn.com/img/ibank/O1CN01MtgOlb1S9U3hR5Uba_!!2222187962204-0-cib.jpg, https://cbu01.alicdn.com/img/ibank/O1CN012gSIih1S9U3h1KEd2_!!2222187962204-0-cib.jpg, https://cbu01.alicdn.com/img/ibank/O1CN01vFEJal1S9U3gha0Wd_!!2222187962204-0-cib.jpg",,,,Best Random,,,,0,false,false,true,false,,57,"{""Litbuy"":""https://litbuy.com/product/0/1035794981098?linkSearch=true&inviteCode=PKMR"",""USFans"":""https://www.usfans.com/product/1/1035794981098?ref=5FTXZW"",""Kakobuy"":""https://item.kakobuy.com/item/details?url=https%3A%2F%2Fdetail.1688.com%2Foffer%2F1035794981098.html&affcode=six7n"",""Kakaobuy"":""https://ikako.vip/82zhe""}"
9311a266-50f4-4267-bbe6-4fec4927bc6f,Kaws bucket,Room,27.62,50,https://si.geilicdn.com/open1624782517-1624782517-2948000001976e1330b80a22d249_800_800.jpg,"https://si.geilicdn.com/open1624782517-1624782517-2948000001976e1330b80a22d249_800_800.jpg, https://si.geilicdn.com/open1624782517-1624782517-2544000001976e136bfb0a8133b0_800_800.jpg, https://si.geilicdn.com/open1624782517-1624782517-2399000001976e1386d00a8115c2_800_800.jpg, https://si.geilicdn.com/open1624782517-1624782517-2554000001976e13934f0a8133b0_800_800.jpg, https://si.geilicdn.com/open1624782517-1624782517-2d72000001976e134d200a231226_800_800.jpg",,,,Best,,,,0,false,false,true,false,,57,"{""Litbuy"":""https://litbuy.com/product/weidian/7491024913?linkSearch=true&inviteCode=PKMR"",""USFans"":""https://www.usfans.com/product/3/7491024913?ref=5FTXZW"",""Kakobuy"":""https://item.kakobuy.com/item/details?url=https%3A%2F%2Fweidian.com%2Fitem.html%3FitemID%3D7491024913&affcode=six7n""}"
610c90b5-e3fa-47a9-b4a8-2ab7789620b0,Supreme Backpack SS17 Black/Red BOX LOGO,Akcesoria,123,222.66,https://si.geilicdn.com/pcitem1378088195-3682000001983c9b9cf40a231316_1250_1256.jpg,"https://si.geilicdn.com/pcitem1378088195-3682000001983c9b9cf40a231316_1250_1256.jpg, https://si.geilicdn.com/pcitem1378088195-2701000001983c9b9f4e0a21146b_1251_1248.jpg",,,,best,,,,0,false,false,true,false,,57,"{""Litbuy"":""https://litbuy.com/product/weidian/7513141143?linkSearch=true&inviteCode=PKMR"",""USFans"":""https://www.usfans.com/product/3/7513141143?ref=5FTXZW"",""Kakobuy"":""https://item.kakobuy.com/item/details?url=https%3A%2F%2Fweidian.com%2Fitem.html%3FitemID%3D7513141143&affcode=six7n""}"
fbd780a8-8d02-41a2-acfb-4113e7e55b49,Hellstar Tees,Koszulki,70,126.71,https://si.geilicdn.com/open1665298973-1234478995-03ca0000019616c4cc6b0a23b4de_1200_1200.jpg,"https://si.geilicdn.com/open1665298973-1234478995-03ca0000019616c4cc6b0a23b4de_1200_1200.jpg, https://si.geilicdn.com/open1665298973-1234478995-79a60000019616c4d0e00aa0834c_800_800.jpg, https://si.geilicdn.com/open1665298973-1234478995-77ac0000019616c4d2c30a8115c2_800_800.jpg, https://si.geilicdn.com/open1665298973-1234478995-72040000019616c4d4f90aa08290_800_800.jpg, https://si.geilicdn.com/open1665298973-1234478995-64a10000019616c4db960a231226_800_800.jpg, https://si.geilicdn.com/open1665298973-1234478995-720c0000019616c4e1d40aa08290_800_800.jpg, https://si.geilicdn.com/open1665298973-1234478995-64ab0000019616c4e81a0a231226_800_800.jpg, https://si.geilicdn.com/open1665298973-1234478995-03dc0000019616c4eaf40a23b4de_800_800.jpg, https://si.geilicdn.com/open1665298973-1234478995-004b0000019616c4ec920a8133b0_800_800.jpg, https://si.geilicdn.com/open1665298973-1234478995-79b40000019616c4eff80aa0834c_800_800.jpg, https://si.geilicdn.com/open1665298973-1234478995-77be0000019616c4f3e40a8115c2_800_800.jpg, https://si.geilicdn.com/open1665298973-1234478995-721a0000019616c4fa260aa08290_800_800.jpg, https://si.geilicdn.com/open1665298973-1234478995-70eb0000019616c4fcc20a22d249_800_800.jpg, https://si.geilicdn.com/open1665298973-1234478995-63280000019616c500ad0a23b491_800_800.jpg, https://si.geilicdn.com/open1665298973-1234478995-632a0000019616c503740a23b491_800_800.jpg, https://si.geilicdn.com/open1665298973-1234478995-64bd0000019616c507a40a231226_800_800.jpg, https://si.geilicdn.com/open1665298973-1234478995-63300000019616c50cb80a23b491_800_800.jpg, https://si.geilicdn.com/open1665298973-1234478995-77d00000019616c511e20a8115c2_800_800.jpg, https://si.geilicdn.com/open1665298973-1234478995-70f50000019616c514e70a22d249_800_800.jpg, https://si.geilicdn.com/open1665298973-1234478995-00650000019616c5197f0a8133b0_800_800.jpg",,,,best,,"S, M, L, XL",,0,false,false,true,false,,57,"{""Litbuy"":""https://litbuy.com/product/weidian/7789038336?linkSearch=true&inviteCode=PKMR"",""USFans"":""https://www.usfans.com/product/3/7789038336?ref=5FTXZW"",""Kakobuy"":""https://item.kakobuy.com/item/details?url=https%3A%2F%2Fweidian.com%2Fitem.html%3FitemID%3D7789038336&affcode=six7n""}"
26c8396c-afef-4bda-a385-a584b1d82636,Burberry Tees,Koszulki,45,81.46,https://si.geilicdn.com/pcitem901898590714-794c000001941136a6fc0a8134f0_3000_3000.jpg,"https://si.geilicdn.com/pcitem901898590714-794c000001941136a6fc0a8134f0_3000_3000.jpg, https://si.geilicdn.com/pcitem901898590714-7864000001941136bf4f0a20e7c7_1200_1200.jpg, https://si.geilicdn.com/pcitem901898590714-78220000019411368fa60a20e672_3000_3000.jpg, https://si.geilicdn.com/pcitem901898590714-76be00000194113696ab0a20e2c5_3000_3000.jpg, https://si.geilicdn.com/pcitem901898590714-78550000019411369c280a231316_3000_3000.jpg, https://si.geilicdn.com/pcitem901898590714-7900000001941136a1df0a23047e_3000_3000.jpg, https://si.geilicdn.com/pcitem901898590714-76c9000001941136ada30a2303ee_3000_3000.jpg, https://si.geilicdn.com/pcitem901898590714-770f000001941136b2f60a23038e_3000_3000.jpg, https://si.geilicdn.com/pcitem901898590714-76c3000001941136b8ea0a20e2c5_3000_3000.jpg, https://si.geilicdn.com/pcitem901898590714-78d500000194113a2a9d0a20e7c7_3000_3000.jpg, https://si.geilicdn.com/pcitem901898590714-773a000001941139d3910a2303ee_3000_3000.jpg, https://si.geilicdn.com/pcitem901898590714-772a000001941139641f0a20e2c5_3000_3000.jpg, https://si.geilicdn.com/pcitem901898590714-78e800000194113940860a8133cc_3000_3000.jpg, https://si.geilicdn.com/pcitem901898590714-776700000194113b2c080a20e2c5_3000_3000.jpg, https://si.geilicdn.com/pcitem901898590714-78a300000194113b48390a230115_3000_3000.jpg, https://si.geilicdn.com/pcitem901898590714-795900000194113b77080a2395d6_3000_3000.jpg, https://si.geilicdn.com/pcitem901898590714-76de00000194113b93cb0a20e284_3000_3000.jpg, https://si.geilicdn.com/pcitem901898590714-784c00000194113c05690a2301b4_3000_3000.jpg, https://si.geilicdn.com/pcitem901898590714-79fd00000194113c25ea0a207569_3000_3000.jpg, https://si.geilicdn.com/pcitem901898590714-786600000194113de1bd0a81347d_3000_3000.jpg",,,,best,,"S, M, L, XL",,0,false,false,true,false,,58,"{""Litbuy"":""https://litbuy.com/product/weidian/7750100984?linkSearch=true&inviteCode=PKMR"",""USFans"":""https://www.usfans.com/product/3/7750100984?ref=5FTXZW"",""Kakobuy"":""https://item.kakobuy.com/item/details?url=https%3A%2F%2Fweidian.com%2Fitem.html%3FitemID%3D7750100984&affcode=six7n""}"
a8a3f1fe-13c4-4e7a-b7ef-195e9264ac04,Lacoste joggers,Spodnie,54.69,99,https://si.geilicdn.com/pcitem901986936975-3439000001998b087ed30a81347d_1028_1280.jpg,"https://si.geilicdn.com/pcitem901986936975-3439000001998b087ed30a81347d_1028_1280.jpg, https://si.geilicdn.com/pcitem1922988361-36bd000001993d2272850a210139_568_568.jpg, https://si.geilicdn.com/pcitem901986936975-274c000001998afc2e470a210256_1544_1921.jpg, https://si.geilicdn.com/pcitem901986936975-2bc7000001998afc3b380a230115_1544_1921.jpg, https://si.geilicdn.com/pcitem901986936975-2bf2000001998afc261c0a239846_1544_1921.jpg, https://si.geilicdn.com/pcitem901986936975-2dc2000001998afc34ed0a2102c5_1544_1921.jpg, https://si.geilicdn.com/pcitem901986936975-311f000001998afc57220a2303ee_1544_1921.jpg, https://si.geilicdn.com/pcitem901986936975-06cf000001998afc514d0a20e2c5_1029_1280.jpg, https://si.geilicdn.com/pcitem901986936975-7e68000001998afc48610a231316_1028_1280.jpg, https://si.geilicdn.com/pcitem901986936975-3192000001998afc41cc0a81347d_1544_1921.jpg, https://si.geilicdn.com/pcitem1922988361-6344000001993d241e5f0a239646_421_566.jpg",,,,budget,,"S, M, L, XL, 3XL",,1,false,false,false,false,,58,"{""Litbuy"":""https://litbuy.com/product/weidian/7572415475?linkSearch=true&inviteCode=PKMR"",""USFans"":""https://www.usfans.com/product/3/7572415475?ref=5FTXZW"",""Kakobuy"":""https://item.kakobuy.com/item/details?url=https%3A%2F%2Fweidian.com%2Fitem.html%3FitemID%3D7572415475&affcode=six7n"",""Kakaobuy"":""https://ikako.vip/yx8qk""}"
4c47674c-3fb4-4303-a03d-bc6b6b8f1980,Bape shoes,Buty,127.06,230.01,https://si.geilicdn.com/open1733523732-1234478995-6e9200000193799114020aa0834c_1284_962.jpg,"https://si.geilicdn.com/open1733523732-1234478995-6e9200000193799114020aa0834c_1284_962.jpg, https://si.geilicdn.com/wdseller1505219366-474b00000193f94026740a23057e_1074_1074.jpg, https://si.geilicdn.com/wdseller1505219366-481400000193f94040500a81347d_1074_1074.jpg, https://si.geilicdn.com/wdseller1505219366-469a00000193f94054b60a811411_1074_1074.jpg, https://si.geilicdn.com/wdseller1505219366-448c00000193f940798c0a20e672_1074_1074.jpg, https://si.geilicdn.com/wdseller1505219366-3dee00000193f9408b840a20e2c5_1074_1074.jpg, https://si.geilicdn.com/wdseller1505219366-4c7500000193f94b119c0a239846_1074_1074.jpg, https://si.geilicdn.com/wdseller1505219366-45da00000193f940dcd50a20e273_1074_1074.jpg, https://si.geilicdn.com/wdseller1505219366-5d3100000193f94119a80a230246_1074_1074.jpg, https://si.geilicdn.com/wdseller1505219366-5d3f00000193f9413afc0a2304a0_1074_1074.jpg, https://si.geilicdn.com/wdseller1505219366-5d3900000193f941556f0a22d58f_1074_1074.jpg, https://si.geilicdn.com/wdseller1505219366-5c4800000193f941782a0a230215_1074_1074.jpg, https://si.geilicdn.com/wdseller1505219366-5cea00000193f941d3ce0a230449_1074_1074.jpg, https://si.geilicdn.com/wdseller1505219366-4b9500000193f94214a00a239846_1074_1074.jpg, https://si.geilicdn.com/wdseller1505219366-44c300000193f94234b20a20e672_1074_1074.jpg, https://si.geilicdn.com/wdseller1505219366-485200000193f9425e9e0a81347d_1074_1074.jpg, https://si.geilicdn.com/wdseller1505219366-3ccf00000193f942829b0a20e7c7_1074_1074.jpg, https://si.geilicdn.com/wdseller1505219366-463500000193f942aa940a23047e_1074_1074.jpg, https://si.geilicdn.com/wdseller1505219366-3ed400000193f942c79a0a2304aa_1074_1074.jpg, https://si.geilicdn.com/wdseller1505219366-4baa00000193f942ec120a239846_1074_1074.jpg",,,,Best,,"37, 38, 39, 40, 41, 42, 43, 44, 45, 36, 46, 40.5, 42.5, 44.5",,0,false,false,true,false,,58,"{""Litbuy"":""https://litbuy.com/product/weidian/7780637865?linkSearch=true&inviteCode=PKMR"",""USFans"":""https://www.usfans.com/product/3/7780637865?ref=5FTXZW"",""Kakobuy"":""https://item.kakobuy.com/item/details?url=https%3A%2F%2Fweidian.com%2Fitem.html%3FitemID%3D7780637865&affcode=six7n""}"
f0561885-fe2e-4c4e-9c53-ee33f5b02b6e,Dior Platform Trainers,Buty,208,376.52,https://si.geilicdn.com/open1686456899-1234478995-5b950000019870a861520a23b491_1080_1080.jpg,"https://si.geilicdn.com/open1686456899-1234478995-5b950000019870a861520a23b491_1080_1080.jpg, https://si.geilicdn.com/open1686456899-1234478995-5bbb0000019870a864200a8115c2_1080_1080.jpg, https://si.geilicdn.com/open1686456899-1234478995-5bbd0000019870a8660d0a8115c2_1080_1080.jpg, https://si.geilicdn.com/open1686456899-1234478995-61ae0000019870a8681d0a22d249_1080_1080.jpg, https://si.geilicdn.com/open1686456899-1234478995-5ca90000019870a86ab90a8133b0_1080_1080.jpg, https://si.geilicdn.com/open1686456899-1234478995-01080000019870a86cea0aa0c791_1080_1080.jpg, https://si.geilicdn.com/open1686456899-1234478995-5b990000019870a86edb0a23b491_1080_1080.jpg, https://si.geilicdn.com/open1686456899-1234478995-5dd90000019870a870b10a23b4de_1080_1080.jpg, https://si.geilicdn.com/open1686456899-1234478995-61b20000019870a872e70a22d249_1080_1080.jpg, https://si.geilicdn.com/open1686456899-1234478995-5cad0000019870a8755f0a8133b0_1080_1080.jpg, https://si.geilicdn.com/open1686456899-1234478995-5ddd0000019870a879590a23b4de_1080_1080.jpg, https://si.geilicdn.com/open1686456899-1234478995-5caf0000019870a87ba50a8133b0_1080_1080.jpg, https://si.geilicdn.com/open1686456899-1234478995-5ba10000019870a87e590a23b491_1080_1080.jpg, https://si.geilicdn.com/open1686456899-1234478995-5ba30000019870a883870a23b491_1080_1080.jpg, https://si.geilicdn.com/open1686456899-1234478995-5bc70000019870a8867b0a8115c2_1080_1080.jpg, https://si.geilicdn.com/open1686456899-1234478995-61bc0000019870a8888e0a22d249_1080_1080.jpg, https://si.geilicdn.com/open1686456899-1234478995-60e30000019870a88aa60a231226_828_829.jpg, https://si.geilicdn.com/open1686456899-1234478995-2bac0000019870a88c420aa043f9_828_829.jpg, https://si.geilicdn.com/open1686456899-1234478995-5cbb0000019870a895cf0a8133b0_2560_2560.jpg",,,,best,,,,1,false,false,true,false,,58,"{""Litbuy"":""https://litbuy.com/product/weidian/7676113154?linkSearch=true&inviteCode=PKMR"",""USFans"":""https://www.usfans.com/product/3/7676113154?ref=5FTXZW"",""Kakobuy"":""https://item.kakobuy.com/item/details?url=https%3A%2F%2Fweidian.com%2Fitem.html%3FitemID%3D7676113154&affcode=six7n""}"
f6131126-74c9-4f94-b0fe-f62955ebd637,CDG hoodie,Bluzy,143.63,260,https://img.alicdn.com/bao/uploaded/i3/2221369795952/O1CN01rqpc8g1tq4UqY0I34_!!2221369795952.jpg,,,,,Best batch,,"S, M, L, XL, XXL",,0,false,false,true,false,,59,"{""Litbuy"":""https://litbuy.com/product/1/1006712977760?linkSearch=true&inviteCode=PKMR"",""USFans"":""https://www.usfans.com/product/2/dQAZ9ZzJMWgOAjq64f733_NxAlqnIAKgcugRqreaKqCYqJiLBqx8li4?ref=5FTXZW"",""Kakaobuy"":""https://item.kakobuy.com/item/details?url=https%3A%2F%2Fitem.taobao.com%2Fitem.htm%3Fft%3Dt%26id%3D1006712977760""}"
bc12ad1a-a6be-4672-8e67-af9ef4e6e840,Lacoste hoodie,Bluzy,54.69,99,https://si.geilicdn.com/pcitem901986936975-3439000001998b087ed30a81347d_1028_1280.jpg,"https://si.geilicdn.com/pcitem901986936975-3439000001998b087ed30a81347d_1028_1280.jpg, https://si.geilicdn.com/pcitem1922988361-36bd000001993d2272850a210139_568_568.jpg, https://si.geilicdn.com/pcitem901986936975-274c000001998afc2e470a210256_1544_1921.jpg, https://si.geilicdn.com/pcitem901986936975-2bc7000001998afc3b380a230115_1544_1921.jpg, https://si.geilicdn.com/pcitem901986936975-2bf2000001998afc261c0a239846_1544_1921.jpg, https://si.geilicdn.com/pcitem901986936975-2dc2000001998afc34ed0a2102c5_1544_1921.jpg, https://si.geilicdn.com/pcitem901986936975-311f000001998afc57220a2303ee_1544_1921.jpg, https://si.geilicdn.com/pcitem901986936975-06cf000001998afc514d0a20e2c5_1029_1280.jpg, https://si.geilicdn.com/pcitem901986936975-7e68000001998afc48610a231316_1028_1280.jpg, https://si.geilicdn.com/pcitem901986936975-3192000001998afc41cc0a81347d_1544_1921.jpg, https://si.geilicdn.com/pcitem1922988361-6344000001993d241e5f0a239646_421_566.jpg",,,,budget,,"S, M, L, XL, 3XL",,0,false,false,false,false,,59,"{""Litbuy"":""https://litbuy.com/product/weidian/7572415475?linkSearch=true&inviteCode=PKMR"",""USFans"":""https://www.usfans.com/product/3/7572415475?ref=5FTXZW"",""Kakobuy"":""https://item.kakobuy.com/item/details?url=https%3A%2F%2Fweidian.com%2Fitem.html%3FitemID%3D7572415475&affcode=six7n"",""Kakaobuy"":""https://ikako.vip/yx8qk""}"
b92e8948-50d0-4f7e-9933-854febf86e56,130world backpack,Plecak/torby/torebki,120.98,219,https://si.geilicdn.com/wdseller1995625455-6e110000019d956d91e90a20e284_1320_1320.jpg,"https://si.geilicdn.com/wdseller1995625455-6e110000019d956d91e90a20e284_1320_1320.jpg, https://si.geilicdn.com/wdseller1995625455-66bd0000019d956e92de0a2102c5_1771_1771.jpg",,,,Best,,,,0,false,false,true,false,,59,"{""Litbuy"":""https://litbuy.com/product/weidian/7737174343?linkSearch=true&inviteCode=PKMR"",""USFans"":""https://www.usfans.com/product/3/7737174343?ref=5FTXZW"",""Kakobuy"":""https://item.kakobuy.com/item/details?url=https%3A%2F%2Fweidian.com%2Fitem.html%3FitemID%3D7737174343&affcode=six7n"",""Kakaobuy"":""https://item.kakobuy.com/item/details?url=https%3A%2F%2Fshop1624042771.v.weidian.com%2Fitem.html%3FitemID%3D7737174343""}"
147094db-eda1-43a3-8eab-3db481cfe786,alo Yoga Pants,Spodnie,70.71,128,https://si.geilicdn.com/wdseller1489596767-404c00000198aa077c220a21146b_800_800.jpg,,,,,Best batch,,"S, M, L, XL",,0,false,true,true,false,,60,"{""Litbuy"":""https://litbuy.com/product/weidian/7527068408?linkSearch=true&inviteCode=PKMR"",""USFans"":""https://www.usfans.com/product/3/7527068408?ref=5FTXZW"",""Kakobuy"":""https://item.kakobuy.com/item/details?url=https%3A%2F%2Fweidian.com%2Fitem.html%3FitemID%3D7527068408&affcode=six7n"",""Kakaobuy"":""https://item.kakobuy.com/item/details?url=https%3A%2F%2Fweidian.com%2Fitem.html%3FitemID%3D7527068408&affcode=six7n""}"
750c90ba-053a-47e6-a97d-dc653b1d9780,alo leggins,Spodnie,69.05,125,https://si.geilicdn.com/wdseller1489596767-234d0000019ec888c26f0a207569_1284_1284.jpg,"https://si.geilicdn.com/wdseller1489596767-234d0000019ec888c26f0a207569_1284_1284.jpg, https://si.geilicdn.com/wdseller1489596767-1a470000019ec888c9550a239646_1284_1284.jpg, https://si.geilicdn.com/wdseller1489596767-39820000019ec888c96c0a22d535_1284_1284.jpg, https://si.geilicdn.com/wdseller1489596767-35d20000019ec888cb500a23111a_1284_1284.jpg, https://si.geilicdn.com/wdseller1489596767-324a0000019ec888cd270a23037f_1284_1284.jpg, https://si.geilicdn.com/wdseller1489596767-20c80000019ec888cead0a20e7c7_1284_1284.jpg, https://si.geilicdn.com/wdseller1489596767-47a40000019ec888cfe00a23041a_1284_1284.jpg, https://si.geilicdn.com/wdseller1489596767-1acc0000019ec888d1410a20e2c5_1284_1284.jpg, https://si.geilicdn.com/wdseller1489596767-3d380000019ec888d2630a2303ee_1284_1284.jpg, https://si.geilicdn.com/wdseller1489596767-2bb00000019ec888d36d0a210256_1284_1284.jpg, https://si.geilicdn.com/wdseller1489596767-31ba0000019ec888d47b0a23047e_1284_1284.jpg, https://si.geilicdn.com/wdseller1489596767-37100000019ec888d5a50a8133cc_1284_1284.jpg, https://si.geilicdn.com/wdseller1489596767-46850000019ec888d69f0a8132bd_1284_1284.jpg, https://si.geilicdn.com/wdseller1489596767-2ec50000019ec888d7f50a2301b4_1284_1284.jpg, https://si.geilicdn.com/wdseller1489596767-3fbd0000019ec896e57c0a210256_1500_1500.jpg, https://si.geilicdn.com/wdseller1489596767-105f0000019ec896f79c0a2304aa_1500_1500.jpg, https://si.geilicdn.com/wdseller1489596767-4ded0000019ec89720150a22d535_1500_1500.jpg, https://si.geilicdn.com/wdseller1489596767-51be0000019ec8973a530a2303ee_1500_1500.jpg, https://si.geilicdn.com/wdseller1489596767-2f600000019ec8974c250a20e2c5_1500_1500.jpg, https://si.geilicdn.com/wdseller1489596767-43760000019ec8975f480a2301b4_1500_1500.jpg",,,,Best,,"S, M, L, XL",,0,false,true,true,false,,60,"{""Litbuy"":""https://litbuy.com/product/weidian/7788631094?linkSearch=true&inviteCode=PKMR"",""USFans"":""https://www.usfans.com/product/3/7788631094?ref=5FTXZW"",""Kakobuy"":""https://item.kakobuy.com/item/details?url=https%3A%2F%2Fweidian.com%2Fitem.html%3FitemID%3D7788631094&affcode=six7n"",""Kakaobuy"":""https://item.kakobuy.com/item/details?url=https%3A%2F%2Fweidian.com%2Fitem.html%3FitemID%3D7788631094&affcode=six7n""}"
90a487db-35ae-402a-9d89-bbf457b72421,Arcteryx x Brasil,Kurtki przeciwdeszczowe,92.81,168.01,/api/public/product-image?path=products/1786916983519-25w3rwhn5e3.webp,,,,,Best Random,,"M, L, XL, XXL, XXXL, XXXXL",,0,false,false,true,false,,60,"{""Litbuy"":""https://www.usfans.com/product/2/kdSgbiQ83fpJBgPovZ-2fwTdzf8CfLMvfaLQ24bwxJ6e2SWkMfghNm7Myfti8nnxTln-BTH5aPfeiwLFzI9C9rrr6VaOPVMfQJkt?ref=5FTXZW"",""USFans"":""https://www.usfans.com/product/2/kdSgbiQ83fpJBgPovZ-2fwTdzf8CfLMvfaLQ24bwxJ6e2SWkMfghNm7Myfti8nnxTln-BTH5aPfeiwLFzI9C9rrr6VaOPVMfQJkt?ref=5FTXZW"",""Kakaobuy"":""https://www.usfans.com/product/2/kdSgbiQ83fpJBgPovZ-2fwTdzf8CfLMvfaLQ24bwxJ6e2SWkMfghNm7Myfti8nnxTln-BTH5aPfeiwLFzI9C9rrr6VaOPVMfQJkt?ref=5FTXZW""}"
1e92ee01-b88b-48a9-adc5-96246d9cbbd9,Gortex x Brasil,Kurtki przeciwdeszczowe,75.12,135.98,/api/public/product-image?path=products/1786917067022-4y4wq6m2htr.webp,,,,,Random,,"M, L, XL, XXL, XXXL, XXXXL",,0,false,false,false,false,,61,"{""Litbuy"":""https://www.usfans.com/product/2/BkPfhX2W8pm87kBI_-AxyoPWuVJkT93Evam2Y_D9Nph0gcls7MypqlCicNJjlH6AKgsH7Dwr9WyPepqZCPbckivDEvRDxvOPkO5B?ref=5FTXZW"",""USFans"":""https://www.usfans.com/product/2/BkPfhX2W8pm87kBI_-AxyoPWuVJkT93Evam2Y_D9Nph0gcls7MypqlCicNJjlH6AKgsH7Dwr9WyPepqZCPbckivDEvRDxvOPkO5B?ref=5FTXZW"",""Kakaobuy"":""https://www.usfans.com/product/2/BkPfhX2W8pm87kBI_-AxyoPWuVJkT93Evam2Y_D9Nph0gcls7MypqlCicNJjlH6AKgsH7Dwr9WyPepqZCPbckivDEvRDxvOPkO5B?ref=5FTXZW""}"
41c64eae-fde6-440e-b3c3-075044dea35c,Apple watch Ultra 3,Elektronika,149.15,269.99,https://si.geilicdn.com/pcitem1769897421-3e930000019a2b23b8ef0a8133cc_4284_5712.jpg,,,,,Best,,,,0,false,false,true,false,,61,"{""Litbuy"":""https://litbuy.com/product/weidian/7765975799?linkSearch=true&inviteCode=PKMR"",""USFans"":""https://www.usfans.com/product/3/7765975799?ref=5FTXZW"",""Kakobuy"":""https://item.kakobuy.com/item/details?url=https%3A%2F%2Fweidian.com%2Fitem.html%3FitemID%3D7765975799&affcode=six7n"",""Kakaobuy"":""https://item.kakobuy.com/item/details?url=https%3A%2F%2Fweidian.com%2Fitem.html%3FitemID%3D7765975799""}"
92bf2f8a-3452-4a2f-8346-a593efdc21f6,Skalmar ,Room,138.11,250.01,https://img.alicdn.com/bao/uploaded/O1CN01eHk8nf2DEmQaXBSif_!!2208359338578.png,,,,,Best,,,,0,false,false,true,false,,61,"{""USFans"":""https://www.usfans.com/product/2/-vh_jSiiFq29SCYvDN0HBLNWmx42K-o96psMD8w78_uPnHVWd1Kb0A?ref=5FTXZW"",""Kakaobuy"":""https://ikako.vip/7g933v""}"
021d14ed-ab28-4199-b556-d1094c7c8cf7,Palestine Jersey,Koszulki,34,61.55,https://si.geilicdn.com/open1762039621-252808396-4d0d000001982cd509c40a231226_1200_1200.jpg,"https://si.geilicdn.com/open1762039621-252808396-4d0d000001982cd509c40a231226_1200_1200.jpg, https://si.geilicdn.com/open1762039621-252808396-4839000001982cd50db50a8133b0_1600_1600.jpg, https://si.geilicdn.com/open1762039621-252808396-47ca000001982cd511a50a8115c2_1500_1500.jpg, https://si.geilicdn.com/open1762039621-252808396-145d000001982cd515da0aa043f9_1600_1600.jpg, https://si.geilicdn.com/open1762039621-252808396-7c2b000001982cd5191f0aa0c791_1600_1600.jpg, https://si.geilicdn.com/open1762039621-252808396-49c6000001982cd52a8b0a23b4de_1000_750.jpg, https://si.geilicdn.com/open1762039621-252808396-4861000001982cd52d250a8133b0_694_800.jpg, https://si.geilicdn.com/open1762039621-252808396-47de000001982cd531100a8115c2_1600_1600.jpg, https://si.geilicdn.com/open1762039621-252808396-1481000001982cd534390aa043f9_800_790.jpg, https://si.geilicdn.com/open1762039621-252808396-49d0000001982cd535dd0a23b4de_1000_750.jpg, https://si.geilicdn.com/open1762039621-252808396-49d4000001982cd537800a23b4de_823_617.jpg, https://si.geilicdn.com/open1762039621-252808396-4c0d000001982cd5398a0a22d249_1920_1440.jpg, https://si.geilicdn.com/open1762039621-252808396-486f000001982cd53cbc0a8133b0_1000_1000.jpg, https://si.geilicdn.com/open1762039621-252808396-4c15000001982cd53f580a22d249_1024_1024.jpg, https://si.geilicdn.com/open1762039621-252808396-7c5f000001982cd541b90aa0c791_1000_750.jpg, https://si.geilicdn.com/open1762039621-252808396-4c21000001982cd545a00a22d249_1600_1600.jpg, https://si.geilicdn.com/open1762039621-252808396-49fe000001982cd54c7a0a23b4de_1500_1500.jpg, https://si.geilicdn.com/open1762039621-252808396-481a000001982cd5518a0a8115c2_1600_1600.jpg, https://si.geilicdn.com/open1762039621-252808396-489d000001982cd554d00a8133b0_800_722.jpg, https://si.geilicdn.com/open1762039621-252808396-4d73000001982cd556e80a231226_1024_1024.jpg",,,,best,,"S, M, L, XL",,0,false,false,true,false,,62,"{""Litbuy"":""https://litbuy.com/product/weidian/7550067246?linkSearch=true&inviteCode=PKMR"",""USFans"":""https://www.usfans.com/product/3/7550067246?ref=5FTXZW"",""Kakobuy"":""https://item.kakobuy.com/item/details?url=https%3A%2F%2Fweidian.com%2Fitem.html%3FitemID%3D7550067246&affcode=six7n""}"
f38da978-e1fd-4f44-9eab-6ac0d4262949,Arcteryx Sabre Ski,Kurtki przeciwdeszczowe,276.21,500,https://si.geilicdn.com/pcitem2021634162-1fb00000019be035bd890a20e284-unadjust_928_880.png,,,,,Best batch,,"S, M, L, XL, XXL",,0,false,false,true,false,,62,"{""Litbuy"":""https://litbuy.com/product/weidian/7669348305?linkSearch=true&inviteCode=PKMR"",""USFans"":""https://www.usfans.com/product/3/7669348305?ref=5FTXZW"",""Kakobuy"":""https://item.kakobuy.com/item/details?url=https%3A%2F%2Fweidian.com%2Fitem.html%3FitemID%3D7669348305&affcode=six7n"",""Kakaobuy"":""https://ikako.vip/puwhv""}"
1d3f3f0b-e697-4b26-8844-3e2678d74586,LV x Tyler The Creator Jeans,Spodnie,227,410.92,https://si.geilicdn.com/wdseller1878914696-16d6000001912851ef440a23047e_1290_1720.jpg,https://si.geilicdn.com/wdseller1878914696-16d6000001912851ef440a23047e_1290_1720.jpg,,,,best,I HAVE THEM PERSONAL AND THEY ARE 10/10,,,0,false,false,true,false,,63,"{""Litbuy"":""https://litbuy.com/product/weidian/7257586225?linkSearch=true&inviteCode=PKMR"",""USFans"":""https://www.usfans.com/product/3/7257586225?ref=5FTXZW"",""Kakobuy"":""https://item.kakobuy.com/item/details?url=https%3A%2F%2Fweidian.com%2Fitem.html%3FitemID%3D7257586225&affcode=six7n""}"
df9d3920-beac-4947-9c7b-e10b0ee90cab,Balenciaga double waist,Spodnie,197.77,358.01,/api/public/product-image?path=products/1786917962121-u7drdwowzis.webp,,,,,Best batch,,"XS, S, M",,1,false,false,true,false,,63,"{""Litbuy"":""https://litbuy.com/product/1/788109279156?linkSearch=true&inviteCode=PKMR"",""USFans"":""https://www.usfans.com/product/2/oJJHPPNIEA7OrWa6JiEOqeRMs32V_mcd_R-zBK1OuUWgBmFAZPfUQg?ref=5FTXZW"",""Kakaobuy"":""https://ikako.vip/33jnp""}"
52980eeb-1de0-4730-874a-4aeffb25b45d,alo backpacks,Plecak/torby/torebki,71.26,129,https://si.geilicdn.com/wdseller1489596767-52a50000019d4af58b5b0a23138d_3510_2556.jpg,,,,,Best,,,,0,false,false,true,false,,64,"{""Litbuy"":""https://litbuy.com/product/weidian/7723626625?linkSearch=true&inviteCode=PKMR"",""USFans"":""https://www.usfans.com/product/3/7723626625?ref=5FTXZW"",""Kakobuy"":""https://item.kakobuy.com/item/details?url=https%3A%2F%2Fweidian.com%2Fitem.html%3FitemID%3D7723626625&affcode=six7n"",""Kakaobuy"":""https://item.kakobuy.com/item/details?url=https%3A%2F%2Fweidian.com%2Fitem.html%3FitemID%3D7723626625""}"
e52d231c-d729-47ce-8456-28727c1565fe,Arcteryx Alpha SV,Kurtki przeciwdeszczowe,220.97,400,https://si.geilicdn.com/pcitem2021634162-28240000019b368734630a231316_800_800.jpg,"https://si.geilicdn.com/pcitem2021634162-28240000019b368734630a231316_800_800.jpg, https://si.geilicdn.com/open1329468934-1234478995-181b00000197bb04b3ce0a22d249_485_433.jpg, https://si.geilicdn.com/open1329468934-1234478995-121200000197bb04b4b40a8115c2_569_398.jpg, https://si.geilicdn.com/open1329468934-1234478995-121400000197bb04b59f0a8115c2_586_406.jpg, https://si.geilicdn.com/open1329468934-1234478995-157100000197bb04b67d0a23b4de_593_396.jpg, https://si.geilicdn.com/open1329468934-1234478995-181d00000197bb04b75a0a22d249_564_394.jpg, https://si.geilicdn.com/open1329468934-1234478995-147a00000197bb04b86a0a8133b0_519_423.jpg, https://si.geilicdn.com/open1329468934-1234478995-1acd00000197bb04b96d0a231226_560_440.jpg, https://si.geilicdn.com/open1329468934-1234478995-148000000197bb04bae80a8133b0_641_535.jpg, https://si.geilicdn.com/open1329468934-1234478995-5d5600000197bb04bc230aa0c791_1080_720.jpg, https://si.geilicdn.com/open1329468934-1234478995-183100000197bb04c88c0a22d249-unadjust_716_396.png, https://si.geilicdn.com/open1329468934-1234478995-184b00000197bb04e4370a22d249-unadjust_670_470.png, https://si.geilicdn.com/open1329468934-1234478995-138c00000197bb04e9770a23b491_885_885.jpg",,,,Best batch,,"S, M, L, XL, XXL",,0,false,false,true,false,,64,"{""Litbuy"":""https://litbuy.com/product/weidian/7687180101?linkSearch=true&inviteCode=PKMR"",""USFans"":""https://www.usfans.com/product/3/7687180101?ref=5FTXZW"",""Kakobuy"":""https://item.kakobuy.com/item/details?url=https%3A%2F%2Fweidian.com%2Fitem.html%3FitemID%3D7687180101&affcode=six7n"",""Kakaobuy"":""https://ikako.vip/eq8gw""}"
b6c1c2d1-2c5f-445b-b910-899b003fb320,alo pants,Spodnie,76.23,137.99,https://si.geilicdn.com/wdseller1489596767-1aec0000019f6d0cade60a2394a4_1024_1024.jpg,,,,,Best,,"L, S, M, XL",,0,false,true,true,false,,65,"{""Litbuy"":""https://litbuy.com/product/weidian/7810862466?linkSearch=true&inviteCode=PKMR"",""USFans"":""https://www.usfans.com/product/3/7810862466?ref=5FTXZW"",""Kakobuy"":""https://item.kakobuy.com/item/details?url=https%3A%2F%2Fweidian.com%2Fitem.html%3FitemID%3D7810862466&affcode=six7n"",""Kakaobuy"":""https://item.kakobuy.com/item/details?url=https%3A%2F%2Fweidian.com%2Fitem.html%3FitemID%3D7810862466&affcode=six7n""}"
ea2f4114-67c6-4ad3-9f62-18e4617249dc,Arcteryx Baclava(ski mask),Akcesoria (ciuch),55.24,100,https://si.geilicdn.com/pcitem2021634162-001f0000019c4d519a230a23041a-unadjust_1098_1038.png,,,,,Best,,Black,,0,false,false,true,false,,65,"{""Litbuy"":""https://litbuy.com/product/weidian/7692543991?linkSearch=true&inviteCode=PKMR"",""USFans"":""https://www.usfans.com/product/3/7692543991?ref=5FTXZW"",""Kakobuy"":""https://item.kakobuy.com/item/details?url=https%3A%2F%2Fweidian.com%2Fitem.html%3FitemID%3D7692543991&affcode=six7n"",""Kakaobuy"":""https://ikako.vip/27wws""}"
e5257dca-dbb8-432c-a9e3-bdeb997dea6b,Barcelona x Travis hoodie,Bluzy,70.16,127,https://si.geilicdn.com/open1762039621-252808396-5d470000019840eb8ddd0a23b491_1600_1600.jpg,"https://si.geilicdn.com/open1762039621-252808396-5d470000019840eb8ddd0a23b491_1600_1600.jpg, https://si.geilicdn.com/open1762039621-252808396-119c0000019840eb96380aa0c791_1600_1600.jpg, https://si.geilicdn.com/open1762039621-252808396-5eb30000019840eb9d1d0a8115c2_1600_1600.jpg, https://si.geilicdn.com/open1762039621-252808396-5eb90000019840eba4ea0a8115c2_1600_1600.jpg, https://si.geilicdn.com/open1762039621-252808396-5ec30000019840ebabb00a8115c2_800_800.jpg, https://si.geilicdn.com/open1762039621-252808396-2ba70000019840ebe6620aa043f9_1600_1600.jpg, https://si.geilicdn.com/open1762039621-252808396-5da30000019840ebee960a23b491_1600_1600.jpg, https://si.geilicdn.com/open1762039621-252808396-5f130000019840ebf5180a8115c2_800_800.jpg, https://si.geilicdn.com/open1762039621-252808396-60270000019840ebfbd30a23b4de_1600_1600.jpg, https://si.geilicdn.com/open1762039621-252808396-62790000019840ec04da0a22d249_1600_1600.jpg, https://si.geilicdn.com/open1762039621-252808396-62830000019840ec0be00a22d249_1600_1600.jpg, https://si.geilicdn.com/open1762039621-252808396-5ee90000019840ec120a0a8133b0_800_800.jpg",,,,Best,,"S, M, L, XL, 3XL",,1,false,false,true,false,,66,"{""Litbuy"":""https://litbuy.com/product/weidian/7730212616?linkSearch=true&inviteCode=PKMR"",""USFans"":""https://www.usfans.com/product/3/7730212616?ref=5FTXZW"",""Kakobuy"":""https://item.kakobuy.com/item/details?url=https%3A%2F%2Fweidian.com%2Fitem.html%3FitemID%3D7730212616&affcode=six7n"",""Kakaobuy"":""https://ikako.vip/zr3by""}"
1ffdb78a-ce14-4a33-b34c-96a1c1364837,Cartoon crocs,Klapki,27.62,50,https://cbu01.alicdn.com/img/ibank/O1CN01X2ly3q20vkhv2exYr_!!2219678406912-0-cib.jpg,"https://cbu01.alicdn.com/img/ibank/O1CN01X2ly3q20vkhv2exYr_!!2219678406912-0-cib.jpg, https://cbu01.alicdn.com/img/ibank/O1CN01iQSQjw20vkhv2csdQ_!!2219678406912-0-cib.jpg, https://cbu01.alicdn.com/img/ibank/O1CN01nSOOYC20vkhw83lXE_!!2219678406912-0-cib.jpg, https://cbu01.alicdn.com/img/ibank/O1CN01DSwpye20vkhvQPh8C_!!2219678406912-0-cib.jpg, https://cbu01.alicdn.com/img/ibank/O1CN01t9Y1fc20vkhv2dgY4_!!2219678406912-0-cib.jpg, https://cbu01.alicdn.com/img/ibank/O1CN01rY3azz20vkhv2cHDw_!!2219678406912-0-cib.jpg, https://cbu01.alicdn.com/img/ibank/O1CN01hEhzoS20vkhwcXft1_!!2219678406912-0-cib.jpg, https://cbu01.alicdn.com/img/ibank/O1CN017JtqP320vkhqj1HsA_!!2219678406912-0-cib.jpg, https://cbu01.alicdn.com/img/ibank/O1CN01a4FuGT20vkhwC2MBi_!!2219678406912-0-cib.jpg, https://cbu01.alicdn.com/img/ibank/O1CN01b1Lkje20vkhwEZOWx_!!2219678406912-0-cib.jpg",,,,Best,,,,0,false,false,true,false,,66,"{""Litbuy"":""https://litbuy.com/product/0/991608584444?linkSearch=true&inviteCode=PKMR"",""USFans"":""https://www.usfans.com/product/1/991608584444?ref=5FTXZW"",""Kakobuy"":""https://item.kakobuy.com/item/details?url=https%3A%2F%2Fdetail.1688.com%2Foffer%2F991608584444.html&affcode=six7n"",""Kakaobuy"":""https://item.kakobuy.com/item/details?url=https%3A%2F%2Fdetail.1688.com%2Foffer%2F991608584444.html""}"
14e8c895-37e2-4270-8f0f-78358bd1ebaf,Double waist SweatpantsPants,Spodnie,24.86,45,https://cbu01.alicdn.com/img/ibank/O1CN01TDjrO524J3k1PfPUR_!!2221336457369-0-cib.jpg,"https://cbu01.alicdn.com/img/ibank/O1CN01TDjrO524J3k1PfPUR_!!2221336457369-0-cib.jpg, https://cbu01.alicdn.com/img/ibank/O1CN01fXH8uj24J3k1UY2Z6_!!2221336457369-0-cib.jpg, https://cbu01.alicdn.com/img/ibank/O1CN015hJbsS24J3k17STTY_!!2221336457369-0-cib.jpg, https://cbu01.alicdn.com/img/ibank/O1CN01r2tlzg24J3k1UY6ig_!!2221336457369-0-cib.jpg, https://cbu01.alicdn.com/img/ibank/O1CN01V3NgRS24J3k2k8oJD_!!2221336457369-0-cib.jpg, https://cbu01.alicdn.com/img/ibank/O1CN01JqVrfl24J3k1KkXZE_!!2221336457369-0-cib.jpg, https://cbu01.alicdn.com/img/ibank/O1CN01QoiNo624J3k1o5fuX_!!2221336457369-0-cib.jpg, https://cbu01.alicdn.com/img/ibank/O1CN01P4owEr24J3k1hcVEn_!!2221336457369-0-cib.jpg, https://cbu01.alicdn.com/img/ibank/O1CN01EDsVbP24J3k1o714d_!!2221336457369-0-cib.jpg, https://cbu01.alicdn.com/img/ibank/O1CN01jcZTky24J3k1eQXSJ_!!2221336457369-0-cib.jpg",,,,Random,,"S, M, L, XL, XXL, 3XL, 4XL",,0,false,false,false,false,,67,"{""Litbuy"":""https://litbuy.com/product/0/1041918912806?linkSearch=true&inviteCode=PKMR"",""USFans"":""https://www.usfans.com/product/1/1041918912806?ref=5FTXZW"",""Kakobuy"":""https://item.kakobuy.com/item/details?url=https%3A%2F%2Fdetail.1688.com%2Foffer%2F1041918912806.html&affcode=six7n"",""Kakaobuy"":""https://ikako.vip/pjxsq""}"
1cda116a-5bc8-4aec-9ff5-ff13b1129053,Games CD carpet,Room,11.05,20,https://cbu01.alicdn.com/img/ibank/O1CN01lSzqCn2BCpREdsbVx_!!2215978018303-0-cib.jpg,"https://cbu01.alicdn.com/img/ibank/O1CN01lSzqCn2BCpREdsbVx_!!2215978018303-0-cib.jpg, https://cbu01.alicdn.com/img/ibank/O1CN01F8mR0q2BCpP4fofRl_!!2215978018303-0-cib.jpg, https://cbu01.alicdn.com/img/ibank/O1CN01BQr18S2BCpOKiVu7D_!!2215978018303-0-cib.jpg, https://cbu01.alicdn.com/img/ibank/O1CN01rvEnr02BCpOI1GSQ5_!!2215978018303-0-cib.jpg, https://cbu01.alicdn.com/img/ibank/O1CN01tCN81y2BCpORmdWai_!!2215978018303-0-cib.jpg, https://cbu01.alicdn.com/img/ibank/O1CN01BTfgy92BCpOKjsV6V_!!2215978018303-0-cib.jpg, https://cbu01.alicdn.com/img/ibank/O1CN01Ja9aGp2BCpONxlOE8_!!2215978018303-0-cib.jpg, https://cbu01.alicdn.com/img/ibank/O1CN01MJRKeQ2BCpOKvcybZ_!!2215978018303-0-cib.jpg, https://cbu01.alicdn.com/img/ibank/O1CN01iao4DF2BCpOQzCld1_!!2215978018303-0-cib.jpg, https://cbu01.alicdn.com/img/ibank/O1CN0116LYZ12BCpOQz9Y4d_!!2215978018303-0-cib.jpg, https://cbu01.alicdn.com/img/ibank/O1CN01iXy3JB2BCpP9kxcRe_!!2215978018303-0-cib.jpg, https://cbu01.alicdn.com/img/ibank/O1CN01A1ZdHp2BCpP9kzINT_!!2215978018303-0-cib.jpg, https://cbu01.alicdn.com/img/ibank/O1CN01ya06qV2BCpPCzdz4a_!!2215978018303-0-cib.jpg, https://cbu01.alicdn.com/img/ibank/O1CN01uv5vMv2BCpP8V7S5u_!!2215978018303-0-cib.jpg, https://cbu01.alicdn.com/img/ibank/O1CN01iHxNhN2BCpQsxIaHc_!!2215978018303-0-cib.jpg, https://cbu01.alicdn.com/img/ibank/O1CN01u72uRE2BCpQxHGgwn_!!2215978018303-0-cib.jpg, https://cbu01.alicdn.com/img/ibank/O1CN017nx4N52BCpQvw44u9_!!2215978018303-0-cib.jpg, https://cbu01.alicdn.com/img/ibank/O1CN0183MYY32BCpQtxqCfx_!!2215978018303-0-cib.jpg, https://cbu01.alicdn.com/img/ibank/O1CN0122EuaC2BCpQpKP9r7_!!2215978018303-0-cib.jpg, https://cbu01.alicdn.com/img/ibank/O1CN01RguMEc2BCpQva7KOi_!!2215978018303-0-cib.jpg",,,,Best,,,,0,false,false,true,false,,67,"{""Litbuy"":""https://litbuy.com/product/0/729540245968?linkSearch=true&inviteCode=PKMR"",""USFans"":""https://www.usfans.com/product/1/729540245968?ref=5FTXZW"",""Kakobuy"":""https://item.kakobuy.com/item/details?url=https%3A%2F%2Fdetail.1688.com%2Foffer%2F729540245968.html&affcode=six7n"",""Kakaobuy"":""https://ikako.vip/eayb6""}"
0c48f09f-ba21-445a-9fd5-816ccba68396,Derschutze Flowers Hoodie,Bluzy,100,181.02,https://si.geilicdn.com/wdseller1940384309-39a80000019b89a4eb890a20e7c7_1280_1258.jpg,https://si.geilicdn.com/wdseller1940384309-39a80000019b89a4eb890a20e7c7_1280_1258.jpg,,,,best,quality is top tier ,,,0,false,false,true,false,,68,"{""Litbuy"":""https://litbuy.com/product/weidian/7653272430?linkSearch=true&inviteCode=PKMR"",""USFans"":""https://www.usfans.com/product/3/7653272430?ref=5FTXZW"",""Kakobuy"":""https://item.kakobuy.com/item/details?url=https%3A%2F%2Fweidian.com%2Fitem.html%3FitemID%3D7653272430&affcode=six7n""}"
05da412f-f752-45a2-aea9-d6650ccda532,Amiri jeans,Spodnie,143.63,260,https://si.geilicdn.com/pcitem453299265-3eca000001991dfad5410a2304aa_4168_4168.jpg,,,,,Best batch,,"28, 29, 30, 31, 32, 33, 34, 36, 38, 40",,0,false,false,true,false,,68,"{""Litbuy"":""https://litbuy.com/product/weidian/7544133112?linkSearch=true&inviteCode=PKMR"",""USFans"":""https://www.usfans.com/product/3/7544133112?ref=5FTXZW"",""Kakobuy"":""https://item.kakobuy.com/item/details?url=https%3A%2F%2Fweidian.com%2Fitem.html%3FitemID%3D7544133112&affcode=six7n"",""Kakaobuy"":""https://ikako.vip/78xqr""}"
65effdf5-e861-4c69-9b3f-803c6d2745e6,Peace In War (Icleand),Bluzy,114.9,207.99,https://si.geilicdn.com/wdseller1995625455-22340000019d24d7fdc00a210247_1320_1760.jpg,https://si.geilicdn.com/wdseller1995625455-22340000019d24d7fdc00a210247_1320_1760.jpg,,,,Best batch,,"S, M, L, XL",,0,false,false,true,false,,69,"{""Litbuy"":""https://litbuy.com/product/weidian/7717389783?linkSearch=true&inviteCode=PKMR"",""USFans"":""https://www.usfans.com/product/3/7717389783?ref=5FTXZW"",""Kakobuy"":""https://item.kakobuy.com/item/details?url=https%3A%2F%2Fweidian.com%2Fitem.html%3FitemID%3D7717389783&affcode=six7n"",""Kakaobuy"":""https://ikako.vip/sng2e""}"
19c2f910-e844-4d2a-b4d3-ffcfb47d1a09,GAP crewneck hoodie,Bluzy,72,130.34,https://si.geilicdn.com/pcitem901879226946-3b7a00000192bc89f2da0a207569_800_800.jpg,"https://si.geilicdn.com/pcitem901879226946-3b7a00000192bc89f2da0a207569_800_800.jpg, https://si.geilicdn.com/pcitem901879226946-727900000192bc89e53b0a2304aa_800_800.jpg, https://si.geilicdn.com/pcitem901879226946-49f000000192bc89e6ab0a210139_750_500.jpg, https://si.geilicdn.com/pcitem901879226946-24a000000192bc89e80f0a811411_750_500.jpg, https://si.geilicdn.com/pcitem901879226946-3d9600000192bc89e92f0a20e7c7_750_500.jpg, https://si.geilicdn.com/pcitem901879226946-3fbd00000192bc89ea760a2303ee_750_500.jpg, https://si.geilicdn.com/pcitem901879226946-3d3500000192bc89ec0f0a2102c5_750_500.jpg, https://si.geilicdn.com/pcitem901879226946-37c900000192bc89ed430a239846_750_500.jpg, https://si.geilicdn.com/pcitem901879226946-3fbe00000192bc89eee10a20e273_750_500.jpg, https://si.geilicdn.com/pcitem901879226946-398b00000192bc89f0100a23047e_750_500.jpg, https://si.geilicdn.com/pcitem901879226946-314700000192bc89f1a70a2301b4_750_500.jpg, https://si.geilicdn.com/pcitem901879226946-3c1d00000192bc89f40e0a210256_800_800.jpg, https://si.geilicdn.com/pcitem901879226946-3a9900000192bc89f5a30a2315ef_800_800.jpg, https://si.geilicdn.com/pcitem901879226946-342000000192bc89f6d90a8134f0_800_800.jpg, https://si.geilicdn.com/pcitem901879226946-351c00000192bc89f8700a23057e_800_800.jpg, https://si.geilicdn.com/pcitem901879226946-3e0f00000192bc8cad7f0a20e7c7_800_800.jpg, https://si.geilicdn.com/pcitem901879226946-404300000192bc8d02b10a20e273_800_800.jpg",,,,budget,,,,0,false,false,false,false,,69,"{""Litbuy"":""https://litbuy.com/product/weidian/7292615492?linkSearch=true&inviteCode=PKMR"",""USFans"":""https://www.usfans.com/product/3/7292615492?ref=5FTXZW"",""Kakobuy"":""https://item.kakobuy.com/item/details?url=https%3A%2F%2Fweidian.com%2Fitem.html%3FitemID%3D7292615492&affcode=six7n""}"
d9094888-255e-4f1e-964d-2ec172f88004,Youtube Button,Akcesoria,65.19,118.01,https://img.alicdn.com/bao/uploaded/i2/1666489496/O1CN01sV1yPc2K1E65IhagT_!!1666489496.jpg,,,,,Randopm,,,,0,false,false,false,false,,70,"{""Litbuy"":""https://litbuy.com/product/1/673991675214?linkSearch=true&inviteCode=PKMR"",""USFans"":""https://www.usfans.com/product/2/Pr0PXT0ZF5bHNXFTeqKERG6fBUSOHhhppCRTTjQNfQ3c4yDZS-7wuQ?ref=5FTXZW"",""Kakaobuy"":""https://ikako.vip/mgats6""}"
c6e5c2e0-782c-4356-b083-514b5c457136,alo runing leggins,Spodnie,52.48,95,https://si.geilicdn.com/wdseller1489596767-1ed900000195edcb177b0a811411_800_800.jpg,"https://si.geilicdn.com/wdseller1489596767-1ed900000195edcb177b0a811411_800_800.jpg, https://si.geilicdn.com/wdseller1489596767-20cd00000195edcb28c70a2315ef_800_800.jpg, https://si.geilicdn.com/wdseller1489596767-163800000195edcb28c30a230115_800_800.jpg, https://si.geilicdn.com/wdseller1489596767-206d00000195edcb2c860a239646_800_800.jpg, https://si.geilicdn.com/wdseller1489596767-14be00000195edcb2e5d0a2395d6_800_800.jpg, https://si.geilicdn.com/wdseller1489596767-1cd700000195edcb2f710a2304aa_800_800.jpg, https://si.geilicdn.com/wdseller1489596767-251200000195edcb369b0a210349_800_800.jpg, https://si.geilicdn.com/wdseller1489596767-1d6600000195edcb37720a23111a_800_800.jpg, https://si.geilicdn.com/wdseller1489596767-1f8600000195edcb38270a23038e_800_800.jpg, https://si.geilicdn.com/wdseller1489596767-20d300000195edcb3dc70a2315ef_800_800.jpg, https://si.geilicdn.com/wdseller1489596767-1e2400000195edd10b700a23111a_800_800.jpg, https://si.geilicdn.com/wdseller1489596767-241e00000195edd11b700a23057e_800_800.jpg, https://si.geilicdn.com/wdseller1489596767-244a00000195edd12e900a2396f4_800_800.jpg, https://si.geilicdn.com/wdseller1489596767-221b00000195edd13f570a2395a3_800_800.jpg, https://si.geilicdn.com/wdseller1489596767-212c00000195edd14fb60a8134f0_800_800.jpg",,,,Best batch,,"S, M, L, XL",,0,false,true,true,false,,70,"{""Litbuy"":""https://litbuy.com/product/weidian/7438385588?linkSearch=true&inviteCode=PKMR"",""USFans"":""https://www.usfans.com/product/3/7438385588?ref=5FTXZW"",""Kakobuy"":""https://item.kakobuy.com/item/details?url=https%3A%2F%2Fweidian.com%2Fitem.html%3FitemID%3D7438385588&affcode=six7n"",""Kakaobuy"":""https://item.kakobuy.com/item/details?url=https%3A%2F%2Fshop1735969156.v.weidian.com%2Fitem.html%3FitemID%3D7438385588&affcode=six7n""}"
27ef65fc-f7bb-47f2-bd86-a22f08c668fd,EE shorts,Spodenki,44.19,79.99,/api/public/product-image?path=products/1787088472481-xi5asilph6.webp,,,,,Best batch,,"S, M, L, XL",,0,false,false,true,false,,71,"{""Litbuy"":""https://litbuy.com/product/1/923145544750?linkSearch=true&inviteCode=PKMR"",""USFans"":""https://www.usfans.com/product/2/aBG3IWe8TOsi9mlJ6aITApnIiNXcTZIWOfps8oONV1vHCtUqQPVM1A?ref=5FTXZW"",""Kakaobuy"":""https://item.kakobuy.com/item/details?url=https%3A%2F%2Fitem.taobao.com%2Fitem.htm%3Fid%3D923145544750""}"
7e74063a-326b-40d1-b731-652faf9a9cd7,Adiddas Campus,Buty,88.39,160,https://si.geilicdn.com/wdseller1541848429-5fdb000001869d59ac360a22d246_1284_1284.jpg,,,,,Best,,"36, 36.5, 37, 38, 38.5, 39, 40, 40.5, 41, 42, 42.5, 43, 44, 45",,0,false,true,true,false,,71,"{""Litbuy"":""https://litbuy.com/product/weidian/6104895106?linkSearch=true&inviteCode=PKMR"",""USFans"":""https://www.usfans.com/product/3/6104895106?ref=5FTXZW"",""Kakobuy"":""https://item.kakobuy.com/item/details?url=https%3A%2F%2Fweidian.com%2Fitem.html%3FitemID%3D6104895106&affcode=six7n"",""Kakaobuy"":""https://ikako.vip/62c8f""}"
5e415b2c-5e3a-40fa-9979-2753b5abdb86,Socks Blind Box,Akcesoria,3.87,7.01,https://si.geilicdn.com/pcitem1923191567-32ac0000019ef85d49200a2303ee-unadjust_1254_1254.png,,,,,Best,,,,0,false,false,true,false,,72,"{""Litbuy"":""https://litbuy.com/product/weidian/7474677975?linkSearch=true&inviteCode=PKMR"",""USFans"":""https://www.usfans.com/product/3/7474677975?ref=5FTXZW"",""Kakobuy"":""https://item.kakobuy.com/item/details?url=https%3A%2F%2Fweidian.com%2Fitem.html%3FitemID%3D7474677975&affcode=six7n"",""Kakaobuy"":""https://ikako.vip/s63um""}"
06ed8bb7-1a6d-431b-b433-9be28f128a4a,alo short leggins,Spodenki,52.48,95,https://si.geilicdn.com/wdseller1489596767-520e0000019dc197a4540a210256_1200_1200.jpg,,,,,Best,,"S, M, L, XL",,0,false,true,true,false,,72,"{""Litbuy"":""https://litbuy.com/product/weidian/7747937038?linkSearch=true&inviteCode=PKMR"",""USFans"":""https://www.usfans.com/product/3/7747937038?ref=5FTXZW"",""Kakobuy"":""https://item.kakobuy.com/item/details?url=https%3A%2F%2Fweidian.com%2Fitem.html%3FitemID%3D7747937038&affcode=six7n"",""Kakaobuy"":""https://item.kakobuy.com/item/details?url=https%3A%2F%2Fweidian.com%2Fitem.html%3FitemID%3D7747937038&affcode=six7n""}"
e3ac8f6d-dc61-4297-a520-3fac57933350,Supreme snow glasses,Akcesoria (ciuch),46.96,85.01,/api/public/product-image?path=products/1786918944971-pagrcimmcl.webp,/api/public/product-image?path=products/1786918947928-esu6mc30gtk.webp,,,,Random,,,,0,false,false,false,false,,73,"{""Litbuy"":""https://litbuy.com/product/1/576122079394?linkSearch=true&inviteCode=PKMR"",""USFans"":""https://www.usfans.com/product/2/LawljdCE9jobJ8aOC88b9Wnt-RDD47jvPDhCpPJPl0_vnr5Qa_39eA?ref=5FTXZW"",""Kakaobuy"":""https://ikako.vip/nfjjb""}"
f1f7aaac-51ab-407c-a0c1-0ee94bd043e0,Maison Margiela carpet,Room,30.38,54.99,https://img.alicdn.com/bao/uploaded/i2/1822521250/O1CN01BAzZ2a1L6XsqB1Xbz_!!1822521250.png,,,,,Best,,,,0,false,false,true,false,,73,"{""USFans"":""https://www.usfans.com/product/2/SDKoYtYJvNy17LL3uvuhHfvB3ny90ophroJP4kUJQjHcj_5pa77rRQ?ref=5FTXZW"",""Kakaobuy"":""https://ikako.vip/nxywu""}"
73db3d3f-8479-4738-b424-12edfa25f4d8,Channel Scarf,Akcesoria,68,123.09,https://si.geilicdn.com/pcitem901898590714-69a700000193d3cc36910a21146b_1074_1074.jpg,"https://si.geilicdn.com/pcitem901898590714-69a700000193d3cc36910a21146b_1074_1074.jpg, https://si.geilicdn.com/pcitem901898590714-6bef00000193d3cc300e0a2395d6_1440_1920.jpg, https://si.geilicdn.com/pcitem901898590714-656400000193d3cc33110a239646_1074_1074.jpg, https://si.geilicdn.com/pcitem901898590714-664200000193d3cc34a50a207569_1074_1074.jpg, https://si.geilicdn.com/pcitem901898590714-69d000000193d3cc385a0a23111a_1442_1922.jpg, https://si.geilicdn.com/pcitem901898590714-6be500000193d3cc3b310a2303ee_1442_1922.jpg, https://si.geilicdn.com/pcitem901898590714-683100000193d3cc3e100a20e284_1442_1922.jpg, https://si.geilicdn.com/pcitem901898590714-652600000193d3cc41830a23038e_1074_1074.jpg, https://si.geilicdn.com/pcitem901898590714-6a3800000193d3cf06210a23111a_1074_1074.jpg, https://si.geilicdn.com/pcitem901898590714-67e700000193d3cf1c390a2315ef_1074_1074.jpg, https://si.geilicdn.com/pcitem901898590714-672900000193d3cf3b6d0a23041a_1074_1074.jpg, https://si.geilicdn.com/pcitem901898590714-6f4700000193d3cf51a10a210139_1074_1074.jpg, https://si.geilicdn.com/pcitem901898590714-68bf00000193d3cf6bbf0a20e284_1074_1074.jpg, https://si.geilicdn.com/pcitem901898590714-6c7f00000193d3cf95dc0a2395d6_1442_1922.jpg, https://si.geilicdn.com/pcitem901898590714-694000000193d3cf7fea0a2395a3_1074_1074.jpg, https://si.geilicdn.com/pcitem901898590714-68a800000193d3cfd0980a2102c5_1442_1922.jpg, https://si.geilicdn.com/pcitem901898590714-625900000193d3cfe6210a20e7c7_1442_1922.jpg, https://si.geilicdn.com/pcitem901898590714-68fb00000193d3cffc0f0a230115_1442_1922.jpg, https://si.geilicdn.com/pcitem901898590714-681700000193d3d015760a2315ef_1442_1922.jpg, https://si.geilicdn.com/pcitem901898590714-690300000193d3d029cc0a230115_1442_1922.jpg",,,,best,,,,0,false,false,true,false,,74,"{""Litbuy"":""https://litbuy.com/product/weidian/7700195614?linkSearch=true&inviteCode=PKMR"",""USFans"":""https://www.usfans.com/product/3/7700195614?ref=5FTXZW"",""Kakobuy"":""https://item.kakobuy.com/item/details?url=https%3A%2F%2Fweidian.com%2Fitem.html%3FitemID%3D7700195614&affcode=six7n""}"
52f5aa93-2c3d-420a-baca-8394b017cecd,Air pods 4 ANC,Elektronika,198.87,360,https://si.geilicdn.com/pcitem1681028290-09e90000019090e6e49b0a20e273_393_405.jpg,"https://si.geilicdn.com/pcitem1681028290-09e90000019090e6e49b0a20e273_393_405.jpg, https://si.geilicdn.com/pcitem1681028290-03890000019090e6e5f20a23047e_376_375.jpg, https://si.geilicdn.com/pcitem1681028290-08a90000019090e6e7170a207569_506_506.jpg, https://si.geilicdn.com/pcitem1681028290-0ac70000019090e6e80e0a210256_503_503.jpg, https://si.geilicdn.com/pcitem1681028290-035e0000019090e6e92b0a8134f0_500_500.jpg, https://si.geilicdn.com/pcitem1681028290-07800000019090e6ea670a23057e_500_498.jpg, https://si.geilicdn.com/pcitem1681028290-5b76000001944636a3470a23111a_472_472.jpg, https://si.geilicdn.com/pcitem1681028290-5e680000019446368ba10a20e672_494_516.jpg, https://si.geilicdn.com/pcitem1681028290-052a00000193114b5e510a23037f-unadjust_300_300.png, https://si.geilicdn.com/pcitem1681028290-363100000199a57b99220a811411_489_444.jpg",,,,Best batch,V3TB,,,0,false,false,true,false,,74,"{""Litbuy"":""https://litbuy.com/product/weidian/7247449195?linkSearch=true&inviteCode=PKMR"",""USFans"":""https://www.usfans.com/product/3/7247449195?ref=5FTXZW"",""Kakobuy"":""https://item.kakobuy.com/item/details?url=https%3A%2F%2Fweidian.com%2Fitem.html%3FitemID%3D7247449195&affcode=six7n"",""Kakaobuy"":""https://ikako.vip/njyu4""}"
fe139a71-6996-4340-8b5c-7c491a13aa86,Air Pods Pro 2 ,Elektronika,212.68,385,https://si.geilicdn.com/pcitem1681028290-09e90000019090e6e49b0a20e273_393_405.jpg,"https://si.geilicdn.com/pcitem1681028290-09e90000019090e6e49b0a20e273_393_405.jpg, https://si.geilicdn.com/pcitem1681028290-03890000019090e6e5f20a23047e_376_375.jpg, https://si.geilicdn.com/pcitem1681028290-08a90000019090e6e7170a207569_506_506.jpg, https://si.geilicdn.com/pcitem1681028290-0ac70000019090e6e80e0a210256_503_503.jpg, https://si.geilicdn.com/pcitem1681028290-035e0000019090e6e92b0a8134f0_500_500.jpg, https://si.geilicdn.com/pcitem1681028290-07800000019090e6ea670a23057e_500_498.jpg, https://si.geilicdn.com/pcitem1681028290-5b76000001944636a3470a23111a_472_472.jpg, https://si.geilicdn.com/pcitem1681028290-5e680000019446368ba10a20e672_494_516.jpg, https://si.geilicdn.com/pcitem1681028290-052a00000193114b5e510a23037f-unadjust_300_300.png, https://si.geilicdn.com/pcitem1681028290-363100000199a57b99220a811411_489_444.jpg",,,,Best batch,V5.3TB,,,0,false,false,true,false,,75,"{""Litbuy"":""https://litbuy.com/product/weidian/7247449195?linkSearch=true&inviteCode=PKMR"",""USFans"":""https://www.usfans.com/product/3/7247449195?ref=5FTXZW"",""Kakobuy"":""https://item.kakobuy.com/item/details?url=https%3A%2F%2Fweidian.com%2Fitem.html%3FitemID%3D7247449195&affcode=six7n"",""Kakaobuy"":""https://ikako.vip/njyu4""}"
22056084-43ad-43c6-8973-5a4db306348e,Minecraft Pillows,Akcesoria,27.62,50,https://si.geilicdn.com/open1624782517-1624782517-720400000199bf376a610a23b4de_400_400.jpg,"https://si.geilicdn.com/open1624782517-1624782517-720400000199bf376a610a23b4de_400_400.jpg, https://si.geilicdn.com/open1624782517-1624782517-720e00000199bf376eeb0a23b491_750_750.jpg, https://si.geilicdn.com/open1624782517-1624782517-329300000199bf3770a40aa043f9_399_400.jpg, https://si.geilicdn.com/open1624782517-1624782517-59eb00000199bf37743f0aa0229a_3000_3000.jpg, https://si.geilicdn.com/open1831483949-1831483949-4d700000019b2b494af70a23b4de-unadjust_454_280.png, https://si.geilicdn.com/open1831483949-1831483949-56530000019b2b4990f20a22d249-unadjust_353_400.png, https://si.geilicdn.com/open1831483949-1831483949-7fc60000019b2b49c4040aa08245-unadjust_290_406.png, https://si.geilicdn.com/open1831483949-1831483949-3e5d0000019b2b4a273e0a8133b0-unadjust_286_395.png, https://si.geilicdn.com/open1831483949-1831483949-4b010000019b2b4a57d50a23b491-unadjust_401_404.png, https://si.geilicdn.com/open1831483949-1831483949-3eb60000019b2b4a87f20a8115c2-unadjust_391_326.png, https://si.geilicdn.com/open1831483949-1831483949-52240000019b2b4abbbd0a231226-unadjust_382_319.png, https://si.geilicdn.com/open1831483949-1831483949-670b0000019b2b4ae76b0aa086a7-unadjust_362_334.png, https://si.geilicdn.com/open1831483949-1831483949-006b0000019b2b4b186b0aa08245-unadjust_389_331.png, https://si.geilicdn.com/open1831483949-1831483949-4b930000019b2b4b70490a23b491-unadjust_258_325.png, https://si.geilicdn.com/open1831483949-1831483949-3f540000019b2b4bab580a8115c2-unadjust_403_384.png, https://si.geilicdn.com/open1831483949-1831483949-4e970000019b2b4bd9860a23b4de-unadjust_358_395.png, https://si.geilicdn.com/open1831483949-1831483949-57990000019b2b4c046b0a22d249-unadjust_442_337.png, https://si.geilicdn.com/open1831483949-1831483949-4f710000019b2b4c3bac0a23b4de-unadjust_358_377.png, https://si.geilicdn.com/open1831483949-1831483949-58790000019b2b4c6ee90a22d249-unadjust_353_365.png, https://si.geilicdn.com/open1831483949-1831483949-40750000019b2b4ca2810a8133b0-unadjust_374_362.png",,,,random,,,,0,false,false,false,false,,75,"{""Litbuy"":""https://litbuy.com/product/weidian/7566881903?linkSearch=true&inviteCode=PKMR"",""USFans"":""https://www.usfans.com/product/3/7566881903?ref=5FTXZW"",""Kakobuy"":""https://item.kakobuy.com/item/details?url=https%3A%2F%2Fweidian.com%2Fitem.html%3FitemID%3D7566881903&affcode=six7n""}"
d9473a3b-b109-4f4e-be20-691580ef64f9,Galerry Dept hoodie,Bluzy,192.79,348.99,/api/public/product-image?path=products/1787089770533-ynug61z755.jpeg,,,,,Best batch,,"S, M, L, XL",,0,false,false,true,false,,76,"{""Litbuy"":""https://litbuy.com/product/1/1052046319764?linkSearch=true&inviteCode=PKMR"",""USFans"":""https://www.usfans.com/product/2/LvVh6Z2pGK7Gqqy0py19O8DfVCbnKeo_tJUcBtdfFBgvlSz97GagIB8?ref=5FTXZW"",""Kakaobuy"":""https://item.kakobuy.com/item/details?url=https%3A%2F%2Fitem.taobao.com%2Fitem.htm%3Fft%3Dt%26id%3D1052046319764""}"
8bb0cd59-f0af-432f-9b63-b95b5ef91944,Air pods pro 3,Elektronika,248.59,450,https://si.geilicdn.com/pcitem1681028290-09e90000019090e6e49b0a20e273_393_405.jpg,"https://si.geilicdn.com/pcitem1681028290-09e90000019090e6e49b0a20e273_393_405.jpg, https://si.geilicdn.com/pcitem1681028290-03890000019090e6e5f20a23047e_376_375.jpg, https://si.geilicdn.com/pcitem1681028290-08a90000019090e6e7170a207569_506_506.jpg, https://si.geilicdn.com/pcitem1681028290-0ac70000019090e6e80e0a210256_503_503.jpg, https://si.geilicdn.com/pcitem1681028290-035e0000019090e6e92b0a8134f0_500_500.jpg, https://si.geilicdn.com/pcitem1681028290-07800000019090e6ea670a23057e_500_498.jpg, https://si.geilicdn.com/pcitem1681028290-5b76000001944636a3470a23111a_472_472.jpg, https://si.geilicdn.com/pcitem1681028290-5e680000019446368ba10a20e672_494_516.jpg, https://si.geilicdn.com/pcitem1681028290-052a00000193114b5e510a23037f-unadjust_300_300.png, https://si.geilicdn.com/pcitem1681028290-363100000199a57b99220a811411_489_444.jpg",,,,Best batch,V7-Huilian,,,0,false,false,true,false,,76,"{""Litbuy"":""https://litbuy.com/product/weidian/7247449195?linkSearch=true&inviteCode=PKMR"",""USFans"":""https://www.usfans.com/product/3/7247449195?ref=5FTXZW"",""Kakobuy"":""https://item.kakobuy.com/item/details?url=https%3A%2F%2Fweidian.com%2Fitem.html%3FitemID%3D7247449195&affcode=six7n"",""Kakaobuy"":""https://ikako.vip/njyu4""}"
12ea1b58-a2da-44b7-a8c0-79d4cf1ad1b1,Rimova Case,Akcesoria,27.62,50,https://cbu01.alicdn.com/img/ibank/O1CN01WofIJh1zcECCqyt4K_!!2220703856734-0-cib.jpg,"https://cbu01.alicdn.com/img/ibank/O1CN01WofIJh1zcECCqyt4K_!!2220703856734-0-cib.jpg, https://cbu01.alicdn.com/img/ibank/O1CN01QkJicI1zcECCf4jvc_!!2220703856734-0-cib.jpg, https://cbu01.alicdn.com/img/ibank/O1CN01TlHhzS1zcECAlraxm_!!2220703856734-0-cib.jpg, https://cbu01.alicdn.com/img/ibank/O1CN01lYnfsp1zcECCUlNRv_!!2220703856734-0-cib.jpg, https://cbu01.alicdn.com/img/ibank/O1CN01sFs7Nb1zcECCr05vr_!!2220703856734-0-cib.jpg, https://cbu01.alicdn.com/img/ibank/O1CN01papgNO1zcECCCerSy_!!2220703856734-0-cib.jpg, https://cbu01.alicdn.com/img/ibank/O1CN016dgejL1zcECBRqTh5_!!2220703856734-0-cib.jpg, https://cbu01.alicdn.com/img/ibank/O1CN01CLcStJ1zcECBMoiKX_!!2220703856734-0-cib.jpg, https://cbu01.alicdn.com/img/ibank/O1CN01dt3P7B1zcECCIIpTy_!!2220703856734-0-cib.jpg, https://cbu01.alicdn.com/img/ibank/O1CN01yyT0up1zcED6j4V4F_!!2220703856734-0-cib.jpg, https://cbu01.alicdn.com/img/ibank/O1CN01OpMCGN1zcECpEgwIo_!!2220703856734-0-cib.jpg, https://cbu01.alicdn.com/img/ibank/O1CN01MzHTXL1zcEFohFC5D_!!2220703856734-0-cib.jpg, https://cbu01.alicdn.com/img/ibank/O1CN01SsMKzk1zcECq8HVYz_!!2220703856734-0-cib.jpg, https://cbu01.alicdn.com/img/ibank/O1CN01FZLF751zcECpwyDVK_!!2220703856734-0-cib.jpg, https://cbu01.alicdn.com/img/ibank/O1CN01uYcysU1zcECjj0Ru0_!!2220703856734-0-cib.jpg, https://cbu01.alicdn.com/img/ibank/O1CN01tXrPcn1zcEF0VeOfa_!!2220703856734-0-cib.jpg, https://cbu01.alicdn.com/img/ibank/O1CN01JZeybw1zcEF0OsYhM_!!2220703856734-0-cib.jpg, https://cbu01.alicdn.com/img/ibank/O1CN013q4Iv21zcEFjcNi2x_!!2220703856734-0-cib.jpg, https://cbu01.alicdn.com/img/ibank/O1CN01q8jU2U1zcEFsaXDxy_!!2220703856734-0-cib.jpg",,,,Best,,all iphones,,1,false,false,true,false,,77,"{""Litbuy"":""https://litbuy.com/product/0/975018528486?linkSearch=true&inviteCode=PKMR"",""USFans"":""https://www.usfans.com/product/1/975018528486?ref=5FTXZW"",""Kakobuy"":""https://item.kakobuy.com/item/details?url=https%3A%2F%2Fdetail.1688.com%2Foffer%2F975018528486.html&affcode=six7n"",""Kakaobuy"":""https://ikako.vip/rwpt2""}"
5aa128c9-682f-4616-aaf1-3b2cb51832a1,alo joggers,Spodnie,74.58,135.01,https://si.geilicdn.com/wdseller1489596767-28450000019a65af30740a23047e_640_640.jpg,"https://si.geilicdn.com/wdseller1489596767-28450000019a65af30740a23047e_640_640.jpg, https://si.geilicdn.com/wdseller1489596767-242e0000019a65af305e0a8134f0_640_640.jpg, https://si.geilicdn.com/wdseller1489596767-250e0000019a65af30400a23057e_640_640.jpg, https://si.geilicdn.com/wdseller1489596767-26c80000019a65af31700a207569_640_640.jpg, https://si.geilicdn.com/wdseller1489596767-20f20000019a65af31a20a230115_640_734.jpg, https://si.geilicdn.com/wdseller1489596767-28b70000019a65af31a60a81347d_640_659.jpg, https://si.geilicdn.com/wdseller1489596767-1b9d0000019a65b16cb90a231177_640_640.jpg, https://si.geilicdn.com/wdseller1489596767-794e0000019a65b17d090a210139_640_640.jpg",,,,Best,,"M, L, XL, XXL, 3XL, 4XL",,0,false,false,true,false,,77,"{""Litbuy"":""https://litbuy.com/product/weidian/7597945833?linkSearch=true&inviteCode=PKMR"",""USFans"":""https://www.usfans.com/product/3/7597945833?ref=5FTXZW"",""Kakobuy"":""https://item.kakobuy.com/item/details?url=https%3A%2F%2Fweidian.com%2Fitem.html%3FitemID%3D7597945833&affcode=six7n"",""Kakaobuy"":""https://item.kakobuy.com/item/details?url=https%3A%2F%2Fweidian.com%2Fitem.html%3FitemID%3D7597945833""}"
99ad12de-22ed-4d41-93dd-9a81aedb62b1,alo hoodie zip,Bluzy,104.41,189,https://si.geilicdn.com/wdseller1489596767-49580000019a27bbcba60a23047e_800_800.jpg,"https://si.geilicdn.com/wdseller1489596767-49580000019a27bbcba60a23047e_800_800.jpg, https://si.geilicdn.com/wdseller1489596767-48b30000019a27bbcb510a23057e_800_800.jpg, https://si.geilicdn.com/wdseller1489596767-463d0000019a27bbcba70a8134f0_800_800.jpg, https://si.geilicdn.com/wdseller1489596767-48660000019a27bbccc00a207569_800_800.jpg, https://si.geilicdn.com/wdseller1489596767-45a20000019a27bbcd270a230115_800_800.jpg, https://si.geilicdn.com/wdseller1489596767-4c090000019a27bbcd6c0a81347d_800_800.jpg, https://si.geilicdn.com/wdseller1489596767-40b10000019a27bbce860a2396f4_800_800.jpg, https://si.geilicdn.com/wdseller1489596767-4bf20000019a27bbceb90a20e672_800_800.jpg, https://si.geilicdn.com/wdseller1489596767-48c60000019a27bbcebb0a23041a_800_800.jpg, https://si.geilicdn.com/wdseller1489596767-46ee0000019a27c1bdf70a230115_800_800.jpg, https://si.geilicdn.com/wdseller1489596767-1d240000019a27c1d73e0a210139_800_800.jpg, https://si.geilicdn.com/wdseller1489596767-283d0000019a27c1f4760a2304aa_800_800.jpg, https://si.geilicdn.com/wdseller1489596767-26160000019a27c201600a20e2c5_800_800.jpg",,,,Best,,"S, M, L, XL, XXL",,0,false,false,true,false,,78,"{""Litbuy"":""https://litbuy.com/product/weidian/7584597343?linkSearch=true&inviteCode=PKMR"",""USFans"":""https://www.usfans.com/product/3/7584597343?ref=5FTXZW"",""Kakobuy"":""https://item.kakobuy.com/item/details?url=https%3A%2F%2Fweidian.com%2Fitem.html%3FitemID%3D7584597343&affcode=six7n"",""Kakaobuy"":""https://item.kakobuy.com/item/details?url=https%3A%2F%2Fweidian.com%2Fitem.html%3FitemID%3D7584597343""}"
1f63963f-b7da-4c75-afbb-07dac8714edd,AirPods Max,Elektronika,475.08,860,https://si.geilicdn.com/pcitem1681028290-09e90000019090e6e49b0a20e273_393_405.jpg,"https://si.geilicdn.com/pcitem1681028290-09e90000019090e6e49b0a20e273_393_405.jpg, https://si.geilicdn.com/pcitem1681028290-03890000019090e6e5f20a23047e_376_375.jpg, https://si.geilicdn.com/pcitem1681028290-08a90000019090e6e7170a207569_506_506.jpg, https://si.geilicdn.com/pcitem1681028290-0ac70000019090e6e80e0a210256_503_503.jpg, https://si.geilicdn.com/pcitem1681028290-035e0000019090e6e92b0a8134f0_500_500.jpg, https://si.geilicdn.com/pcitem1681028290-07800000019090e6ea670a23057e_500_498.jpg, https://si.geilicdn.com/pcitem1681028290-5b76000001944636a3470a23111a_472_472.jpg, https://si.geilicdn.com/pcitem1681028290-5e680000019446368ba10a20e672_494_516.jpg, https://si.geilicdn.com/pcitem1681028290-052a00000193114b5e510a23037f-unadjust_300_300.png, https://si.geilicdn.com/pcitem1681028290-363100000199a57b99220a811411_489_444.jpg",,,,Best batch,MAXV3TB,,,0,false,false,true,false,,78,"{""Litbuy"":""https://litbuy.com/product/weidian/7247449195?linkSearch=true&inviteCode=PKMR"",""USFans"":""https://www.usfans.com/product/3/7247449195?ref=5FTXZW"",""Kakobuy"":""https://item.kakobuy.com/item/details?url=https%3A%2F%2Fweidian.com%2Fitem.html%3FitemID%3D7247449195&affcode=six7n"",""Kakaobuy"":""https://ikako.vip/njyu4""}"
9a234f14-6022-4247-a406-863ada023fdf,TNF backpack,Plecak/torby/torebki,99.44,180.01,https://si.geilicdn.com/pcitem2021634114-4f370000019c37282eb20a8134f0-unadjust_990_934.png,"https://si.geilicdn.com/pcitem2021634114-4f370000019c37282eb20a8134f0-unadjust_990_934.png, https://si.geilicdn.com/pcitem2021634114-52f80000019c37282cc20a2301b4-unadjust_968_856.png, https://si.geilicdn.com/pcitem2021634114-5a830000019c37282dc50a2315ef-unadjust_914_880.png",,,,Best,,,,0,false,false,true,false,,79,"{""Litbuy"":""https://litbuy.com/product/weidian/7689114009?linkSearch=true&inviteCode=PKMR"",""USFans"":""https://www.usfans.com/product/3/7689114009?ref=5FTXZW"",""Kakobuy"":""https://item.kakobuy.com/item/details?url=https%3A%2F%2Fweidian.com%2Fitem.html%3FitemID%3D7689114009&affcode=six7n"",""Kakaobuy"":""https://ikako.vip/3kwbu""}"
ff10bbc7-4cab-4a93-8806-2fd8c59c2707,8 ball carpet,Room,11.6,21,https://cbu01.alicdn.com/img/ibank/O1CN01pkEMNX1dhKkaSUPVM_!!2213217363767-0-cib.jpg,"https://cbu01.alicdn.com/img/ibank/O1CN01pkEMNX1dhKkaSUPVM_!!2213217363767-0-cib.jpg, https://cbu01.alicdn.com/img/ibank/O1CN01u5mW0A1dhKzD9qZia_!!2213217363767-0-cib.jpg, https://cbu01.alicdn.com/img/ibank/O1CN01HLmgXd1dhKke9PVQu_!!2213217363767-0-cib.jpg, https://cbu01.alicdn.com/img/ibank/O1CN01oaSJwg1dhKkUVGdkC_!!2213217363767-0-cib.jpg, https://cbu01.alicdn.com/img/ibank/O1CN0107vHEw1dhKkXb35b4_!!2213217363767-0-cib.jpg, https://cbu01.alicdn.com/img/ibank/O1CN01aLzreD1dhKkfQEl8A_!!2213217363767-0-cib.jpg",,,,Best,,,,0,false,false,true,false,,79,"{""Litbuy"":""https://litbuy.com/product/0/679973122317?linkSearch=true&inviteCode=PKMR"",""USFans"":""https://www.usfans.com/product/1/679973122317?ref=5FTXZW"",""Kakobuy"":""https://item.kakobuy.com/item/details?url=https%3A%2F%2Fdetail.1688.com%2Foffer%2F679973122317.html&affcode=six7n"",""Kakaobuy"":""https://ikako.vip/cw9da""}"
84aa3441-96f9-4655-a8df-45953c8e44d6,Balenciaga NBA hoodie,Bluzy,115.46,209.01,https://cbu01.alicdn.com/img/ibank/O1CN01ZCzrTk1UzoXncEVzg_!!2219719822589-0-cib.jpg,"https://cbu01.alicdn.com/img/ibank/O1CN01ZCzrTk1UzoXncEVzg_!!2219719822589-0-cib.jpg, https://cbu01.alicdn.com/img/ibank/O1CN014Dx69B1UzoXmx9Rz2_!!2219719822589-0-cib.jpg, https://cbu01.alicdn.com/img/ibank/O1CN01tdYKXe1UzoXncF7P6_!!2219719822589-0-cib.jpg, https://cbu01.alicdn.com/img/ibank/O1CN01PzsKPL1UzoXncEFON_!!2219719822589-0-cib.jpg, https://cbu01.alicdn.com/img/ibank/O1CN01ysx2YK1UzoXmx6Qis_!!2219719822589-0-cib.jpg, https://cbu01.alicdn.com/img/ibank/O1CN01RApo9D1UzoXnIeYk0_!!2219719822589-0-cib.jpg, https://cbu01.alicdn.com/img/ibank/O1CN01W3oc6X1UzoXmksDj3_!!2219719822589-0-cib.jpg",,,,Best budget,,"1 Yard, 2 Yard, 3 Yard",,0,false,false,true,false,,80,"{""Litbuy"":""https://litbuy.com/product/0/1035190350805?linkSearch=true&inviteCode=PKMR"",""USFans"":""https://www.usfans.com/product/1/1035190350805?ref=5FTXZW"",""Kakobuy"":""https://item.kakobuy.com/item/details?url=https%3A%2F%2Fdetail.1688.com%2Foffer%2F1035190350805.html&affcode=six7n""}"
ce6694d6-7b2a-4c6b-8c16-930d7cbdbe5a,Supreme carpet,Room,90.04,162.99,https://si.geilicdn.com/open1817828565-1817828565-37f60000019a638418470a22d249_800_800.jpg,"https://si.geilicdn.com/open1817828565-1817828565-37f60000019a638418470a22d249_800_800.jpg, https://si.geilicdn.com/open1817828565-1817828565-2fcb0000019a638423100a23b491_800_800.jpg, https://si.geilicdn.com/open1817828565-1817828565-4d520000019a63842a4f0aa081c2_800_800.jpg, https://si.geilicdn.com/open1817828565-1817828565-300d0000019a63842e0b0a8133b0_800_800.jpg, https://si.geilicdn.com/open1817828565-1817828565-36990000019a63841b200a23b4de_800_800.jpg, https://si.geilicdn.com/open1817828565-1817828565-2b5f0000019a63841e1e0a8115c2_800_800.jpg",,,,Best,,,,0,false,false,true,false,,80,"{""Litbuy"":""https://litbuy.com/product/weidian/7710350756?linkSearch=true&inviteCode=PKMR"",""USFans"":""https://www.usfans.com/product/3/7710350756?ref=5FTXZW"",""Kakobuy"":""https://item.kakobuy.com/item/details?url=https%3A%2F%2Fweidian.com%2Fitem.html%3FitemID%3D7710350756&affcode=six7n"",""Kakaobuy"":""https://ikako.vip/nexbyw""}"
bfd231fa-159b-44fa-bc32-21242d849a32,Rimowa Aluminium Card Holder,Akcesoria,80,144.82,https://cbu01.alicdn.com/img/ibank/O1CN01Zbq5Gp1Lzy6Pwj36L_!!2220733241371-0-cib.jpg,"https://cbu01.alicdn.com/img/ibank/O1CN01Zbq5Gp1Lzy6Pwj36L_!!2220733241371-0-cib.jpg, https://cbu01.alicdn.com/img/ibank/O1CN01asKJlW1Lzy6UdHpPH_!!2220733241371-0-cib.jpg, https://cbu01.alicdn.com/img/ibank/O1CN01O1Odd71Lzy6V5ohwO_!!2220733241371-0-cib.jpg, https://cbu01.alicdn.com/img/ibank/O1CN01IK88ZU1Lzy6WPEdXV_!!2220733241371-0-cib.jpg, https://cbu01.alicdn.com/img/ibank/O1CN016aGD5n1Lzy6UfbhYA_!!2220733241371-0-cib.jpg, https://cbu01.alicdn.com/img/ibank/O1CN0135GlKy1Lzy6WPpd6U_!!2220733241371-0-cib.jpg, https://cbu01.alicdn.com/img/ibank/O1CN01WZdO9e1Lzy6VqIfs2_!!2220733241371-0-cib.jpg, https://cbu01.alicdn.com/img/ibank/O1CN015q1Ril1Lzy6VqIPEQ_!!2220733241371-0-cib.jpg",,,,random,,,,0,false,false,false,false,,80,"{""Litbuy"":""https://litbuy.com/product/0/989075844383?linkSearch=true&inviteCode=PKMR"",""USFans"":""https://www.usfans.com/product/1/989075844383?ref=5FTXZW"",""Kakobuy"":""https://item.kakobuy.com/item/details?url=https%3A%2F%2Fdetail.1688.com%2Foffer%2F989075844383.html&affcode=six7n""}"
1dfee458-07ce-4d9f-b293-d50594d8cb40,Supreme hoodies,Bluzy,99.44,180.01,https://cbu01.alicdn.com/img/ibank/O1CN01hZJnH41pA9o1AKCSj_!!2222140235319-0-cib.jpg,"https://cbu01.alicdn.com/img/ibank/O1CN01hZJnH41pA9o1AKCSj_!!2222140235319-0-cib.jpg, https://cbu01.alicdn.com/img/ibank/O1CN01ZiWY7b1pA9nxWGr19_!!2222140235319-0-cib.jpg, https://cbu01.alicdn.com/img/ibank/O1CN013sqJ1i1pA9nxcYN5o_!!2222140235319-0-cib.jpg, https://cbu01.alicdn.com/img/ibank/O1CN01PNktob1pA9nyYRvvT_!!2222140235319-0-cib.jpg, https://cbu01.alicdn.com/img/ibank/O1CN01JfQ0bk1pA9nsHxuww_!!2222140235319-0-cib.jpg, https://cbu01.alicdn.com/img/ibank/O1CN01lWYDX91pA9nwh451C_!!2222140235319-0-cib.jpg, https://cbu01.alicdn.com/img/ibank/O1CN01HbVxbv1pA9nxWXlwK_!!2222140235319-0-cib.jpg, https://cbu01.alicdn.com/img/ibank/O1CN01U8oaQR1pA9nxXntku_!!2222140235319-0-cib.jpg, https://cbu01.alicdn.com/img/ibank/O1CN01vXRrO01pA9nwxvf0f_!!2222140235319-0-cib.jpg, https://cbu01.alicdn.com/img/ibank/O1CN01dTquhG1pA9nx0ElZw_!!2222140235319-0-cib.jpg, https://cbu01.alicdn.com/img/ibank/O1CN01vefGhD1pA9nx7aZxa_!!2222140235319-0-cib.jpg, https://cbu01.alicdn.com/img/ibank/O1CN01UcjqDK1pA9nxAfM81_!!2222140235319-0-cib.jpg, https://cbu01.alicdn.com/img/ibank/O1CN01TJNRBu1pA9nx0eshu_!!2222140235319-0-cib.jpg, https://cbu01.alicdn.com/img/ibank/O1CN01tcJ3nF1pA9nsIiNCb_!!2222140235319-0-cib.jpg, https://cbu01.alicdn.com/img/ibank/O1CN0197x4Z41pA9nxGubH6_!!2222140235319-0-cib.jpg, https://cbu01.alicdn.com/img/ibank/O1CN01sL9ltK1pA9nxGz68E_!!2222140235319-0-cib.jpg, https://cbu01.alicdn.com/img/ibank/O1CN01JLmeOF1pA9nwpYM4t_!!2222140235319-0-cib.jpg, https://cbu01.alicdn.com/img/ibank/O1CN01hjz6wS1pA9nxKGvpB_!!2222140235319-0-cib.jpg, https://cbu01.alicdn.com/img/ibank/O1CN01hX6Cnm1pA9nxddZef_!!2222140235319-0-cib.jpg, https://cbu01.alicdn.com/img/ibank/O1CN01Mz9cx21pA9nx16Cnl_!!2222140235319-0-cib.jpg",,,,Best budget,,"S, M, L, XL",,0,false,false,true,false,,81,"{""Litbuy"":""https://litbuy.com/product/0/1036714003260?linkSearch=true&inviteCode=PKMR"",""USFans"":""https://www.usfans.com/product/1/1036714003260?ref=5FTXZW"",""Kakobuy"":""https://item.kakobuy.com/item/details?url=https%3A%2F%2Fdetail.1688.com%2Foffer%2F1036714003260.html&affcode=six7n"",""Kakaobuy"":""https://ikako.vip/8sawj""}"
7c95ead3-9faf-4748-a92f-c23bdd6e072f,Paint mirror,Room,37.56,67.99,/api/public/product-image?path=products/1787067999166-q0uk9xmt098.webp,,,,,Best,,,,0,false,false,true,false,,81,"{""Litbuy"":""https://litbuy.com/product/1/953311593320?linkSearch=true&inviteCode=PKMR"",""USFans"":""https://www.usfans.com/product/2/953311593320?ref=5FTXZW"",""Kakobuy"":""https://item.kakobuy.com/item/details?url=https%3A%2F%2Fitem.taobao.com%2Fitem.htm%3Fid%3D953311593320&affcode=six7n"",""Kakaobuy"":""https://item.kakobuy.com/item/details?url=https%3A%2F%2Fitem.taobao.com%2Fitem.htm%3Fid%3D953311593320""}"
9e076b93-8e5f-4888-b55e-54ae58f396ba,Chrome Hearts bucket,Room,27.62,50,https://si.geilicdn.com/open1624782517-1624782517-2d72000001976e134d200a231226_800_800.jpg,"https://si.geilicdn.com/open1624782517-1624782517-2948000001976e1330b80a22d249_800_800.jpg, https://si.geilicdn.com/open1624782517-1624782517-2544000001976e136bfb0a8133b0_800_800.jpg, https://si.geilicdn.com/open1624782517-1624782517-2399000001976e1386d00a8115c2_800_800.jpg, https://si.geilicdn.com/open1624782517-1624782517-2554000001976e13934f0a8133b0_800_800.jpg, https://si.geilicdn.com/open1624782517-1624782517-2d72000001976e134d200a231226_800_800.jpg",,,,Best,,,,0,false,false,true,false,,82,"{""Litbuy"":""https://litbuy.com/product/weidian/7491024913?linkSearch=true&inviteCode=PKMR"",""USFans"":""https://www.usfans.com/product/3/7491024913?ref=5FTXZW"",""Kakobuy"":""https://item.kakobuy.com/item/details?url=https%3A%2F%2Fweidian.com%2Fitem.html%3FitemID%3D7491024913&affcode=six7n""}"
a1b77236-5952-4174-bb9b-8bf319cb4080,Balenciaga Alien backpack,Plecak/torby/torebki,214.89,389,https://si.geilicdn.com/wdseller1814780747-74d500000195e02a6fa60a811411_1080_1052.jpg,"https://si.geilicdn.com/wdseller1814780747-74d500000195e02a6fa60a811411_1080_1052.jpg, https://si.geilicdn.com/wdseller1814780747-7b2400000195e02a6fb60a20e273_1086_1004.jpg, https://si.geilicdn.com/wdseller1814780747-761300000195e02a6fcf0a231316_1086_980.jpg, https://si.geilicdn.com/wdseller1814780747-7b0c00000195e02a71c10a210139_1082_968.jpg, https://si.geilicdn.com/wdseller1814780747-7dfd00000195e02a71d20a23037f_1084_812.jpg, https://si.geilicdn.com/wdseller1814780747-768b00000195e02a71e70a2303ee_1082_810.jpg, https://si.geilicdn.com/wdseller1814780747-791100000195e02a73b90a210349_1086_816.jpg, https://si.geilicdn.com/wdseller1814780747-6fe600000195e02a74490a23111a_1086_816.jpg, https://si.geilicdn.com/wdseller1814780747-738d00000195e02a746d0a23038e_1063_797.jpg, https://si.geilicdn.com/wdseller1814780747-760200000195e02a757a0a239846_1082_1040.jpg, https://si.geilicdn.com/wdseller1814780747-6f6400000195e02a76260a210256_1076_1040.jpg, https://si.geilicdn.com/wdseller1814780747-71ab00000195e02a76c20a20e2c5_1082_1052.jpg, https://si.geilicdn.com/wdseller1814780747-7ac100000195e02a776e0a2301b4_1076_992.jpg, https://si.geilicdn.com/wdseller1814780747-77c500000195e02a78770a23057e_1078_810.jpg, https://si.geilicdn.com/wdseller1814780747-72e500000195e02a78fc0a20e7c7_1082_812.jpg, https://si.geilicdn.com/wdseller1814780747-721600000195e02bd8dd0a20e2c5_1054_1052.jpg, https://si.geilicdn.com/wdseller1814780747-782f00000195e02be8e10a23057e_1041_1040.jpg",,,,Best batch,,,,0,false,false,true,false,,82,"{""Litbuy"":""https://litbuy.com/product/weidian/7230290841?linkSearch=true&inviteCode=PKMR"",""USFans"":""https://www.usfans.com/product/3/7230290841?ref=5FTXZW"",""Kakobuy"":""https://item.kakobuy.com/item/details?url=https%3A%2F%2Fweidian.com%2Fitem.html%3FitemID%3D7230290841&affcode=six7n""}"
cbf3d715-c7a7-41a7-84cb-dd9673d92498,Balenciaga NBA hoodie,Bluzy,228.7,414,https://si.geilicdn.com/pcitem901973021717-22b10000019dd862573b0a20e7c7_1125_1125.jpg,"https://si.geilicdn.com/pcitem901973021717-54fc0000019dd862947d0a2103bd_1125_1125.jpg, https://si.geilicdn.com/pcitem901973021717-35b10000019dd862b4420a230115_1125_1125.jpg, https://si.geilicdn.com/pcitem901973021717-22b10000019dd862573b0a20e7c7_1125_1125.jpg, https://si.geilicdn.com/pcitem901973021717-409a0000019dd86452540a23038e_1125_1125.jpg",,,,Best batch,,"1 Yard, 2 Yard, 3 Yard",,0,false,false,true,false,,83,"{""Litbuy"":""https://litbuy.com/product/weidian/7752794878?linkSearch=true&inviteCode=PKMR"",""USFans"":""https://www.usfans.com/product/3/7752794878?ref=5FTXZW"",""Kakobuy"":""https://item.kakobuy.com/item/details?url=https%3A%2F%2Fweidian.com%2Fitem.html%3FitemID%3D7752794878&affcode=six7n""}"
fb4bec28-569a-4b7e-ae39-dd6b1d29be55,Lego no-logo,Lego,287.26,520,https://si.geilicdn.com/pcitem1812657741-56750000019b1187e29e0a8134f0_1300_1300.jpg,"https://si.geilicdn.com/ch1812657741-01da0000019835da16030a21146b_1122_1122.jpg, https://si.geilicdn.com/pcitem1812657741-16d00000019b1164173e0a811411_1440_1080.jpg, https://si.geilicdn.com/pcitem1812657741-3e860000019b11641d2e0a20e273_1440_1080.jpg, https://si.geilicdn.com/pcitem1812657741-4d510000019b116425f90a230115_1440_1080.jpg, https://si.geilicdn.com/pcitem1812657741-4f6a0000019b116420cf0a2301b4_1440_1080.jpg, https://si.geilicdn.com/pcitem1812657741-55010000019b11642b5a0a23057e_1440_1080.jpg, https://si.geilicdn.com/ch1812657741-3ec60000019835da156c0a239646_1290_1612.jpg, https://si.geilicdn.com/ch1812657741-110f0000019835da184f0a231316_1440_1920.jpg, https://si.geilicdn.com/ch1812657741-39e10000019835da18840a2395e5_1440_1920.jpg, https://si.geilicdn.com/ch1812657741-39280000019835da188a0a2303ee_1920_1440.jpg, https://si.geilicdn.com/ch1812657741-10780000019835da18840a20e2c5_1440_1920.jpg, https://si.geilicdn.com/ch1812657741-112e0000019835da188b0a2304aa_1440_1920.jpg, https://si.geilicdn.com/pcitem1812657741-4e040000019b1164234d0a23047e_1440_1080.jpg, https://si.geilicdn.com/pcitem1812657741-28100000019b116428900a2304aa_1440_1080.jpg, https://si.geilicdn.com/pcitem1812657741-731b0000019ab5b6626d0a81347d_1920_1440.jpg, https://si.geilicdn.com/wdseller1812657741-21aa0000019835e458090a2102b1_1824_1827.jpg, https://si.geilicdn.com/wdseller1812657741-0baa0000019b0caafb630a8133cc_1280_1280.jpg, https://si.geilicdn.com/wdseller1812657741-1c4b0000019971ba2e1f0a81347d_800_800.jpg, https://si.geilicdn.com/wdseller1812657741-7aec0000019a5dae1b1c0a20e284_1200_1200.jpg, https://si.geilicdn.com/wdseller1812657741-14db00000199718875bc0a2315ef_901_900.jpg",,,,Best,,,,0,false,false,true,false,,83,"{""Litbuy"":""https://litbuy.com/product/weidian/7674839628?linkSearch=true&inviteCode=PKMR"",""USFans"":""https://www.usfans.com/product/3/7674839628?ref=5FTXZW"",""Kakobuy"":""https://item.kakobuy.com/item/details?url=https%3A%2F%2Fweidian.com%2Fitem.html%3FitemID%3D7674839628&affcode=six7n"",""Kakaobuy"":""https://item.kakobuy.com/item/details?url=https%3A%2F%2Fweidian.com%2Fitem.html%3FitemID%3D7674839628""}"
36d1c45a-8977-4bd6-8c91-41998c8df80b,Lv travel bags,Plecak/torby/torebki,223.73,405,https://si.geilicdn.com/pcitem1851176087-54b30000018f9bad67250a2102c5_1687_1406.jpg,,,,,Best budget,,,,0,false,false,true,false,,84,"{""Litbuy"":""https://litbuy.com/product/weidian/7550064996?linkSearch=true&inviteCode=PKMR"",""USFans"":""https://www.usfans.com/product/3/7550064996?ref=5FTXZW"",""Kakobuy"":""https://item.kakobuy.com/item/details?url=https%3A%2F%2Fweidian.com%2Fitem.html%3FitemID%3D7550064996&affcode=six7n""}"
231b706e-929a-4f97-b109-5fd8844c5535,Stone Island Shorts,Spodenki,62,112.23,https://si.geilicdn.com/open1830128381-1234478995-51a200000197f3f2cd8a0a23b491_800_800.jpg,"https://si.geilicdn.com/open1830128381-1234478995-51a200000197f3f2cd8a0a23b491_800_800.jpg, https://si.geilicdn.com/open1830128381-1234478995-525000000197f3f2cf270a8115c2_1280_1248.jpg, https://si.geilicdn.com/open1830128381-1234478995-56a000000197f3f2d24e0a22d249_800_800.jpg, https://si.geilicdn.com/open1830128381-1234478995-128400000197f3f2d4df0aa0c791_800_800.jpg, https://si.geilicdn.com/open1830128381-1234478995-1d7700000197f3f2d6f90aa043f9_1276_1276.jpg, https://si.geilicdn.com/open1830128381-1234478995-51b400000197f3f2daa70a23b491_800_800.jpg, https://si.geilicdn.com/open1830128381-1234478995-526200000197f3f2dcfc0a8115c2_800_800.jpg, https://si.geilicdn.com/open1830128381-1234478995-544f00000197f3f2e05f0a23b4de_800_800.jpg, https://si.geilicdn.com/open1830128381-1234478995-534400000197f3f2e3690a8133b0_800_800.jpg, https://si.geilicdn.com/open1830128381-1234478995-5a2700000197f3f2e6f10a231226_800_800.jpg, https://si.geilicdn.com/open1830128381-1234478995-51ca00000197f3f2ea0e0a23b491_800_800.jpg, https://si.geilicdn.com/open1830128381-1234478995-545f00000197f3f2ed4c0a23b4de_800_800.jpg, https://si.geilicdn.com/open1830128381-1234478995-56d000000197f3f2f0ac0a22d249_800_800.jpg, https://si.geilicdn.com/open1830128381-1234478995-5a3900000197f3f2f3cb0a231226_800_800.jpg, https://si.geilicdn.com/pcitem1968389199-12e9000001982bbb84d10a20e7c7_1276_1276.jpg, https://si.geilicdn.com/open1830128381-1234478995-547d00000197f3f302440a23b4de_2560_2560.jpg, https://si.geilicdn.com/open1830128381-1234478995-537800000197f3f30a770a8133b0_800_800.jpg, https://si.geilicdn.com/open1830128381-1234478995-1dbb00000197f3f30f8b0aa043f9_800_800.jpg, https://si.geilicdn.com/open1830128381-1234478995-52a400000197f3f313f40a8115c2_800_800.jpg, https://si.geilicdn.com/open1830128381-1234478995-538600000197f3f318850a8133b0_800_800.jpg",,,,budget,,,,0,false,false,false,false,,84,"{""Litbuy"":""https://litbuy.com/product/weidian/7741290922?linkSearch=true&inviteCode=PKMR"",""USFans"":""https://www.usfans.com/product/3/7741290922?ref=5FTXZW"",""Kakobuy"":""https://item.kakobuy.com/item/details?url=https%3A%2F%2Fweidian.com%2Fitem.html%3FitemID%3D7741290922&affcode=six7n""}"
1d13eb7a-356a-476d-8887-83a5f513c441,Lv wallets,Portfele,16.57,30,https://cbu01.alicdn.com/img/ibank/O1CN01j917TH2JQaRfcQt59_!!2216785309416-0-cib.jpg,"https://cbu01.alicdn.com/img/ibank/O1CN01j917TH2JQaRfcQt59_!!2216785309416-0-cib.jpg, https://cbu01.alicdn.com/img/ibank/O1CN01aGmgZ12JQaRh1AFYJ_!!2216785309416-0-cib.jpg, https://cbu01.alicdn.com/img/ibank/O1CN013MMq4D2JQaRheSAvz_!!2216785309416-0-cib.jpg, https://cbu01.alicdn.com/img/ibank/O1CN01sjIsOX2JQaRfDy38N_!!2216785309416-0-cib.jpg, https://cbu01.alicdn.com/img/ibank/O1CN01Cl6G4H2JQaRfeMaiu_!!2216785309416-0-cib.jpg, https://cbu01.alicdn.com/img/ibank/O1CN01dsVsow2JQaSjGyMRv_!!2216785309416-0-cib.jpg, https://cbu01.alicdn.com/img/ibank/O1CN013eSLHF2JQaSkL3wSv_!!2216785309416-0-cib.jpg",,,,GOOD(4$),,"7, 5*11cm",,0,false,false,false,false,,85,"{""Litbuy"":""https://litbuy.com/product/0/976157866408?linkSearch=true&inviteCode=PKMR"",""USFans"":""https://www.usfans.com/product/1/976157866408?ref=5FTXZW"",""Kakobuy"":""https://item.kakobuy.com/item/details?url=https%3A%2F%2Fdetail.1688.com%2Foffer%2F976157866408.html&affcode=six7n""}"
929f41c0-3d3a-4cac-b02d-addef74f5e42,Dior belts,Akcesoria,21.54,38.99,https://cbu01.alicdn.com/img/ibank/O1CN01wPXzon22hDMNFv6tA_!!2219492947151-0-cib.jpg,"https://cbu01.alicdn.com/img/ibank/O1CN01wPXzon22hDMNFv6tA_!!2219492947151-0-cib.jpg, https://cbu01.alicdn.com/img/ibank/O1CN019mypV722hDMLrZyh2_!!2219492947151-0-cib.jpg, https://cbu01.alicdn.com/img/ibank/O1CN01PnEA0122hDMMKqRGr_!!2219492947151-0-cib.jpg, https://cbu01.alicdn.com/img/ibank/O1CN01zMTi1122hDMN8xEqK_!!2219492947151-0-cib.jpg, https://cbu01.alicdn.com/img/ibank/O1CN014p1bFn22hDNueKGav_!!2219492947151-0-cib.jpg, https://cbu01.alicdn.com/img/ibank/O1CN01PL039222hDNuvp8DP_!!2219492947151-0-cib.jpg, https://cbu01.alicdn.com/img/ibank/O1CN01zaxz0z22hDNuvoWpo_!!2219492947151-0-cib.jpg, https://cbu01.alicdn.com/img/ibank/O1CN01Yuusz522hDNv1ZpxF_!!2219492947151-0-cib.jpg, https://cbu01.alicdn.com/img/ibank/O1CN01EbcIgs22hDNv1Yd79_!!2219492947151-0-cib.jpg, https://cbu01.alicdn.com/img/ibank/O1CN01kZD16l22hDNufKPlO_!!2219492947151-0-cib.jpg, https://cbu01.alicdn.com/img/ibank/O1CN012wpTOO22hDNv1enyF_!!2219492947151-0-cib.jpg, https://cbu01.alicdn.com/img/ibank/O1CN01IEcW8s22hDNufLgpA_!!2219492947151-0-cib.jpg, https://cbu01.alicdn.com/img/ibank/O1CN01FxY6ag22hDNuvvJFB_!!2219492947151-0-cib.jpg, https://cbu01.alicdn.com/img/ibank/O1CN01zNw2al22hDPXEw7k1_!!2219492947151-0-cib.jpg, https://cbu01.alicdn.com/img/ibank/O1CN01BBYHSj22hDNuMUkgh_!!2219492947151-0-cib.jpg, https://cbu01.alicdn.com/img/ibank/O1CN01huhnVE22hDNv1m3U9_!!2219492947151-0-cib.jpg, https://cbu01.alicdn.com/img/ibank/O1CN013r0Azp22hDNuw3dEZ_!!2219492947151-0-cib.jpg, https://cbu01.alicdn.com/img/ibank/O1CN01fnBjiW22hDNuxtBhz_!!2219492947151-0-cib.jpg, https://cbu01.alicdn.com/img/ibank/O1CN01yAfwwL22hDNuqVCQM_!!2219492947151-0-cib.jpg, https://cbu01.alicdn.com/img/ibank/O1CN01CrqXDo22hDPXNQkhy_!!2219492947151-0-cib.jpg",,,,Random,,"110cm, 115cm, 120cm, 125cm",,0,false,false,false,false,,86,"{""Litbuy"":""https://litbuy.com/product/0/965314066697?linkSearch=true&inviteCode=PKMR"",""USFans"":""https://www.usfans.com/product/1/965314066697?ref=5FTXZW"",""Kakobuy"":""https://item.kakobuy.com/item/details?url=https%3A%2F%2Fdetail.1688.com%2Foffer%2F965314066697.html&affcode=six7n""}"
f8a43ab7-5e49-442d-bd7a-24ca97b001b2,Goated Underwear,Akcesoria,30.94,56.01,https://si.geilicdn.com/wdseller1350023534-1b360000018967e297ea0a2312e8_1290_1291.jpg,,,,,Best,,"S, M, L",,0,false,false,true,false,,87,"{""Litbuy"":""https://litbuy.com/product/weidian/7702250678?linkSearch=true&inviteCode=PKMR"",""USFans"":""https://www.usfans.com/product/3/7702250678?ref=5FTXZW"",""Kakobuy"":""https://item.kakobuy.com/item/details?url=https%3A%2F%2Fweidian.com%2Fitem.html%3FitemID%3D7702250678&affcode=six7n""}"
bcdc72fa-59d8-4ac4-af0e-8901a80c03bd,McDonald backpack,Plecak/torby/torebki,19.33,34.99,https://si.geilicdn.com/open1624782517-1624782517-5774000001976e1119290aa0c79f_1280_1280.jpg,,,,,Random,,,,0,false,false,false,false,,88,"{""Litbuy"":""https://litbuy.com/product/weidian/7699270583?linkSearch=true&inviteCode=PKMR"",""USFans"":""https://www.usfans.com/product/3/7699270583?ref=5FTXZW"",""Kakobuy"":""https://item.kakobuy.com/item/details?url=https%3A%2F%2Fweidian.com%2Fitem.html%3FitemID%3D7699270583&affcode=six7n""}"
2b81d2e2-a85a-4e11-b1d6-382eb32c49e0,Jordan backpack (a lot of cw),Plecak/torby/torebki,30.38,54.99,https://cbu01.alicdn.com/img/ibank/O1CN010GRdOg1Kq3puzYQ0x_!!2208633321214-0-cib.jpg,"https://cbu01.alicdn.com/img/ibank/O1CN010GRdOg1Kq3puzYQ0x_!!2208633321214-0-cib.jpg, https://cbu01.alicdn.com/img/ibank/O1CN01GixWEC1Kq3pwfPxzM_!!2208633321214-0-cib.jpg, https://cbu01.alicdn.com/img/ibank/O1CN01cn3rt01Kq3pw2h6Fm_!!2208633321214-0-cib.jpg, https://cbu01.alicdn.com/img/ibank/O1CN01Bv1VW81Kq3pw2h287_!!2208633321214-0-cib.jpg, https://cbu01.alicdn.com/img/ibank/O1CN01UYnK7I1Kq3pvK3LZQ_!!2208633321214-0-cib.jpg, https://cbu01.alicdn.com/img/ibank/O1CN01N9PBoLF6uNH2vHAN_!!2208633321214-0-cib.jpg, https://cbu01.alicdn.com/img/ibank/O1CN01KywAf11Kq3yGrxc1m_!!2208633321214-0-cib.jpg, https://cbu01.alicdn.com/img/ibank/O1CN01XIwYnm1Kq3yGrxXtL_!!2208633321214-0-cib.jpg, https://cbu01.alicdn.com/img/ibank/O1CN01itIEjb1Kq3tkQ5TVP_!!2208633321214-0-cib.jpg, https://cbu01.alicdn.com/img/ibank/O1CN01TpNUzU1Kq3yGqVUfP_!!2208633321214-0-cib.jpg, https://cbu01.alicdn.com/img/ibank/O1CN01PLdIDd1Kq3tmwLXRV_!!2208633321214-0-cib.jpg, https://cbu01.alicdn.com/img/ibank/O1CN01n20eUq1Kq3tn3KQta_!!2208633321214-0-cib.jpg, https://cbu01.alicdn.com/img/ibank/O1CN011MAMY91Kq3yJxH7ls_!!2208633321214-0-cib.jpg, https://cbu01.alicdn.com/img/ibank/O1CN01cW2L1S1Kq3xGcmdX8_!!2208633321214-0-cib.jpg, https://cbu01.alicdn.com/img/ibank/O1CN01pCwvN91Kq3yZH5STc_!!2208633321214-0-cib.jpg, https://cbu01.alicdn.com/img/ibank/O1CN01ZWhv4a6RDAB0ttMz_!!2208633321214-0-cib.jpg, https://cbu01.alicdn.com/img/ibank/O1CN010TKZ7I1Kq3xldcZDa_!!2208633321214-0-cib.jpg, https://cbu01.alicdn.com/img/ibank/O1CN01fHwD3G1Kq3x84jOge_!!2208633321214-0-cib.jpg, https://cbu01.alicdn.com/img/ibank/O1CN01AV3YzU1Kq3x8GxgpL_!!2208633321214-0-cib.jpg, https://cbu01.alicdn.com/img/ibank/O1CN01XZh7EN1Kq3xGcmMxA_!!2208633321214-0-cib.jpg",,,,Random,,,,0,false,false,false,false,,89,"{""Litbuy"":""https://litbuy.com/product/0/855875210266?linkSearch=true&inviteCode=PKMR"",""USFans"":""https://detail.1688.com/offer/855875210266.html"",""Kakobuy"":""https://item.kakobuy.com/item/details?url=https%3A%2F%2Fdetail.1688.com%2Foffer%2F855875210266.html&affcode=six7n""}"
f5a000ab-fe83-430a-95b3-7745aa8f501a,Alexander Mcqueen,Buty,185.06,335,https://si.geilicdn.com/pcitem1810692503-6c750000018cd389f3680a239737_1200_1200.jpg,,,,,Best budget,,"36, 37, 38, 39, 40, 41, 42, 43, 44, 45",,0,false,false,true,false,,90,"{""Litbuy"":""https://litbuy.com/product/weidian/7547862299?linkSearch=true&inviteCode=PKMR"",""USFans"":""https://www.usfans.com/product/3/7547862299?ref=5FTXZW"",""Kakobuy"":""https://item.kakobuy.com/item/details?url=https%3A%2F%2Fweidian.com%2Fitem.html%3FitemID%3D7547862299&affcode=six7n""}"
14e0b357-87b1-4363-82ce-5481e794b0e0,Ken Carson Xman,Bluzy,144.18,261,https://si.geilicdn.com/open1762039621-252808396-2b7100000197a183add20a22d249_1170_1170.jpg,"https://si.geilicdn.com/open1762039621-252808396-2b7100000197a183add20a22d249_1170_1170.jpg, https://si.geilicdn.com/open1762039621-252808396-2b7500000197a183b0ae0a22d249_800_800.jpg, https://si.geilicdn.com/open1762039621-252808396-4ff700000197a183b3520aa0c79f_800_800.jpg, https://si.geilicdn.com/open1762039621-252808396-286c00000197a183b5a80a23b4de_800_800.jpg, https://si.geilicdn.com/open1762039621-252808396-282100000197a183b8050a8133b0_800_800.jpg, https://si.geilicdn.com/open1762039621-252808396-5cac00000197a183c4f30aa043be_800_800.jpg, https://si.geilicdn.com/open1762039621-252808396-257d00000197a183c6af0a23b491_800_800.jpg",,,,Best,,"S, M, L, XL",,0,false,false,true,false,,91,"{""Litbuy"":""https://litbuy.com/product/weidian/19952734796862486088745?linkSearch=true&inviteCode=PKMR"",""USFans"":""https://www.usfans.com/product/3/19952734796862486088745?ref=5FTXZW"",""Kakobuy"":""https://item.kakobuy.com/item/details?url=https%3A%2F%2Fweidian.com%2Fitem.html%3FitemID%3D19952734796862486088745&affcode=six7n""}"
2a819da2-adfd-432c-a44f-7423affaee24,Ken Carson Xman,Bluzy,118.77,215,https://si.geilicdn.com/open1854268377-252808396-7e2300000191131fccd90a210559_800_800.jpg,,,,,Best,,"S, M, L, XL",,0,false,false,true,false,,92,"{""Litbuy"":""https://litbuy.com/product/weidian/19952741837860072459305?linkSearch=true&inviteCode=PKMR"",""USFans"":""https://www.usfans.com/product/3/19952741837860072459305?ref=5FTXZW"",""Kakobuy"":""https://item.kakobuy.com/item/details?url=https%3A%2F%2Fweidian.com%2Fitem.html%3FitemID%3D19952741837860072459305&affcode=six7n""}"
e9017cff-52b6-4738-9ad5-cec5e54274ce,Supreme mm bogo,Bluzy,91.15,165,https://cbu01.alicdn.com/img/ibank/O1CN01D03rrX2IEqimdn1T2_!!2220144309255-0-cib.jpg,"https://cbu01.alicdn.com/img/ibank/O1CN01D03rrX2IEqimdn1T2_!!2220144309255-0-cib.jpg, https://cbu01.alicdn.com/img/ibank/O1CN01Vhoi7M2IEqim6P6zJ_!!2220144309255-0-cib.jpg, https://cbu01.alicdn.com/img/ibank/O1CN01ALuLSL2IEqimJZ7e2_!!2220144309255-0-cib.jpg, https://cbu01.alicdn.com/img/ibank/O1CN01pFIa1m2IEqimOoKf0_!!2220144309255-0-cib.jpg, https://cbu01.alicdn.com/img/ibank/O1CN01zWQc7J2IEqimRlxjr_!!2220144309255-0-cib.jpg",,,,Random,,"S, M, L, XL",,0,false,false,false,false,,93,"{""Litbuy"":""https://litbuy.com/product/0/1041737576241?linkSearch=true&inviteCode=PKMR"",""USFans"":""https://www.usfans.com/product/1/1041737576241?ref=5FTXZW"",""Kakobuy"":""https://item.kakobuy.com/item/details?url=https%3A%2F%2Fdetail.1688.com%2Foffer%2F1041737576241.html&affcode=six7n""}"
d7c4035b-05a5-4d4b-a241-345efa629477,Nocta Ski Mask,Akcesoria,82.31,149,/api/public/product-image?path=products/1786914133917-3p8yrjf1a1h.webp,,,,,Best,,,,0,false,false,true,false,,94,"{""USFans"":""https://www.usfans.com/product/2/yYlLgQfE8BQ1z9Wmocq3nsoXxLViBBBCjGbTWyxTx0kevBijFgtY4g?ref=5FTXZW""}"
a40fd72e-98c0-4dbf-8668-5195224d6b66,Nike baclava,Akcesoria,19.89,36.01,https://si.geilicdn.com/pcitem1234071531-639300000196ce8515270a2315ef_3024_3024.jpg,https://si.geilicdn.com/pcitem1234071531-190f000001985bb80c920a23041a_1276_1276.jpg,,,,Random,,,,0,false,false,false,false,,95,"{""Litbuy"":""https://litbuy.com/product/weidian/7545230594?linkSearch=true&inviteCode=PKMR"",""USFans"":""https://www.usfans.com/product/3/7545230594?ref=5FTXZW"",""Kakobuy"":""https://item.kakobuy.com/item/details?url=https%3A%2F%2Fweidian.com%2Fitem.html%3FitemID%3D7545230594&affcode=six7n""}"
8bc16a6d-17ef-40fc-818f-57b926635a69,Supreme mm bogo,Bluzy,214.89,389,/api/public/product-image?path=products/1786913964239-suw7zr0r0i.jpeg,,,,,Best batch,,,,0,false,false,true,false,,96,"{""USFans"":""https://www.usfans.com/product/2/hrQgfB4ZwGRwA1FexH4nrHucvetWpbiWeIooyGguJ4XFX61-9MN4nAI?ref=5FTXZW""}"
e91e16df-0cda-4322-974e-fbcc012d7b92,Denim Tears shorts,Spodenki,92.81,168.01,/api/public/product-image?path=products/1786913857509-j6bn4az4y6.jpeg,,,,,Best batch,,"S, M, L, XL",,0,false,false,true,false,,97,"{""Litbuy"":""https://litbuy.com/product/1/5?linkSearch=true&inviteCode=PKMR"",""USFans"":""https://www.usfans.com/product/2/5RrNFHFMaPi6IIKEsov35ee9ME3cLgfE8wS-RK5sVltQLMJHCyWt2Kg?ref=5FTXZW"",""Kakobuy"":""https://item.kakobuy.com/item/details?url=https%3A%2F%2Fitem.taobao.com%2Fitem.htm%3Fid%3D5&affcode=six7n""}"
e08162a1-f9d8-46e9-b660-c4c9831108c8,Denim Tears,Bluzy,164.62,298,/api/public/product-image?path=products/1786913766553-5y6rsogwmc8.jpeg,,,,,Best batch,,"S, M, L, XL",,0,false,false,true,false,,98,"{""Litbuy"":""https://litbuy.com/product/1/1001952763181?linkSearch=true&inviteCode=PKMR"",""USFans"":""https://www.usfans.com/product/2/1001952763181?ref=5FTXZW"",""Kakobuy"":""https://item.kakobuy.com/item/details?url=https%3A%2F%2Fitem.taobao.com%2Fitem.htm%3Fid%3D1001952763181&affcode=six7n""}"
81bb2aac-56af-4bfb-8136-5bcca2385001,Bape STA + MARVEL,Buty,88.39,160,https://si.geilicdn.com/open1808531213-1234478995-4fc3000001946031cfb60a232357_1284_1284.jpg,,,,,Best budget,,,,0,false,false,true,false,,99,"{""Litbuy"":""https://litbuy.com/product/weidian/7560999168?linkSearch=true&inviteCode=PKMR"",""USFans"":""https://www.usfans.com/product/3/7560999168?ref=5FTXZW"",""Kakobuy"":""https://item.kakobuy.com/item/details?url=https%3A%2F%2Fweidian.com%2Fitem.html%3FitemID%3D7560999168&affcode=six7n""}"
4d9abf4b-3f3b-4fa2-8610-1f129c41ed92,Apple watch Ultra 2,Elektronika,143.63,260,https://si.geilicdn.com/pcitem1769897421-0f88000001934ac53d5a0a20e672-unadjust_2736_3648.png,,,,,Best,,,,0,false,false,true,false,,100,"{""Litbuy"":""https://litbuy.com/product/weidian/7765899127?linkSearch=true&inviteCode=PKMR"",""USFans"":""https://www.usfans.com/product/3/7765899127?ref=5FTXZW"",""Kakobuy"":""https://item.kakobuy.com/item/details?url=https%3A%2F%2Fweidian.com%2Fitem.html%3FitemID%3D7765899127&affcode=six7n"",""Kakaobuy"":""https://item.kakobuy.com/item/details?url=https%3A%2F%2Fweidian.com%2Fitem.html%3FitemID%3D7765899127""}"
26241718-8dda-4233-a4a9-69883d9a7a70,AP,Zegarki,0,0,https://si.geilicdn.com/pcitem1754635574-1be00000019709b488af0a23047e_2544_2417.jpg,"https://si.geilicdn.com/hz_img_0ed000000162244765570a02685e_96_52_unadjust.png, https://si.geilicdn.com/img-73f400000183f8a922710a20e284-unadjust_550_200.png.webp",,,,Random,,41mm,,0,false,false,false,false,,101,"{""Litbuy"":""https://litbuy.com/product/weidian/7543420265?linkSearch=true&inviteCode=PKMR"",""USFans"":""https://www.usfans.com/product/3/7543420265?ref=5FTXZW"",""Kakobuy"":""https://item.kakobuy.com/item/details?url=https%3A%2F%2Fweidian.com%2Fitem.html%3FitemID%3D7543420265&affcode=six7n""}"
990a7686-098e-4639-b4be-882c02ef065c,Bape shark,Bluzy,69.05,125,https://si.geilicdn.com/open1700094603-1700094603-78bb0000019b7255229f0a8133b0_1066_1066.jpg,,,,,Best budget,,"S, M, L, XL, XXL, XXXL",,0,false,false,true,false,,102,"{""Litbuy"":""https://litbuy.com/product/weidian/7760288729?linkSearch=true&inviteCode=PKMR"",""USFans"":""https://www.usfans.com/product/3/7760288729?ref=5FTXZW"",""Kakobuy"":""https://item.kakobuy.com/item/details?url=https%3A%2F%2Fweidian.com%2Fitem.html%3FitemID%3D7760288729&affcode=six7n""}"
f6e67f0d-c852-47b9-be0e-3624054fe957,Bape shark,Bluzy,219.86,397.99,https://img.alicdn.com/bao/uploaded/i4/2220556893518/O1CN01hq3Ftj1brIRZm0lRC_!!2220556893518.jpg,,,,,Best batch,MZC,"S, M, L, XL, XXL",,0,false,false,true,false,,103,"{""Litbuy"":""https://litbuy.com/product/1/2?linkSearch=true&inviteCode=PKMR"",""USFans"":""https://www.usfans.com/product/2/2wMWDJWh8wNCQwTSvdum5ON2nR2ZIGmLIKcoNpHr3L2vetLTmUt-Dg?ref=5FTXZW"",""Kakobuy"":""https://item.kakobuy.com/item/details?url=https%3A%2F%2Fitem.taobao.com%2Fitem.htm%3Fid%3D2&affcode=six7n""}"
c1ef0830-b070-4b20-be28-dc25a78b5f5a,Hellstar tee,Koszulki,16.57,30,https://cbu01.alicdn.com/img/ibank/O1CN01Tgxlj81LUp85dUfQ4_!!2218933121303-0-cib.jpg,"https://cbu01.alicdn.com/img/ibank/O1CN01Tgxlj81LUp85dUfQ4_!!2218933121303-0-cib.jpg, https://cbu01.alicdn.com/img/ibank/O1CN01Uol6qR1LUp83S5sxE_!!2218933121303-0-cib.jpg, https://cbu01.alicdn.com/img/ibank/O1CN01DXBDdJ1LUp85ptwI4_!!2218933121303-0-cib.jpg, https://cbu01.alicdn.com/img/ibank/O1CN01o364OO1LUp862f4t6_!!2218933121303-0-cib.jpg, https://cbu01.alicdn.com/img/ibank/O1CN01GcJWFL1LUp8558Huo_!!2218933121303-0-cib.jpg, https://cbu01.alicdn.com/img/ibank/O1CN01tQiEAf1LUp85dNcUL_!!2218933121303-0-cib.jpg, https://cbu01.alicdn.com/img/ibank/O1CN01uTF4Qa1LUp840DxrS_!!2218933121303-0-cib.jpg, https://cbu01.alicdn.com/img/ibank/O1CN01sYO8Mv1LUp85lCwUh_!!2218933121303-0-cib.jpg, https://cbu01.alicdn.com/img/ibank/O1CN01OFl04h1LUp86qjijV_!!2218933121303-0-cib.jpg, https://cbu01.alicdn.com/img/ibank/O1CN01MIPvIj1LUp844VQ2b_!!2218933121303-0-cib.jpg, https://cbu01.alicdn.com/img/ibank/O1CN01d5LWsn1LUp85CBBeu_!!2218933121303-0-cib.jpg, https://cbu01.alicdn.com/img/ibank/O1CN01G3qRaI1LUp86qia4M_!!2218933121303-0-cib.jpg, https://cbu01.alicdn.com/img/ibank/O1CN01tgYPte1LUp86KluE6_!!2218933121303-0-cib.jpg",,,,budget,,"XS, S, M, L, XL, XXL, XXXL",,0,false,false,false,false,,104,"{""Litbuy"":""https://litbuy.com/product/0/923762625576?linkSearch=true&inviteCode=PKMR"",""USFans"":""https://www.usfans.com/product/1/923762625576?ref=5FTXZW"",""Kakobuy"":""https://item.kakobuy.com/item/details?url=https%3A%2F%2Fdetail.1688.com%2Foffer%2F923762625576.html&affcode=six7n""}"
2fb3a6ba-4a1d-4fd6-9636-9dd64f509ab9,Hellstar pants,Spodnie,62.98,114.01,https://cbu01.alicdn.com/img/ibank/O1CN01Ci6TwR1FMDw3etB1i_!!2218548300472-0-cib.jpg,"https://cbu01.alicdn.com/img/ibank/O1CN01Ci6TwR1FMDw3etB1i_!!2218548300472-0-cib.jpg, https://cbu01.alicdn.com/img/ibank/O1CN01s18qdu1FMDw3qla39_!!2218548300472-0-cib.jpg, https://cbu01.alicdn.com/img/ibank/O1CN01SFhgY11FMDw2tlonA_!!2218548300472-0-cib.jpg, https://cbu01.alicdn.com/img/ibank/O1CN01gyo6zj1FMDw1EsUHt_!!2218548300472-0-cib.jpg, https://cbu01.alicdn.com/img/ibank/O1CN011pC1BI1FMDw2uKKOi_!!2218548300472-0-cib.jpg, https://cbu01.alicdn.com/img/ibank/O1CN01fLhf0326ph2LBRqgd_!!1727457711.jpg, https://cbu01.alicdn.com/img/ibank/O1CN0133VB8w26ph2MaUrNa_!!1727457711.jpg, https://cbu01.alicdn.com/img/ibank/O1CN01Yi5wJk26pgwMXM3nk_!!1727457711.jpg, https://cbu01.alicdn.com/img/ibank/O1CN018GrN4O26pgwKPB5ao_!!1727457711.jpg, https://cbu01.alicdn.com/img/ibank/O1CN01jeQHbA26pgwKpXx5Z_!!1727457711.jpg, https://cbu01.alicdn.com/img/ibank/O1CN01L6JT0a26pgwJLeBQc_!!1727457711.jpg, https://cbu01.alicdn.com/img/ibank/O1CN014IxCOD26pgwILVXAz_!!1727457711.jpg, https://cbu01.alicdn.com/img/ibank/O1CN01tiyVrR26pgwMXMKSF_!!1727457711.jpg, https://cbu01.alicdn.com/img/ibank/O1CN01BTuGNH26pgwDOEiTx_!!1727457711.jpg, https://cbu01.alicdn.com/img/ibank/O1CN01nz00S126pgwHE5PXk_!!1727457711.jpg, https://cbu01.alicdn.com/img/ibank/O1CN01wyn0JB26pgwKpaV4g_!!1727457711.jpg, https://cbu01.alicdn.com/img/ibank/O1CN01Xou0Q826pgwKpYHqD_!!1727457711.jpg, https://cbu01.alicdn.com/img/ibank/O1CN017imcKg26pgwKpYcdv_!!1727457711.jpg, https://cbu01.alicdn.com/img/ibank/O1CN01fPsraO26pgzrIHm2z_!!1727457711.jpg, https://cbu01.alicdn.com/img/ibank/O1CN01sFP6P626pgzoSjSSH_!!1727457711.jpg",,,,budget,,,,0,false,false,false,false,,105,"{""Litbuy"":""https://litbuy.com/product/0/832660706761?linkSearch=true&inviteCode=PKMR"",""USFans"":""https://www.usfans.com/product/1/832660706761?ref=5FTXZW"",""Kakobuy"":""https://item.kakobuy.com/item/details?url=https%3A%2F%2Fdetail.1688.com%2Foffer%2F832660706761.html&affcode=six7n""}"
866ef560-b00d-4b46-89af-2d71300a446a,Corteiz tee ,Koszulki,19.33,34.99,https://si.geilicdn.com/wdseller2014771294-0aa90000019f265f24d20a22d1a4_1320_1320.jpg,,,,,Best,,"S, M, L, XL, XXL",,0,false,false,true,false,,106,"{""Litbuy"":""https://litbuy.com/product/weidian/7656809124?linkSearch=true&inviteCode=PKMR"",""USFans"":""https://www.usfans.com/product/3/7656809124?ref=5FTXZW"",""Kakobuy"":""https://item.kakobuy.com/item/details?url=https%3A%2F%2Fweidian.com%2Fitem.html%3FitemID%3D7656809124&affcode=six7n""}"
7dfcfc9a-08ee-4322-9092-6e06a97144d3,Corteiz tee,Koszulki,19.33,34.99,https://si.geilicdn.com/wdseller2014771294-3a8f0000019f30c71d190a81347d_1320_1320.jpg,,,,,Best batch,GOAT,"S, M, L, XL, XXL",,0,false,false,true,false,,107,"{""Litbuy"":""https://litbuy.com/product/weidian/7656773490?linkSearch=true&inviteCode=PKMR"",""USFans"":""https://www.usfans.com/product/3/7656773490?ref=5FTXZW"",""Kakobuy"":""https://item.kakobuy.com/item/details?url=https%3A%2F%2Fweidian.com%2Fitem.html%3FitemID%3D7656773490&affcode=six7n""}"
13c4e88e-1a8f-4fb8-a5d5-19c389e2fbb9,Corteiz hoodie,Bluzy,54.69,99,https://si.geilicdn.com/wdseller2014771294-0a450000019db40d30710a231177_1320_1320.jpg,,,,,Best batch,GOAT,"S, M, L, XL, XXL",,0,false,false,true,false,,108,"{""Litbuy"":""https://litbuy.com/product/weidian/7745257162?linkSearch=true&inviteCode=PKMR"",""USFans"":""https://www.usfans.com/product/3/7745257162?ref=5FTXZW"",""Kakobuy"":""https://item.kakobuy.com/item/details?url=https%3A%2F%2Fweidian.com%2Fitem.html%3FitemID%3D7745257162&affcode=six7n""}"
c20f6d4e-5004-4da2-893d-2892f7c0b013,Corteiz hoodie,Bluzy,54.69,99,https://si.geilicdn.com/wdseller2078166457-2b2d0000019eca27e3f20a20e672_1320_1320.jpg,,,,,Best batch,GOAT,"XS, S, M, L, XL, XXL",,0,false,false,true,false,,109,"{""Litbuy"":""https://litbuy.com/product/weidian/7788874312?linkSearch=true&inviteCode=PKMR"",""USFans"":""https://www.usfans.com/product/3/7788874312?ref=5FTXZW"",""Kakobuy"":""https://item.kakobuy.com/item/details?url=https%3A%2F%2Fweidian.com%2Fitem.html%3FitemID%3D7788874312&affcode=six7n""}"
55426b39-7868-4fa7-8f27-7b9b424fc4a7,Syna tee,Koszulki,54.69,99,https://si.geilicdn.com/open1801180035-1234478995-3fac0000019865deec300a8115c2_800_800.jpg,,,,,Best,,"S, M, L, XL",,0,false,false,true,false,,110,"{""Litbuy"":""https://litbuy.com/product/weidian/7520523028?linkSearch=true&inviteCode=PKMR"",""USFans"":""https://weidian.com/item.html?itemID=7520523028"",""Kakobuy"":""https://item.kakobuy.com/item/details?url=https%3A%2F%2Fweidian.com%2Fitem.html%3FitemID%3D7520523028&affcode=six7n""}"
d7618afd-3bd4-41aa-a453-e61e31fa36b9,Syna raincoat,Kurtki przeciwdeszczowe,0,0,https://si.geilicdn.com/pcitem1963031416-416e00000198a744d6180a23111a_800_800.jpg,,,,,Best,,"XS, S, M, L, XL",,0,false,false,true,false,,111,"{""Litbuy"":""https://litbuy.com/product/weidian/7736341573?linkSearch=true&inviteCode=PKMR"",""USFans"":""https://www.usfans.com/product/3/7736341573?ref=5FTXZW"",""Kakobuy"":""https://item.kakobuy.com/item/details?url=https%3A%2F%2Fweidian.com%2Fitem.html%3FitemID%3D7736341573&affcode=six7n""}"
e13f11f9-56eb-448a-93f3-f2eae82aa727,Syna shorts,Spodenki,91.15,165,https://si.geilicdn.com/pcitem1963031416-3b8400000198a744ebf10a23037f_800_800.jpg,,,,,Best,,"XS, S, M, L, XL",,0,false,false,true,false,,112,"{""Litbuy"":""https://litbuy.com/product/weidian/7736341573?linkSearch=true&inviteCode=PKMR"",""USFans"":""https://www.usfans.com/product/3/7736341573?ref=5FTXZW"",""Kakobuy"":""https://item.kakobuy.com/item/details?url=https%3A%2F%2Fweidian.com%2Fitem.html%3FitemID%3D7736341573&affcode=six7n""}"
4e588a4e-dbcf-4fc7-9936-99c72414b6a6,Syna Sets,Sets,82.86,149.99,https://si.geilicdn.com/pcitem1963031416-2a0e00000199f13fd5d80a2396f4_1920_1920.jpg,,,,,Best,,"XS, S, M, L, XL",,0,false,false,true,false,,113,"{""Litbuy"":""https://litbuy.com/product/weidian/7736341573?linkSearch=true&inviteCode=PKMR"",""USFans"":""https://www.usfans.com/product/3/7736341573?ref=5FTXZW"",""Kakobuy"":""https://item.kakobuy.com/item/details?url=https%3A%2F%2Fweidian.com%2Fitem.html%3FitemID%3D7736341573&affcode=six7n""}"
70c2a1c5-c91b-44e2-a4f9-278fdd3bbefb,Syna Set,Sets,87.28,158,https://si.geilicdn.com/wdseller1274221412-4a1400000198c19b3cd30a8134f0_1278_1278.jpg,,,,,Best,,"XS, S, M, L, XL, XXL",,0,false,false,true,false,,114,"{""Litbuy"":""https://litbuy.com/product/weidian/7530409694?linkSearch=true&inviteCode=PKMR"",""USFans"":""https://www.usfans.com/product/3/7530409694?ref=5FTXZW"",""Kakobuy"":""https://item.kakobuy.com/item/details?url=https%3A%2F%2Fweidian.com%2Fitem.html%3FitemID%3D7530409694&affcode=six7n""}"
850bfced-5eab-4e98-a50b-d19cd37557fd,GymShark tee,Koszulki,29.28,53,https://si.geilicdn.com/open1637009347-1637009347-39580000019cfae76fe40a231226_799_1066.jpg,"https://si.geilicdn.com/open1637009347-1637009347-39580000019cfae76fe40a231226_799_1066.jpg, https://si.geilicdn.com/open1637009347-1637009347-3a920000019cfae776420a23b4de_799_1066.jpg, https://si.geilicdn.com/open1637009347-1637009347-3aa80000019cfae779560a23b4de_799_1066.jpg, https://si.geilicdn.com/open1637009347-1637009347-27790000019cfae7807a0a8133b0_799_1066.jpg, https://si.geilicdn.com/open1637009347-1637009347-278b0000019cfae7837d0a8133b0_799_1066.jpg, https://si.geilicdn.com/open1637009347-1637009347-35780000019cfae405550a23b491_954_954.jpg, https://si.geilicdn.com/open1637009347-1637009347-24a50000019cfae423770a8133b0_1280_1596.jpg, https://si.geilicdn.com/open1637009347-1637009347-36520000019cfae4028b0a231226_954_954.jpg, https://si.geilicdn.com/open1637009347-1637009347-36780000019cfae410fa0a231226_1609_1920.jpg, https://si.geilicdn.com/open1637009347-1637009347-2a2a0000019cfae40ba50aa08676_1609_1920.jpg, https://si.geilicdn.com/open1637009347-1637009347-2a4c0000019cfae416450aa08676_1609_1920.jpg, https://si.geilicdn.com/open1637009347-1637009347-36a80000019cfae41e2f0a231226_1609_1920.jpg, https://si.geilicdn.com/open1637009347-1637009347-21110000019cfae427640a8115c2_932_1283.jpg, https://si.geilicdn.com/open1637009347-1637009347-35640000019cfae3ff660a23b491_954_954.jpg, https://si.geilicdn.com/open1637009347-1637009347-20ed0000019cfae41a750a8115c2_1609_1920.jpg",,,,Best,,"S, M, L, XL, XXL",,0,false,false,true,false,,115,"{""Litbuy"":""https://litbuy.com/product/weidian/7741971681?linkSearch=true&inviteCode=PKMR"",""USFans"":""https://www.usfans.com/product/3/7741971681?ref=5FTXZW"",""Kakobuy"":""https://item.kakobuy.com/item/details?url=https%3A%2F%2Fweidian.com%2Fitem.html%3FitemID%3D7741971681&affcode=six7n""}"
7dd524aa-012e-4b1a-8770-acff0b2bcbb0,Hoodie,Sets,131.48,238.01,https://img.alicdn.com/bao/uploaded/i1/3379237928/O1CN01cX2seV28R575RlbgB_!!3379237928.png,,,,,Best batch,,"S, M, L, XL",,0,false,false,true,false,,116,"{""Litbuy"":""https://litbuy.com/product/1/6?linkSearch=true&inviteCode=PKMR"",""USFans"":""https://www.usfans.com/product/2/6RDkJ44novQmWa13ZYKbaaUHSYInyIlVczhkO2mGdWeJRKJYg5SPfg?ref=5FTXZW"",""Kakobuy"":""https://item.kakobuy.com/item/details?url=https%3A%2F%2Fitem.taobao.com%2Fitem.htm%3Fid%3D6&affcode=six7n""}"
ffae1fc2-8c23-45e5-9e8c-cc77663e8747,CDG tee,Koszulki,66.29,120,https://img.alicdn.com/bao/uploaded/i1/2221369795952/O1CN01ZsWjeD1tq4UqTKL6p_!!2221369795952.jpg,,,,,Best batch,,"S, M, L, XL, XXL, XXXL",,0,false,false,true,false,,117,"{""USFans"":""https://www.usfans.com/product/2/PDXrPck1VVIOVsivvDeD2u-f2dKHWQlM-eLmf76S7Ic9lcYsLp3Df4g?ref=5FTXZW""}"
2af0b00e-409d-49a2-a3bd-6c8be10601e3,CDG PLAY ZIP HOODIE,Bluzy,143.63,260,https://img.alicdn.com/bao/uploaded/i1/2221369795952/O1CN01sRQS031tq4UqY15zD_!!2221369795952.jpg,,,,,Best batch,,"S, M, L, XL, XXL",,0,false,false,true,false,,118,"{""USFans"":""https://www.usfans.com/product/2/of5dqfL6xb5mQ9HERLYRM5FljuYRQCpGZAUHFSilTWZr1bjgyNfxii4?ref=5FTXZW""}"
1e621638-c9a4-44a1-94b2-55069bc30b37,Supreme x TrueReligion,Bluzy,214.34,388,https://img.alicdn.com/bao/uploaded/i4/2217868191481/O1CN01fCdLfy1MoLWsTk7Yt_!!2217868191481.jpg,,,,,Best batch,,"S, M, L, XL",,0,false,false,true,false,,119,"{""USFans"":""https://www.usfans.com/product/2/kbokVWfYnTkEuAP2Fg2MfteZMRgs3mgYy_PVecoIzmh1ZZ9rCuaWXw?ref=5FTXZW""}"
db83e25e-8695-4f52-9a9d-03863a1de48a,Broken Planet Reflective Set,Sets,103.85,187.99,https://si.geilicdn.com/pcitem901908345148-7e69000001998bba0b530a2103bd_1064_1280.jpg,"https://si.geilicdn.com/pcitem901908345148-7e69000001998bba0b530a2103bd_1064_1280.jpg, https://si.geilicdn.com/pcitem901908345148-564f000001998bba0d820a23037f_1026_1280.jpg, https://si.geilicdn.com/pcitem901908345148-5ee3000001998bba0f690a2303ee_1200_1200.jpg, https://si.geilicdn.com/pcitem901908345148-5b29000001998bba112c0a23038e_2500_1667.jpg, https://si.geilicdn.com/pcitem901908345148-52ff000001998bba14db0a20e273_2500_1667.jpg, https://si.geilicdn.com/pcitem901908345148-5e75000001998bba18a90a2301b4_2500_1667.jpg, https://si.geilicdn.com/pcitem901908345148-625f000001998bba1c4c0a2315ef_2500_1667.jpg, https://si.geilicdn.com/pcitem901908345148-5809000001998bba20fe0a8134f0_2500_1667.jpg, https://si.geilicdn.com/pcitem901908345148-5a1f000001998bba25380a207569_2500_2500.jpg, https://si.geilicdn.com/pcitem901908345148-57a4000001998bba2ab20a239646_2500_1667.jpg, https://si.geilicdn.com/pcitem901908345148-3676000001998bba2e370a2304aa_2500_1667.jpg, https://si.geilicdn.com/pcitem901908345148-7e6f000001998bba32720a2103bd_2500_1667.jpg, https://si.geilicdn.com/pcitem901908345148-5eed000001998bba371d0a2303ee_2500_1667.jpg, https://si.geilicdn.com/pcitem901908345148-353e000001998bbc45590a20e2c5-unadjust_779_782.png",,,,Best,,"S, M, L, XL",,0,false,false,true,false,,120,"{""Litbuy"":""https://litbuy.com/product/weidian/7681584180?linkSearch=true&inviteCode=PKMR"",""USFans"":""https://www.usfans.com/product/3/7681584180?ref=5FTXZW"",""Kakobuy"":""https://item.kakobuy.com/item/details?url=https%3A%2F%2Fweidian.com%2Fitem.html%3FitemID%3D7681584180&affcode=six7n""}"
3284a33d-4a3a-4e06-addf-712da2b0b652,Chrome Hearts Belt,Akcesoria (ciuch),12.71,23.01,https://si.geilicdn.com/open1685879877-252808396-7c94000001943b0547a00a8115b5_1100_1100.jpg,"https://cbu01.alicdn.com/img/ibank/O1CN01bagnqC2FVO7mw3NJB_!!2219708358885-0-cib.jpg, https://cbu01.alicdn.com/img/ibank/O1CN015e1w6J2FVO7ll6y9i_!!2219708358885-0-cib.jpg, https://cbu01.alicdn.com/img/ibank/O1CN01R9ybkd2FVO7lVQr6e_!!2219708358885-0-cib.jpg, https://cbu01.alicdn.com/img/ibank/O1CN01cRBy0B2FVO7mw2Ed6_!!2219708358885-0-cib.jpg, https://cbu01.alicdn.com/img/ibank/O1CN01bnt3js2FVO7nhLm7K_!!2219708358885-0-cib.jpg, https://cbu01.alicdn.com/img/ibank/O1CN01kWuSdQ2FVO7nGue6G_!!2219708358885-0-cib.jpg, https://cbu01.alicdn.com/img/ibank/O1CN019w72AT2FVO7nGslbd_!!2219708358885-0-cib.jpg, https://cbu01.alicdn.com/img/ibank/O1CN01V7qjZd2FVO7nMLsNV_!!2219708358885-0-cib.jpg, https://cbu01.alicdn.com/img/ibank/O1CN010duJdf2FVO7mfzPbn_!!2219708358885-0-cib.jpg, https://cbu01.alicdn.com/img/ibank/O1CN01JU8hCs2FVO7mdR3Ft_!!2219708358885-0-cib.jpg, https://cbu01.alicdn.com/img/ibank/O1CN013o83fJ2FVO7nP8mDe_!!2219708358885-0-cib.jpg, https://cbu01.alicdn.com/img/ibank/O1CN010IhJfi2FVO7lDBJ3w_!!2219708358885-0-cib.jpg, https://cbu01.alicdn.com/img/ibank/O1CN01tQoyzk2FVO7mu8TsV_!!2219708358885-0-cib.jpg, https://cbu01.alicdn.com/img/ibank/O1CN01dGiBI92FVO7gr0sCY_!!2219708358885-0-cib.jpg, https://cbu01.alicdn.com/img/ibank/O1CN01H0wv4M2FVO7mdqku7_!!2219708358885-0-cib.jpg, https://cbu01.alicdn.com/img/ibank/O1CN01B8fHQf2FVO7gqyzbz_!!2219708358885-0-cib.jpg, https://cbu01.alicdn.com/img/ibank/O1CN01QKVKKb2FVO7mdqHYU_!!2219708358885-0-cib.jpg, https://cbu01.alicdn.com/img/ibank/O1CN01JuxrYm2FVO7nkijxy_!!2219708358885-0-cib.jpg, https://cbu01.alicdn.com/img/ibank/O1CN01TelVco2FVO7mK4HuB_!!2219708358885-0-cib.jpg, https://cbu01.alicdn.com/img/ibank/O1CN01BGSHNR2FVO7nyIjyn_!!2219708358885-0-cib.jpg",,,,Random,,"110cm, 110cm",,0,false,false,false,false,,121,"{""Litbuy"":""https://litbuy.com/product/0/962559396274?linkSearch=true&inviteCode=PKMR"",""USFans"":""https://www.usfans.com/product/1/962559396274?ref=5FTXZW"",""Kakobuy"":""https://item.kakobuy.com/item/details?url=https%3A%2F%2Fdetail.1688.com%2Foffer%2F962559396274.html&affcode=six7n""}"
59ab40f2-a5df-4b81-9ca8-bf0415ca668a,Sp5der hoodie,Bluzy,66.29,120,https://cbu01.alicdn.com/img/ibank/O1CN01vOdq5920RysJU8duJ_!!2218903556847-0-cib.jpg,"https://cbu01.alicdn.com/img/ibank/O1CN01vOdq5920RysJU8duJ_!!2218903556847-0-cib.jpg, https://cbu01.alicdn.com/img/ibank/O1CN01Lf6bR020RysHmfJGK_!!2218903556847-0-cib.jpg, https://cbu01.alicdn.com/img/ibank/O1CN018z0k1220RysHmfJM7_!!2218903556847-0-cib.jpg, https://cbu01.alicdn.com/img/ibank/O1CN01cV9f8r20RysG70FKv_!!2218903556847-0-cib.jpg, https://cbu01.alicdn.com/img/ibank/O1CN01JLlL8l20RyxfNuqA2_!!2218903556847-0-cib.jpg, https://cbu01.alicdn.com/img/ibank/O1CN01FnVwfn20RywdrM6Dm_!!2218903556847-0-cib.jpg, https://cbu01.alicdn.com/img/ibank/O1CN01UITpTn20RywdOBkYA_!!2218903556847-0-cib.jpg, https://cbu01.alicdn.com/img/ibank/O1CN01M92EJ020RywcoSEER_!!2218903556847-0-cib.jpg, https://cbu01.alicdn.com/img/ibank/O1CN01kCIXu120RywdSMQvp_!!2218903556847-0-cib.jpg, https://cbu01.alicdn.com/img/ibank/O1CN01Nq3obE20RywdSXArF_!!2218903556847-0-cib.jpg, https://cbu01.alicdn.com/img/ibank/O1CN01nq1PYm20RywdSUp50_!!2218903556847-0-cib.jpg, https://cbu01.alicdn.com/img/ibank/O1CN01iZhf9q20RywdO1wtc_!!2218903556847-0-cib.jpg, https://cbu01.alicdn.com/img/ibank/O1CN01nTaL9620RywynsmYl_!!2218903556847-0-cib.jpg, https://cbu01.alicdn.com/img/ibank/O1CN018NJSJC20Rywxl0bOv_!!2218903556847-0-cib.jpg, https://cbu01.alicdn.com/img/ibank/O1CN01ztL7H920RywX1mort_!!2218903556847-0-cib.jpg, https://cbu01.alicdn.com/img/ibank/O1CN011DNvCh20RywwHbkum_!!2218903556847-0-cib.jpg, https://cbu01.alicdn.com/img/ibank/O1CN01AJIFiE20RywrvrIxP_!!2218903556847-0-cib.jpg, https://cbu01.alicdn.com/img/ibank/O1CN01Jnsuub20RywX1zqVS_!!2218903556847-0-cib.jpg, https://cbu01.alicdn.com/img/ibank/O1CN01MlBT8f20RywdrWhsX_!!2218903556847-0-cib.jpg, https://cbu01.alicdn.com/img/ibank/O1CN01guTlaN20RywdOwHC2_!!2218903556847-0-cib.jpg",,,,Best Budget,,"S, M, L, XL",,0,false,false,true,false,,122,"{""Litbuy"":""https://litbuy.com/product/0/854971939801?linkSearch=true&inviteCode=PKMR"",""USFans"":""https://www.usfans.com/product/1/854971939801?ref=5FTXZW"",""Kakobuy"":""https://item.kakobuy.com/item/details?url=https%3A%2F%2Fdetail.1688.com%2Foffer%2F854971939801.html&affcode=six7n""}"
771b7257-bc87-4a43-85d9-b9edc7e11ee1,Nike socks,Akcesoria (ciuch),2.76,5,https://cbu01.alicdn.com/img/ibank/O1CN01SzVvNt1LYUIzPGXuj_!!2219891221311-0-cib.jpg,"https://cbu01.alicdn.com/img/ibank/O1CN01SzVvNt1LYUIzPGXuj_!!2219891221311-0-cib.jpg, https://cbu01.alicdn.com/img/ibank/O1CN01OJr6Hj1LYUIzIgkMN_!!2219891221311-0-cib.jpg, https://cbu01.alicdn.com/img/ibank/O1CN01wyWnIm1LYUIwHf5Mc_!!2219891221311-0-cib.jpg, https://cbu01.alicdn.com/img/ibank/O1CN01Zl03VD1LYUIyvvtGf_!!2219891221311-0-cib.jpg, https://cbu01.alicdn.com/img/ibank/O1CN01elD21y1LYUIxvnqF8_!!2219891221311-0-cib.jpg, https://cbu01.alicdn.com/img/ibank/O1CN01k8HTrF1LYUJ73UZvg_!!2219891221311-0-cib.jpg",,,,Random,,,,0,false,false,false,false,,123,"{""Litbuy"":""https://litbuy.com/product/0/941322688869?linkSearch=true&inviteCode=PKMR"",""USFans"":""https://www.usfans.com/product/1/941322688869?ref=5FTXZW"",""Kakobuy"":""https://item.kakobuy.com/item/details?url=https%3A%2F%2Fdetail.1688.com%2Foffer%2F941322688869.html&affcode=six7n""}"
bf010f33-ad5e-41ef-8874-e699c066bf3b,Dior slippers,Klapki,27.62,50,https://cbu01.alicdn.com/img/ibank/O1CN01Y9GsZV26omHt0EIKy_!!2219010057709-0-cib.jpg,"https://cbu01.alicdn.com/img/ibank/O1CN01Y9GsZV26omHt0EIKy_!!2219010057709-0-cib.jpg, https://cbu01.alicdn.com/img/ibank/O1CN01wWbpBp26omHqRoqNs_!!2219010057709-0-cib.jpg, https://cbu01.alicdn.com/img/ibank/O1CN017r5yhD26omHscjH2c_!!2219010057709-0-cib.jpg, https://cbu01.alicdn.com/img/ibank/O1CN01OqJFMj26omHryM24y_!!2219010057709-0-cib.jpg, https://cbu01.alicdn.com/img/ibank/O1CN01h7jJIQ26omHtiszqM_!!2219010057709-0-cib.jpg, https://cbu01.alicdn.com/img/ibank/O1CN01I8ZytZ26omHuj5XLi_!!2219010057709-0-cib.jpg, https://cbu01.alicdn.com/img/ibank/O1CN01PgYtUz26omHrhBCXq_!!2219010057709-0-cib.jpg, https://cbu01.alicdn.com/img/ibank/O1CN01sPl79e26omHqDL3E8_!!2219010057709-0-cib.jpg, https://cbu01.alicdn.com/img/ibank/O1CN0198L7xw26omHry5mjK_!!2219010057709-0-cib.jpg, https://cbu01.alicdn.com/img/ibank/O1CN016R8FUd26omHrWkZ5a_!!2219010057709-0-cib.jpg, https://cbu01.alicdn.com/img/ibank/O1CN01UWUe4I26omHticLcy_!!2219010057709-0-cib.jpg, https://cbu01.alicdn.com/img/ibank/O1CN01fLuzrZ26omHry9bpY_!!2219010057709-0-cib.jpg, https://cbu01.alicdn.com/img/ibank/O1CN01Bb82nL26omHpVjPan_!!2219010057709-0-cib.jpg, https://cbu01.alicdn.com/img/ibank/O1CN01flZwlC26omHsxOwhb_!!2219010057709-0-cib.jpg, https://cbu01.alicdn.com/img/ibank/O1CN01NAp7bH26omHlB6Vhu_!!2219010057709-0-cib.jpg, https://cbu01.alicdn.com/img/ibank/O1CN01eLdxB326omHticYD7_!!2219010057709-0-cib.jpg, https://cbu01.alicdn.com/img/ibank/O1CN01Bcw2QS26omHqRX3Rv_!!2219010057709-0-cib.jpg, https://cbu01.alicdn.com/img/ibank/O1CN01JlnorO26omHry84H3_!!2219010057709-0-cib.jpg, https://cbu01.alicdn.com/img/ibank/O1CN01lElJda26omHpVmEI9_!!2219010057709-0-cib.jpg, https://cbu01.alicdn.com/img/ibank/O1CN01D9tLKi26omHqDNGbu_!!2219010057709-0-cib.jpg",,,,Radnom,,"35, 36, 37, 38, 39, 40, 41, 42",,0,false,false,false,false,,124,"{""Litbuy"":""https://litbuy.com/product/0/859726509648?linkSearch=true&inviteCode=PKMR"",""USFans"":""https://www.usfans.com/product/1/859726509648?ref=5FTXZW"",""Kakobuy"":""https://item.kakobuy.com/item/details?url=https%3A%2F%2Fdetail.1688.com%2Foffer%2F859726509648.html&affcode=six7n""}"
900e865a-521b-4d31-b560-2aa62276ac5b,Richard Millie,Zegarki,14.36,25.99,https://cbu01.alicdn.com/img/ibank/O1CN01rdYO8u2NigPVN3Qf0_!!2214360549997-0-cib.jpg,"https://cbu01.alicdn.com/img/ibank/O1CN01rdYO8u2NigPVN3Qf0_!!2214360549997-0-cib.jpg, https://cbu01.alicdn.com/img/ibank/O1CN01rkFNm32NigFTTJFZW_!!2214360549997-0-cib.jpg, https://cbu01.alicdn.com/img/ibank/O1CN01UIlUQF2NigPLc6ULY_!!2214360549997-0-cib.jpg, https://cbu01.alicdn.com/img/ibank/O1CN01UYT7ms2NigPVN4ASs_!!2214360549997-0-cib.jpg, https://cbu01.alicdn.com/img/ibank/O1CN01Yn3B122NigPR7AkK9_!!2214360549997-0-cib.jpg, https://cbu01.alicdn.com/img/ibank/O1CN01QQDtao2NigG7215Xd_!!2214360549997-0-cib.jpg, https://cbu01.alicdn.com/img/ibank/O1CN01zrxsUu2NigGKNgdzQ_!!2214360549997-0-cib.jpg, https://cbu01.alicdn.com/img/ibank/O1CN01MSmohe2NigGBNEqxY_!!2214360549997-0-cib.jpg, https://cbu01.alicdn.com/img/ibank/O1CN01TVfHdG2NigGD9hNUZ_!!2214360549997-0-cib.jpg, https://cbu01.alicdn.com/img/ibank/O1CN01WNO9iz2NigGDZuMvN_!!2214360549997-0-cib.jpg, https://cbu01.alicdn.com/img/ibank/O1CN01NU4VjJ2NigGFifvKI_!!2214360549997-0-cib.jpg, https://cbu01.alicdn.com/img/ibank/O1CN01Taois92NigG9CbtiH_!!2214360549997-0-cib.jpg, https://cbu01.alicdn.com/img/ibank/O1CN01Iq1K4U2NigGD9mocu_!!2214360549997-0-cib.jpg, https://cbu01.alicdn.com/img/ibank/O1CN01bGQ0FQ2NigFVNWBWo_!!2214360549997-0-cib.jpg, https://cbu01.alicdn.com/img/ibank/O1CN01HaCtZz2NigFMkCzyR_!!2214360549997-0-cib.jpg, https://cbu01.alicdn.com/img/ibank/O1CN01zveLJU2NigG8RnoAI_!!2214360549997-0-cib.jpg, https://cbu01.alicdn.com/img/ibank/O1CN01Y8GQyI2NigGIKk4XZ_!!2214360549997-0-cib.jpg, https://cbu01.alicdn.com/img/ibank/O1CN01zmXOwB2NigG2JAzqe_!!2214360549997-0-cib.jpg, https://cbu01.alicdn.com/img/ibank/O1CN01z67ecd2NigFFj0XOP_!!2214360549997-0-cib.jpg, https://cbu01.alicdn.com/img/ibank/O1CN01FeucUc2NigFVNddRj_!!2214360549997-0-cib.jpg",,,,Random,,,,0,false,false,false,false,,125,"{""Litbuy"":""https://litbuy.com/product/0/683384997409?linkSearch=true&inviteCode=PKMR"",""USFans"":""https://www.usfans.com/product/1/683384997409?ref=5FTXZW"",""Kakobuy"":""https://item.kakobuy.com/item/details?url=https%3A%2F%2Fdetail.1688.com%2Foffer%2F683384997409.html&affcode=six7n""}"
36ab8ae0-11a8-4b6c-8487-b1204605d0ca,Ice out watches,Zegarki,110.48,199.99,https://si.geilicdn.com/pcitem901871979182-3e430000019560ebb16b0a8133cc_7680_7740.jpg,"https://si.geilicdn.com/pcitem901871979182-3e430000019560ebb16b0a8133cc_7680_7740.jpg, https://si.geilicdn.com/pcitem901871979182-4f860000019ac34540f00a8134f0_1280_1280.jpg, https://si.geilicdn.com/pcitem901871979182-3e800000019560ec95310a811411_2968_2991.jpg, https://si.geilicdn.com/pcitem901871979182-38650000019560ec9ccb0a23111a_2968_2991.jpg, https://si.geilicdn.com/pcitem901871979182-3cdd0000019560eca5100a20e2c5_2968_2991.jpg, https://si.geilicdn.com/pcitem901871979182-41860000019560ecad7e0a2396f4_2968_2991.jpg, https://si.geilicdn.com/pcitem901871979182-3fec0000019560ecb63a0a23041a_2968_2991.jpg, https://si.geilicdn.com/pcitem901871979182-3b060000019560ecbe2e0a23038e_2968_2991.jpg, https://si.geilicdn.com/pcitem901871979182-3eb80000019560ecc63c0a2315ef_2968_2991.jpg, https://si.geilicdn.com/pcitem901871979182-40c50000019560eccdbc0a207569_2968_2991.jpg, https://si.geilicdn.com/pcitem901871979182-3fbd0000019560ecd6e70a2303ee_2968_2991.jpg, https://si.geilicdn.com/pcitem901871979182-3c050000019560ecde2c0a239846_2968_2991.jpg, https://si.geilicdn.com/pcitem901871979182-132f00000198abb1e8980a2301b4_1080_1080.jpg, https://si.geilicdn.com/pcitem901871979182-4d880000019ac34543610a230115_1280_1280.jpg, https://si.geilicdn.com/pcitem901871979182-512b000001952184f1f90a2315ef-unadjust_1080_864.png, https://si.geilicdn.com/pcitem901871979182-0152000001956b1e6b600a23057e_3024_3026.jpg, https://si.geilicdn.com/pcitem901871979182-546f0000019521851d5e0a811411-unadjust_1080_1080.png, https://si.geilicdn.com/pcitem901871979182-3d440000019b06621a0b0a2301b4_1280_1280.jpg, https://si.geilicdn.com/pcitem901871979182-4fb0000001952185d7d10a20e672_1241_1177.jpg, https://si.geilicdn.com/pcitem901871979182-7af2000001956b207c1d0a23111a_1280_1280.jpg",,,,Random,,,,0,false,false,false,false,,126,"{""Litbuy"":""https://litbuy.com/product/weidian/7244983767?linkSearch=true&inviteCode=PKMR"",""USFans"":""https://www.usfans.com/product/3/7244983767?ref=5FTXZW"",""Kakobuy"":""https://item.kakobuy.com/item/details?url=https%3A%2F%2Fweidian.com%2Fitem.html%3FitemID%3D7244983767&affcode=six7n""}"
4007150a-80c9-4158-a769-9d24cd94d6bd,Arcrteryx windbreaker,Kurtki,77.34,140,https://si.geilicdn.com/wdseller1994488306-167c0000019dd88951ef0a20e2c5_1179_884.jpg,"https://si.geilicdn.com/wdseller1994488306-167c0000019dd88951ef0a20e2c5_1179_884.jpg, https://si.geilicdn.com/wdseller1994488306-17d70000019dd88b7d8a0a23138d_3072_3077.jpg, https://si.geilicdn.com/wdseller1994488306-6ebe0000019dd88b49770a23b4f4_3072_3077.jpg, https://si.geilicdn.com/wdseller1994488306-686b0000019dd88baa5e0a2301f1_3072_3077.jpg, https://si.geilicdn.com/wdseller1994488306-651b0000019dd88be5270a210247_3072_3077.jpg, https://si.geilicdn.com/wdseller1994488306-43520000019dd88c070c0a23010f_3072_3077.jpg, https://si.geilicdn.com/wdseller1994488306-43060000019dd88c2c890a23c286_3072_3077.jpg, https://si.geilicdn.com/pcitem1994488306-2acb000001a02e5650820a23037f_3072_4096.jpg",,,,Best,TZ,"XS, S, M, L, XL, XXL",,0,false,false,true,false,,127,"{""Litbuy"":""https://litbuy.com/product/weidian/7615211554?linkSearch=true&inviteCode=PKMR"",""USFans"":""https://www.usfans.com/product/3/7615211554?ref=5FTXZW"",""Kakobuy"":""https://item.kakobuy.com/item/details?url=https%3A%2F%2Fweidian.com%2Fitem.html%3FitemID%3D7615211554&affcode=six7n""}"
3d95354f-9293-4383-8e40-b93d2bff6729,Purple Jeans,Spodnie,75.13,136,https://cbu01.alicdn.com/img/ibank/O1CN01jhmXMI1kSPUZ2Kxvx_!!2211209314682-0-cib.jpg,"https://cbu01.alicdn.com/img/ibank/O1CN01jhmXMI1kSPUZ2Kxvx_!!2211209314682-0-cib.jpg, https://cbu01.alicdn.com/img/ibank/O1CN01iSChDt1kSPUZtF7ar_!!2211209314682-0-cib.jpg, https://cbu01.alicdn.com/img/ibank/O1CN01P1bZQl1kSPUZ2KlVu_!!2211209314682-0-cib.jpg, https://cbu01.alicdn.com/img/ibank/O1CN01u2Kl7c1kSPUZE1YLg_!!2211209314682-0-cib.jpg, https://cbu01.alicdn.com/img/ibank/O1CN01Rejp0A1kSPUZE3dFO_!!2211209314682-0-cib.jpg, https://cbu01.alicdn.com/img/ibank/O1CN01w4Wy0B1kSPUZe9NlQ_!!2211209314682-0-cib.jpg, https://cbu01.alicdn.com/img/ibank/O1CN018WuHok1kSPUZQsUp5_!!2211209314682-0-cib.jpg, https://cbu01.alicdn.com/img/ibank/O1CN01Rd4mga1kSPUYHCWGa_!!2211209314682-0-cib.jpg, https://cbu01.alicdn.com/img/ibank/O1CN01LAXJSb1kSPUZuINTb_!!2211209314682-0-cib.jpg, https://cbu01.alicdn.com/img/ibank/O1CN01ZJ89yR1kSPUZpXJo5_!!2211209314682-0-cib.jpg, https://cbu01.alicdn.com/img/ibank/O1CN01O3beAx1kSPUYZhFZC_!!2211209314682-0-cib.jpg, https://cbu01.alicdn.com/img/ibank/O1CN01xY9UUr1kSPUZYePk9_!!2211209314682-0-cib.jpg, https://cbu01.alicdn.com/img/ibank/O1CN01DlG2Rn1kSPUZR21lb_!!2211209314682-0-cib.jpg, https://cbu01.alicdn.com/img/ibank/O1CN01yN9Ea41kSPUZpZbNJ_!!2211209314682-0-cib.jpg, https://cbu01.alicdn.com/img/ibank/O1CN01nc2D0Z1kSPUYHGTuD_!!2211209314682-0-cib.jpg, https://cbu01.alicdn.com/img/ibank/O1CN01Z72zNP1kSPUaIX8LP_!!2211209314682-0-cib.jpg, https://cbu01.alicdn.com/img/ibank/O1CN01xZcLhW1kSPUYeCWi8_!!2211209314682-0-cib.jpg, https://cbu01.alicdn.com/img/ibank/O1CN01OwqMl81kSPUTxzMXO_!!2211209314682-0-cib.jpg, https://cbu01.alicdn.com/img/ibank/O1CN01MeIR0I1kSPUYvJwZM_!!2211209314682-0-cib.jpg, https://cbu01.alicdn.com/img/ibank/O1CN01PcNoz21kSPUYHJAPb_!!2211209314682-0-cib.jpg",,,,budget,,,,0,false,false,false,false,,128,"{""Litbuy"":""https://litbuy.com/product/0/1006507099302?linkSearch=true&inviteCode=PKMR"",""USFans"":""https://www.usfans.com/product/1/1006507099302?ref=5FTXZW"",""Kakobuy"":""https://item.kakobuy.com/item/details?url=https%3A%2F%2Fdetail.1688.com%2Foffer%2F1006507099302.html&affcode=six7n""}"
c47552a8-ef89-4b5e-82b0-3126989087a0,Supreme tee,Koszulki,37.56,67.99,https://cbu01.alicdn.com/img/ibank/O1CN019VY2sD29Zc4PwxouO_!!2220073568082-0-cib.jpg,"https://cbu01.alicdn.com/img/ibank/O1CN019VY2sD29Zc4PwxouO_!!2220073568082-0-cib.jpg, https://cbu01.alicdn.com/img/ibank/O1CN01UBHCb529Zc4L3UOXC_!!2220073568082-0-cib.jpg, https://cbu01.alicdn.com/img/ibank/O1CN01HxWTvW29Zc4QmTDEC_!!2220073568082-0-cib.jpg, https://cbu01.alicdn.com/img/ibank/O1CN013lCguR29Zc4Rmcbjg_!!2220073568082-0-cib.jpg, https://cbu01.alicdn.com/img/ibank/O1CN01uKQtBR29Zc4S5A0R2_!!2220073568082-0-cib.jpg, https://cbu01.alicdn.com/img/ibank/O1CN01WMm4Hy29Zc4QzBlOl_!!2220073568082-0-cib.jpg, https://cbu01.alicdn.com/img/ibank/O1CN01IoxZtO29Zc4SoVbdi_!!2220073568082-0-cib.jpg, https://cbu01.alicdn.com/img/ibank/O1CN01hlGBNB29Zc4M7gec6_!!2220073568082-0-cib.jpg, https://cbu01.alicdn.com/img/ibank/O1CN01cxCZyQ29Zc4RoZdRY_!!2220073568082-0-cib.jpg, https://cbu01.alicdn.com/img/ibank/O1CN01imSjeU29Zc5kp3EsQ_!!2220073568082-0-cib.jpg, https://cbu01.alicdn.com/img/ibank/O1CN01I6Zqxd29Zc4QyVGAw_!!2220073568082-0-cib.jpg, https://cbu01.alicdn.com/img/ibank/O1CN01HM7tP729Zc4RpAUYv_!!2220073568082-0-cib.jpg, https://cbu01.alicdn.com/img/ibank/O1CN01rPw8gg29Zc4RpAE0O_!!2220073568082-0-cib.jpg, https://cbu01.alicdn.com/img/ibank/O1CN010BPJKa29Zc4YTFUtS_!!2220073568082-0-cib.jpg, https://cbu01.alicdn.com/img/ibank/O1CN01R0iSbY29Zc4YBVcCt_!!2220073568082-0-cib.jpg, https://cbu01.alicdn.com/img/ibank/O1CN01uXMHOA29Zc4aFIVyh_!!2220073568082-0-cib.jpg, https://cbu01.alicdn.com/img/ibank/O1CN012y6tY129Zc4ay062o_!!2220073568082-0-cib.jpg, https://cbu01.alicdn.com/img/ibank/O1CN01BC3kZd29Zc4Z7lf6s_!!2220073568082-0-cib.jpg, https://cbu01.alicdn.com/img/ibank/O1CN01lfOEOu29Zc4ZfHCrz_!!2220073568082-0-cib.jpg, https://cbu01.alicdn.com/img/ibank/O1CN01PwzwgQ29Zc4a48SBa_!!2220073568082-0-cib.jpg",,,,Best,,"S, M, L, XL",,0,false,false,true,false,,129,"{""Litbuy"":""https://litbuy.com/product/0/944517412239?linkSearch=true&inviteCode=PKMR"",""USFans"":""https://www.usfans.com/product/1/944517412239?ref=5FTXZW"",""Kakobuy"":""https://item.kakobuy.com/item/details?url=https%3A%2F%2Fdetail.1688.com%2Foffer%2F944517412239.html&affcode=six7n""}"
41ac52fd-7549-446b-8572-4a79bd41124c,CentralCee Lego,Lego,27.62,50,https://cbu01.alicdn.com/img/ibank/O1CN013OWpBH1kplizrB2TT_!!2200805554733-0-cib.jpg,"https://cbu01.alicdn.com/img/ibank/O1CN013OWpBH1kplizrB2TT_!!2200805554733-0-cib.jpg, https://cbu01.alicdn.com/img/ibank/O1CN01vCnFmk1kplizlnlJt_!!2200805554733-0-cib.jpg, https://cbu01.alicdn.com/img/ibank/O1CN01Cz66o71kplj00Q53L_!!2200805554733-0-cib.jpg, https://cbu01.alicdn.com/img/ibank/O1CN01vPkam21kplizXAzNv_!!2200805554733-0-cib.jpg, https://cbu01.alicdn.com/img/ibank/O1CN01SpOkox1kplizln9v4_!!2200805554733-0-cib.jpg",,,,Best,,,,0,false,false,true,false,,130,"{""Litbuy"":""https://litbuy.com/product/0/1058430548830?linkSearch=true&inviteCode=PKMR"",""USFans"":""https://www.usfans.com/product/1/1058430548830?ref=5FTXZW"",""Kakobuy"":""https://item.kakobuy.com/item/details?url=https%3A%2F%2Fdetail.1688.com%2Foffer%2F1058430548830.html&affcode=six7n""}"
c05a976f-df39-4b2b-9d4d-3ebe3e6e265b,SZA Lego,Lego,26.52,48.01,https://cbu01.alicdn.com/img/ibank/O1CN01Vx9PGp1kpliztFdON_!!2200805554733-0-cib.jpg,"https://cbu01.alicdn.com/img/ibank/O1CN01Vx9PGp1kpliztFdON_!!2200805554733-0-cib.jpg, https://cbu01.alicdn.com/img/ibank/O1CN01yIsKCQ1kplj0M4gK4_!!2200805554733-0-cib.jpg, https://cbu01.alicdn.com/img/ibank/O1CN01WVI4E41kplizaPAgi_!!2200805554733-0-cib.jpg, https://cbu01.alicdn.com/img/ibank/O1CN01zGWJur1kplizaRzIR_!!2200805554733-0-cib.jpg, https://cbu01.alicdn.com/img/ibank/O1CN017AMp9T1kplizpIJM2_!!2200805554733-0-cib.jpg",,,,Best,,,,0,false,false,true,false,,131,"{""Litbuy"":""https://litbuy.com/product/0/998854618839?linkSearch=true&inviteCode=PKMR"",""USFans"":""https://www.usfans.com/product/1/998854618839?ref=5FTXZW"",""Kakobuy"":""https://item.kakobuy.com/item/details?url=https%3A%2F%2Fdetail.1688.com%2Foffer%2F998854618839.html&affcode=six7n""}"
bda3ebc3-8fb7-4a90-9ef4-89bf5168c0fc,Playboi Carti Lego,Lego,27.62,50,https://cbu01.alicdn.com/img/ibank/O1CN01fVwNGm1kplixZnx7f_!!2200805554733-0-cib.jpg,"https://cbu01.alicdn.com/img/ibank/O1CN01fVwNGm1kplixZnx7f_!!2200805554733-0-cib.jpg, https://cbu01.alicdn.com/img/ibank/O1CN01ejVjZq1kplixpQeFB_!!2200805554733-0-cib.jpg, https://cbu01.alicdn.com/img/ibank/O1CN01pPPJXW1kplixq2ZDL_!!2200805554733-0-cib.jpg, https://cbu01.alicdn.com/img/ibank/O1CN01zVBiMM1kplixWUQE6_!!2200805554733-0-cib.jpg, https://cbu01.alicdn.com/img/ibank/O1CN01WuNEFK1kplixbBUas_!!2200805554733-0-cib.jpg, https://cbu01.alicdn.com/img/ibank/O1CN01cozK1C1kplixxJbL3_!!2200805554733-0-cib.jpg, https://cbu01.alicdn.com/img/ibank/O1CN01OtMca31kplixs6iLe_!!2200805554733-0-cib.jpg, https://cbu01.alicdn.com/img/ibank/O1CN01kL1VmJ1kplixbAgiA_!!2200805554733-0-cib.jpg",,,,Best,,,,0,false,false,true,false,,132,"{""Litbuy"":""https://litbuy.com/product/0/998866893113?linkSearch=true&inviteCode=PKMR"",""USFans"":""https://www.usfans.com/product/1/998866893113?ref=5FTXZW"",""Kakobuy"":""https://item.kakobuy.com/item/details?url=https%3A%2F%2Fdetail.1688.com%2Foffer%2F998866893113.html&affcode=six7n""}"
5cf09f2d-b22a-4303-91b5-55b5b95e8ca5,JuiceWRLD Lego,Lego,27.62,50,https://cbu01.alicdn.com/img/ibank/O1CN01kjYuJJ1kplizo7XNF_!!2200805554733-0-cib.jpg,"https://cbu01.alicdn.com/img/ibank/O1CN01kjYuJJ1kplizo7XNF_!!2200805554733-0-cib.jpg, https://cbu01.alicdn.com/img/ibank/O1CN01xmtPwn1kplizs6GnP_!!2200805554733-0-cib.jpg, https://cbu01.alicdn.com/img/ibank/O1CN019sRW7g1kplizwu5B1_!!2200805554733-0-cib.jpg, https://cbu01.alicdn.com/img/ibank/O1CN01cFviz21kplizp9gEs_!!2200805554733-0-cib.jpg, https://cbu01.alicdn.com/img/ibank/O1CN01Y7lqal1kplizk7JwZ_!!2200805554733-0-cib.jpg",,,,Best,,,,0,false,false,true,false,,133,"{""Litbuy"":""https://litbuy.com/product/0/998893217205?linkSearch=true&inviteCode=PKMR"",""USFans"":""https://www.usfans.com/product/1/998893217205?ref=5FTXZW"",""Kakobuy"":""https://item.kakobuy.com/item/details?url=https%3A%2F%2Fdetail.1688.com%2Foffer%2F998893217205.html&affcode=six7n""}"
31b3f197-16f4-435e-8763-25b5fca13b5f,Dior B30,Buty,116.01,210,https://si.geilicdn.com/pcitem901878883297-3baf000001978c471c770a20e284_1200_1200.jpg,"https://si.geilicdn.com/pcitem901878883297-3baf000001978c471c770a20e284_1200_1200.jpg, https://si.geilicdn.com/pcitem901878883297-357b000001978c497d890a207569_1440_1440.jpg, https://si.geilicdn.com/pcitem901878883297-3584000001978c49f78b0a20e7c7_1440_1440.jpg, https://si.geilicdn.com/pcitem901878883297-365a000001978c4af0230a20e2c5_1440_1440.jpg, https://si.geilicdn.com/pcitem901878883297-2ca1000001978c4bd4e30a239646_1440_1440.jpg, https://si.geilicdn.com/pcitem901878883297-2ebf000001978c50b3710a239646_1440_1440.jpg, https://si.geilicdn.com/pcitem901878883297-443c000001978c52bc920a20e672_1440_1440.jpg",,,,Best budget,GZ,"M, L, XL, XXL",,0,false,false,true,false,,134,"{""Litbuy"":""https://litbuy.com/product/weidian/7496379728?linkSearch=true&inviteCode=PKMR"",""USFans"":""https://www.usfans.com/product/3/7496379728?ref=5FTXZW"",""Kakobuy"":""https://item.kakobuy.com/item/details?url=https%3A%2F%2Fweidian.com%2Fitem.html%3FitemID%3D7496379728&affcode=six7n""}"
9ba0edef-6f29-443f-9945-771b2a24adcb,Football jersey,Koszulki,8.29,15.01,https://si.geilicdn.com/open1801180035-1234478995-47890000019865e7037f0a23b4de_1199_1199.jpg,"https://si.geilicdn.com/open1801180035-1234478995-47890000019865e7037f0a23b4de_1199_1199.jpg, https://si.geilicdn.com/open1801180035-1234478995-46b80000019865e7086b0a8133b0_1200_1200.jpg, https://si.geilicdn.com/open1801180035-1234478995-707e0000019865e70bd60aa0c791_1200_1200.jpg, https://si.geilicdn.com/open1801180035-1234478995-14cd0000019865e70ec70aa043f9_1200_1200.jpg, https://si.geilicdn.com/open1801180035-1234478995-44a80000019865e710fb0a23b491_1200_1200.jpg, https://si.geilicdn.com/open1801180035-1234478995-6b2c0000019865e035e40aa0c791-unadjust_1127_812.png, https://si.geilicdn.com/open1801180035-1234478995-462d0000019865e712b70a8115c2_800_1066.jpg, https://si.geilicdn.com/open1801180035-1234478995-4b7e0000019865e715a90a22d249_800_1066.jpg, https://si.geilicdn.com/open1801180035-1234478995-46c80000019865e71a8b0a8133b0_800_1066.jpg, https://si.geilicdn.com/open1801180035-1234478995-46370000019865e7240d0a8115c2_1440_1919.jpg, https://si.geilicdn.com/open1801180035-1234478995-4b8e0000019865e72a6b0a22d249_800_1066.jpg, https://si.geilicdn.com/open1801180035-1234478995-709a0000019865e731180aa0c791_1440_1919.jpg, https://si.geilicdn.com/open1801180035-1234478995-14f50000019865e736360aa043f9_856_853.jpg, https://si.geilicdn.com/open1801180035-1234478995-464b0000019865e739e20a8115c2_800_1066.jpg, https://si.geilicdn.com/open1801180035-1234478995-47b30000019865e73d4c0a23b4de_800_1066.jpg, https://si.geilicdn.com/open1801180035-1234478995-46e40000019865e7422e0a8133b0_1440_1919.jpg, https://si.geilicdn.com/open1801180035-1234478995-44d80000019865e747630a23b491_800_1066.jpg, https://si.geilicdn.com/open1801180035-1234478995-4ba80000019865e74c580a22d249_1440_1919.jpg, https://si.geilicdn.com/open1801180035-1234478995-15090000019865e754c90aa043f9_1440_1919.jpg, https://si.geilicdn.com/open1801180035-1234478995-46f60000019865e75e4c0a8133b0_1440_1919.jpg",,,,random,,"S, M, L, XL, XXL",,0,false,false,false,false,,135,"{""Litbuy"":""https://litbuy.com/product/weidian/7518589587?linkSearch=true&inviteCode=PKMR"",""USFans"":""https://www.usfans.com/product/3/7518589587?ref=5FTXZW"",""Kakobuy"":""https://item.kakobuy.com/item/details?url=https%3A%2F%2Fweidian.com%2Fitem.html%3FitemID%3D7518589587&affcode=six7n""}"
b0dcaabf-9301-4fc6-9b86-2e871b948899,Lv shorts,Spodenki,48.06,87,https://si.geilicdn.com/open1801180035-1234478995-0f3d0000019865dfd7060aa043f9_800_800.jpg,"https://si.geilicdn.com/open1801180035-1234478995-0f3d0000019865dfd7060aa043f9_800_800.jpg, https://si.geilicdn.com/open1801180035-1234478995-3f110000019865dfd9a80a23b491_800_800.jpg, https://si.geilicdn.com/open1801180035-1234478995-41f90000019865dfdb9c0a23b4de_800_800.jpg, https://si.geilicdn.com/open1801180035-1234478995-45dc0000019865dfddee0a22d249_800_800.jpg, https://si.geilicdn.com/open1801180035-1234478995-41200000019865dfe0290a8133b0_800_800.jpg, https://si.geilicdn.com/open1801180035-1234478995-3ed30000019865df8e820a23b491-unadjust_1080_1080.png, https://si.geilicdn.com/open1801180035-1234478995-456e0000019865dfe22a0a231226_800_800.jpg, https://si.geilicdn.com/open1801180035-1234478995-0f470000019865dfe4290aa043f9_800_800.jpg, https://si.geilicdn.com/open1801180035-1234478995-3f170000019865dfe6a30a23b491_800_800.jpg, https://si.geilicdn.com/open1801180035-1234478995-40a00000019865dfe88d0a8115c2_800_800.jpg, https://si.geilicdn.com/open1801180035-1234478995-41fb0000019865dfea1a0a23b4de_800_800.jpg, https://si.geilicdn.com/open1801180035-1234478995-45e00000019865dfec600a22d249_800_800.jpg, https://si.geilicdn.com/open1801180035-1234478995-41280000019865dfee0a0a8133b0_800_800.jpg, https://si.geilicdn.com/open1801180035-1234478995-0f4d0000019865dfefb90aa043f9_800_800.jpg, https://si.geilicdn.com/open1801180035-1234478995-3f210000019865dff1020a23b491_800_800.jpg, https://si.geilicdn.com/open1801180035-1234478995-40a80000019865dff2d90a8115c2_800_800.jpg, https://si.geilicdn.com/open1801180035-1234478995-42050000019865dff4af0a23b4de_800_800.jpg, https://si.geilicdn.com/open1801180035-1234478995-45e80000019865dff6240a22d249_800_800.jpg, https://si.geilicdn.com/open1801180035-1234478995-412c0000019865dff8640a8133b0_800_800.jpg, https://si.geilicdn.com/open1801180035-1234478995-457a0000019865dff9d70a231226_800_800.jpg",,,,budget,,"M, L, XL, 3XL, 4XL",,0,false,false,false,false,,136,"{""Litbuy"":""https://litbuy.com/product/weidian/7520536696?linkSearch=true&inviteCode=PKMR"",""USFans"":""https://www.usfans.com/product/3/7520536696?ref=5FTXZW"",""Kakobuy"":""https://item.kakobuy.com/item/details?url=https%3A%2F%2Fweidian.com%2Fitem.html%3FitemID%3D7520536696&affcode=six7n""}"
f903aa2c-5384-44a1-8568-836840c230e2,Hellstar tees,Koszulki,38.67,70,https://si.geilicdn.com/open1801180035-1234478995-51500000019865f3c2570a8133b0_800_800.jpg,"https://si.geilicdn.com/open1801180035-1234478995-51500000019865f3c2570a8133b0_800_800.jpg, https://si.geilicdn.com/open1801180035-1234478995-55900000019865f3c3b60a231226_800_800.jpg, https://si.geilicdn.com/open1801180035-1234478995-1f6a0000019865f3c6440aa043f9_1080_1080.jpg, https://si.geilicdn.com/open1801180035-1234478995-50c70000019865f3c81a0a8115c2_800_800.jpg, https://si.geilicdn.com/open1801180035-1234478995-6b2c0000019865e035e40aa0c791-unadjust_1127_812.png, https://si.geilicdn.com/open1801180035-1234478995-52290000019865f3ca5c0a23b4de_800_800.jpg, https://si.geilicdn.com/open1801180035-1234478995-51580000019865f3cb930a8133b0_800_800.jpg",,,,budget,,"S, M, L, XL",,0,false,false,false,false,,137,"{""Litbuy"":""https://litbuy.com/product/weidian/7520569026?linkSearch=true&inviteCode=PKMR"",""USFans"":""https://www.usfans.com/product/3/7520569026?ref=5FTXZW"",""Kakobuy"":""https://item.kakobuy.com/item/details?url=https%3A%2F%2Fweidian.com%2Fitem.html%3FitemID%3D7520569026&affcode=six7n""}"
990964be-6093-4402-b1df-8bcbf31f994f,Rayban glasses,Akcesoria (ciuch),46.96,85.01,https://si.geilicdn.com/open1801180035-1234478995-4df10000019865eaf2a40a231226_800_800.jpg,"https://si.geilicdn.com/open1801180035-1234478995-4df10000019865eaf2a40a231226_800_800.jpg, https://si.geilicdn.com/open1801180035-1234478995-737e0000019865eaf41d0aa0c791_800_800.jpg, https://si.geilicdn.com/open1801180035-1234478995-17d90000019865eafae00aa043f9_800_800.jpg, https://si.geilicdn.com/open1801180035-1234478995-49370000019865eafc750a8115c2_800_800.jpg, https://si.geilicdn.com/open1801180035-1234478995-4a950000019865eafe5e0a23b4de_800_800.jpg, https://si.geilicdn.com/open1801180035-1234478995-42d50000019865e102cd0a23b4de-unadjust_1127_812.png, https://si.geilicdn.com/open1801180035-1234478995-4e7c0000019865eb001b0a22d249_800_800.jpg, https://si.geilicdn.com/open1801180035-1234478995-49c60000019865eb024b0a8133b0_800_800.jpg, https://si.geilicdn.com/open1801180035-1234478995-738a0000019865eb03b50aa0c791_800_800.jpg, https://si.geilicdn.com/open1801180035-1234478995-17e50000019865eb06730aa043f9_800_800.jpg, https://si.geilicdn.com/open1801180035-1234478995-49410000019865eb08040a8115c2_800_800.jpg, https://si.geilicdn.com/open1801180035-1234478995-4e840000019865eb09970a22d249_800_800.jpg, https://si.geilicdn.com/open1801180035-1234478995-49cc0000019865eb0ac50a8133b0_800_800.jpg, https://si.geilicdn.com/open1801180035-1234478995-73900000019865eb0d020aa0c791_800_800.jpg, https://si.geilicdn.com/open1801180035-1234478995-17eb0000019865eb0fc20aa043f9_800_800.jpg, https://si.geilicdn.com/open1801180035-1234478995-49490000019865eb10eb0a8115c2_800_800.jpg, https://si.geilicdn.com/open1801180035-1234478995-4aab0000019865eb127c0a23b4de_800_800.jpg, https://si.geilicdn.com/open1801180035-1234478995-4e920000019865eb142f0a22d249_800_800.jpg, https://si.geilicdn.com/open1801180035-1234478995-4e110000019865eb16b20a231226_800_800.jpg, https://si.geilicdn.com/open1801180035-1234478995-17ef0000019865eb17ff0aa043f9_800_800.jpg",,,,budget,,,,0,false,false,false,false,,138,"{""Litbuy"":""https://litbuy.com/product/weidian/7518692703?linkSearch=true&inviteCode=PKMR"",""USFans"":""https://www.usfans.com/product/3/7518692703?ref=5FTXZW"",""Kakobuy"":""https://item.kakobuy.com/item/details?url=https%3A%2F%2Fweidian.com%2Fitem.html%3FitemID%3D7518692703&affcode=six7n""}"
d58233bf-be1d-44a3-89f6-c4d645f61b46,LV wallet,Portfele,44.19,79.99,https://si.geilicdn.com/open1801180035-1234478995-3aca000001988982cb4b0a22d249_800_800.jpg,"https://si.geilicdn.com/open1801180035-1234478995-3aca000001988982cb4b0a22d249_800_800.jpg, https://si.geilicdn.com/open1801180035-1234478995-34fd000001988982cf620a8133b0_800_800.jpg, https://si.geilicdn.com/open1801180035-1234478995-3994000001988982d6410a231226_800_544.jpg, https://si.geilicdn.com/open1801180035-1234478995-02ab000001988982d9f30aa043f9_800_800.jpg, https://si.geilicdn.com/open1801180035-1234478995-3456000001988982dc190a23b491_800_800.jpg, https://si.geilicdn.com/open1801180035-1234478995-3429000001988982df820a8115c2_1920_1440.jpg, https://si.geilicdn.com/open1801180035-1234478995-3618000001988982e3e40a23b4de_1920_1440.jpg, https://si.geilicdn.com/open1801180035-1234478995-3af2000001988982e6e30a22d249_1920_1440.jpg, https://si.geilicdn.com/open1801180035-1234478995-39b6000001988982ef5b0a231226_1920_1440.jpg, https://si.geilicdn.com/open1801180035-1234478995-02d3000001988982f4500aa043f9_800_800.jpg, https://si.geilicdn.com/open1801180035-1234478995-4c8b000001988982f6570aa0c791_800_800.jpg, https://si.geilicdn.com/open1801180035-1234478995-3486000001988982f93e0a23b491_800_800.jpg, https://si.geilicdn.com/open1801180035-1234478995-3459000001988982fb680a8115c2_1200_1200.jpg, https://si.geilicdn.com/open1801180035-1234478995-39cc000001988983002c0a231226_800_800.jpg, https://si.geilicdn.com/open1801180035-1234478995-3496000001988983045c0a23b491_800_800.jpg, https://si.geilicdn.com/open1801180035-1234478995-3467000001988983075c0a8115c2_800_800.jpg, https://si.geilicdn.com/open1801180035-1234478995-3b280000019889830b530a22d249_1920_1440.jpg, https://si.geilicdn.com/open1801180035-1234478995-34ae00000198898314840a23b491_1920_1440.jpg, https://si.geilicdn.com/open1801180035-1234478995-348700000198898319450a8115c2_1920_1440.jpg, https://si.geilicdn.com/open1801180035-1234478995-36740000019889831f160a23b4de_1920_1440.jpg",,,,Best budget,,,,0,false,false,true,false,,139,"{""Litbuy"":""https://litbuy.com/product/weidian/7523658334?linkSearch=true&inviteCode=PKMR"",""USFans"":""https://www.usfans.com/product/3/7523658334?ref=5FTXZW"",""Kakobuy"":""https://item.kakobuy.com/item/details?url=https%3A%2F%2Fweidian.com%2Fitem.html%3FitemID%3D7523658334&affcode=six7n""}"
8392c37b-cdb1-4964-8319-35edb57b331a,Goyard wallets,Portfele,27.62,50,https://si.geilicdn.com/open1801180035-1234478995-33d2000001988982699b0a23b491_2560_2560.jpg,"https://si.geilicdn.com/open1801180035-1234478995-33d2000001988982699b0a23b491_2560_2560.jpg, https://si.geilicdn.com/open1801180035-1234478995-33b100000198898275ea0a8115c2_1000_1000.jpg, https://si.geilicdn.com/open1801180035-1234478995-359a00000198898279eb0a23b4de_2560_2560.jpg, https://si.geilicdn.com/open1801180035-1234478995-3a7a00000198898280d80a22d249_2560_2560.jpg, https://si.geilicdn.com/open1801180035-1234478995-024300000198898288b60aa043f9_2560_2560.jpg, https://si.geilicdn.com/open1801180035-1234478995-35b400000198898291a60a23b4de_2560_2560.jpg, https://si.geilicdn.com/open1801180035-1234478995-393e00000198898298510a231226_1200_1200.jpg, https://si.geilicdn.com/open1801180035-1234478995-34080000019889829c950a23b491_1280_1707.jpg, https://si.geilicdn.com/open1801180035-1234478995-35c60000019889829fc00a23b4de_1280_1707.jpg, https://si.geilicdn.com/open1801180035-1234478995-3aa4000001988982a4570a22d249_1280_1707.jpg, https://si.geilicdn.com/open1801180035-1234478995-3410000001988982a7d40a23b491_1280_1707.jpg, https://si.geilicdn.com/open1801180035-1234478995-3958000001988982ac890a231226_1280_1707.jpg, https://si.geilicdn.com/open1801180035-1234478995-3420000001988982b1270a23b491_1000_1000.jpg, https://si.geilicdn.com/open1801180035-1234478995-33fb000001988982b7810a8115c2_2560_2560.jpg",,,,Best,,,,0,false,false,true,false,,140,"{""Litbuy"":""https://litbuy.com/product/weidian/7521772467?linkSearch=true&inviteCode=PKMR"",""USFans"":""https://www.usfans.com/product/3/7521772467?ref=5FTXZW"",""Kakobuy"":""https://item.kakobuy.com/item/details?url=https%3A%2F%2Fweidian.com%2Fitem.html%3FitemID%3D7521772467&affcode=six7n""}"
7c42261b-e3c9-42cb-8839-f3da973c3342,Corteiz tees,Koszulki,46.96,85.01,https://si.geilicdn.com/open1801180035-1234478995-55300000019888a058080a231226_800_800.jpg,"https://si.geilicdn.com/open1801180035-1234478995-55300000019888a058080a231226_800_800.jpg, https://si.geilicdn.com/open1801180035-1234478995-4f880000019888a059cc0a8115c2_800_800.jpg, https://si.geilicdn.com/open1801180035-1234478995-68530000019888a05ff50aa0c791_800_800.jpg, https://si.geilicdn.com/open1801180035-1234478995-554c0000019888a061860a231226_800_800.jpg, https://si.geilicdn.com/open1801180035-1234478995-56690000019888a063a00a22d249_800_800.jpg, https://si.geilicdn.com/open1801180035-1234478995-4fb20000019888a066870a8115c2_800_800.jpg, https://si.geilicdn.com/open1801180035-1234478995-50c10000019888a068660a8133b0_800_800.jpg, https://si.geilicdn.com/open1801180035-1234478995-55640000019888a069d60a231226_800_800.jpg, https://si.geilicdn.com/open1801180035-1234478995-68730000019888a06b4b0aa0c791_800_800.jpg, https://si.geilicdn.com/open1801180035-1234478995-50cf0000019888a06dcf0a8133b0_800_800.jpg, https://si.geilicdn.com/open1801180035-1234478995-500e0000019888a073590a23b491_800_800.jpg, https://si.geilicdn.com/open1801180035-1234478995-1ea50000019888a075480aa043f9_800_800.jpg, https://si.geilicdn.com/open1801180035-1234478995-51dc0000019888a077190a23b4de_800_800.jpg, https://si.geilicdn.com/open1801180035-1234478995-50200000019888a079d30a23b491_800_800.jpg, https://si.geilicdn.com/open1801180035-1234478995-1eb30000019888a07bf60aa043f9_800_800.jpg, https://si.geilicdn.com/open1801180035-1234478995-51050000019888a07e1a0a8133b0_800_800.jpg, https://si.geilicdn.com/open1801180035-1234478995-510b0000019888a0813c0a8133b0_800_800.jpg, https://si.geilicdn.com/open1801180035-1234478995-51130000019888a084140a8133b0_800_800.jpg, https://si.geilicdn.com/open1801180035-1234478995-500e0000019888a085fe0a8115c2_800_800.jpg, https://si.geilicdn.com/open1801180035-1234478995-51250000019888a088e50a8133b0_800_800.jpg",,,,Best budget,,"S, M, L, XL",,0,false,false,true,false,,141,"{""Litbuy"":""https://litbuy.com/product/weidian/7523537806?linkSearch=true&inviteCode=PKMR"",""USFans"":""https://www.usfans.com/product/3/7523537806?ref=5FTXZW"",""Kakobuy"":""https://item.kakobuy.com/item/details?url=https%3A%2F%2Fweidian.com%2Fitem.html%3FitemID%3D7523537806&affcode=six7n""}"
d9288a5d-2934-45b9-8ba8-d47c92947ad3,Lv bags,Plecak/torby/torebki,75.68,137,https://si.geilicdn.com/open1801180035-1234478995-026b000001988982aae60aa043f9_800_800.jpg,"https://si.geilicdn.com/open1801180035-1234478995-026b000001988982aae60aa043f9_800_800.jpg, https://si.geilicdn.com/open1801180035-1234478995-33e7000001988982acab0a8115c2_800_800.jpg, https://si.geilicdn.com/open1801180035-1234478995-35d2000001988982ae640a23b4de_800_800.jpg, https://si.geilicdn.com/open1801180035-1234478995-34db000001988982b0130a8133b0_800_800.jpg, https://si.geilicdn.com/open1801180035-1234478995-3962000001988982b1800a231226_800_800.jpg, https://si.geilicdn.com/open1801180035-1234478995-4c31000001988982b2b70aa0c791_800_800.jpg, https://si.geilicdn.com/open1801180035-1234478995-0275000001988982b4950aa043f9_800_800.jpg, https://si.geilicdn.com/open1801180035-1234478995-3424000001988982b5f10a23b491_800_800.jpg, https://si.geilicdn.com/open1801180035-1234478995-33fa000001988982b7800a8115c2_800_800.jpg, https://si.geilicdn.com/open1801180035-1234478995-3aba000001988982b9800a22d249_790_764.jpg, https://si.geilicdn.com/open1801180035-1234478995-34e9000001988982bbff0a8133b0_800_800.jpg, https://si.geilicdn.com/open1801180035-1234478995-3972000001988982bd7d0a231226_800_800.jpg, https://si.geilicdn.com/open1801180035-1234478995-342e000001988982bf110a23b491_800_800.jpg, https://si.geilicdn.com/open1801180035-1234478995-35e8000001988982c0e30a23b4de_800_800.jpg, https://si.geilicdn.com/open1801180035-1234478995-3978000001988982c2d00a231226_800_800.jpg, https://si.geilicdn.com/open1801180035-1234478995-3438000001988982c4250a23b491_800_800.jpg, https://si.geilicdn.com/open1801180035-1234478995-3403000001988982c5890a8115c2_800_800.jpg, https://si.geilicdn.com/open1801180035-1234478995-3ac4000001988982c6c40a22d249_800_800.jpg",,,,Best,,,,0,false,false,true,false,,142,"{""Litbuy"":""https://litbuy.com/product/weidian/7523636602?linkSearch=true&inviteCode=PKMR"",""USFans"":""https://www.usfans.com/product/3/7523636602?ref=5FTXZW"",""Kakobuy"":""https://item.kakobuy.com/item/details?url=https%3A%2F%2Fweidian.com%2Fitem.html%3FitemID%3D7523636602&affcode=six7n""}"
d6e1664c-ecef-4ece-b583-4996198f5162,Gucci wallet,Portfele,16.57,30,https://si.geilicdn.com/open1801180035-1234478995-36c400000198898372930a23b4de_750_750.jpg,,,,,Best,,,,0,false,false,true,false,,143,"{""Litbuy"":""https://litbuy.com/product/weidian/7521848137?linkSearch=true&inviteCode=PKMR"",""USFans"":""https://weidian.com/item.html?itemID=7521848137"",""Kakobuy"":""https://item.kakobuy.com/item/details?url=https%3A%2F%2Fweidian.com%2Fitem.html%3FitemID%3D7521848137&affcode=six7n"",""Kakaobuy"":""https://weidian.com/item.html?itemID=7521848137""}"
3f3f9427-9371-4009-9b40-62affa1d911d,crocs ,Klapki,54.69,99,https://si.geilicdn.com/open1801180035-1234478995-19a600000198785488760a23b491_1179_884.jpg,"https://si.geilicdn.com/open1801180035-1234478995-19a600000198785488760a23b491_1179_884.jpg, https://si.geilicdn.com/open1801180035-1234478995-19530000019878548d480a8115c2_1283_1280.jpg, https://si.geilicdn.com/open1801180035-1234478995-1c0f00000198785490d60a23b4de_1282_1279.jpg, https://si.geilicdn.com/open1801180035-1234478995-1fb300000198785496e10a22d249_1722_1722.jpg, https://si.geilicdn.com/open1801180035-1234478995-1a9300000198785499b30a8133b0_636_635.jpg, https://si.geilicdn.com/open1801180035-1234478995-1ea00000019878549b270a231226_1016_1014.jpg, https://si.geilicdn.com/open1801180035-1234478995-69880000019878549c9a0aa043f9_663_661.jpg, https://si.geilicdn.com/open1801180035-1234478995-3dd20000019878549e170aa0c791_759_757.jpg, https://si.geilicdn.com/open1801180035-1234478995-19bc000001987854a0160a23b491_731_730.jpg, https://si.geilicdn.com/open1801180035-1234478995-1963000001987854a1c90a8115c2_705_704.jpg, https://si.geilicdn.com/open1801180035-1234478995-1fbb000001987854a2fb0a22d249_682_681.jpg, https://si.geilicdn.com/open1801180035-1234478995-1a9b000001987854a4970a8133b0_612_611.jpg, https://si.geilicdn.com/open1801180035-1234478995-1eae000001987854a5ae0a231226_1048_1045.jpg, https://si.geilicdn.com/open1801180035-1234478995-6990000001987854a7070aa043f9_800_800.jpg, https://si.geilicdn.com/open1801180035-1234478995-3dd8000001987854a8b30aa0c791_617_616.jpg, https://si.geilicdn.com/open1801180035-1234478995-19c4000001987854aa380a23b491_960_961.jpg, https://si.geilicdn.com/open1801180035-1234478995-196b000001987854ac060a8115c2_960_961.jpg, https://si.geilicdn.com/open1801180035-1234478995-196d000001987854addc0a8115c2_960_961.jpg, https://si.geilicdn.com/open1801180035-1234478995-1fc9000001987854afbc0a22d249_960_961.jpg, https://si.geilicdn.com/open1801180035-1234478995-1aab000001987854b1030a8133b0_960_961.jpg",,,,Best,PK,,,0,false,false,true,false,,144,"{""Litbuy"":""https://litbuy.com/product/weidian/7521954084?linkSearch=true&inviteCode=PKMR"",""USFans"":""https://www.usfans.com/product/3/7521954084?ref=5FTXZW"",""Kakobuy"":""https://item.kakobuy.com/item/details?url=https%3A%2F%2Fweidian.com%2Fitem.html%3FitemID%3D7521954084&affcode=six7n""}"
8ac7b3d6-ed7c-4190-8550-61a35f33f519,Goyard wallets,Portfele,47.51,86,https://si.geilicdn.com/open1801180035-1234478995-3d24000001988985157b0a22d249_1080_810.jpg,https://si.geilicdn.com/open1801180035-1234478995-3d24000001988985157b0a22d249_1080_810.jpg,,,,budget,,,,0,false,false,false,false,,145,"{""Litbuy"":""https://litbuy.com/product/weidian/7523696414?linkSearch=true&inviteCode=PKMR"",""USFans"":""https://www.usfans.com/product/3/7523696414?ref=5FTXZW"",""Kakobuy"":""https://item.kakobuy.com/item/details?url=https%3A%2F%2Fweidian.com%2Fitem.html%3FitemID%3D7523696414&affcode=six7n""}"
c3cb481a-d63f-4d3a-8648-1abd6357eb16,Mcqueen crocs,Klapki,54.69,99,https://si.geilicdn.com/open1801180035-1234478995-1eb900000198785353c70a22d249_1024_1024.jpg,"https://si.geilicdn.com/open1801180035-1234478995-1eb900000198785353c70a22d249_1024_1024.jpg, https://si.geilicdn.com/open1801180035-1234478995-199b00000198785355120a8133b0_1024_1024.jpg, https://si.geilicdn.com/open1801180035-1234478995-1d9e000001987853564d0a231226_1024_1024.jpg, https://si.geilicdn.com/open1801180035-1234478995-688e000001987853577f0aa043f9_1024_1024.jpg",,,,Best budget,,all,,0,false,false,true,false,,146,"{""Litbuy"":""https://litbuy.com/product/weidian/7520060087?linkSearch=true&inviteCode=PKMR"",""USFans"":""https://www.usfans.com/product/3/7520060087?ref=5FTXZW"",""Kakobuy"":""https://item.kakobuy.com/item/details?url=https%3A%2F%2Fweidian.com%2Fitem.html%3FitemID%3D7520060087&affcode=six7n""}"
27bf52c6-fbb8-4d2f-8469-8a731fa83394,Long sleeve,Koszulki,70.71,128,https://si.geilicdn.com/open1801180035-1234478995-42a80000019865e1d6ec0a8133b0_1080_1080.jpg,"https://si.geilicdn.com/open1801180035-1234478995-42a80000019865e1d6ec0a8133b0_1080_1080.jpg, https://si.geilicdn.com/open1801180035-1234478995-46fa0000019865e1d9eb0a231226_1080_1080.jpg, https://si.geilicdn.com/open1801180035-1234478995-10d30000019865e1dd290aa043f9_1080_1080.jpg, https://si.geilicdn.com/open1801180035-1234478995-422b0000019865e1dfa00a8115c2_671_671.jpg, https://si.geilicdn.com/open1801180035-1234478995-42b40000019865e1e1510a8133b0_1080_1080.jpg, https://si.geilicdn.com/open1801180035-1234478995-6b2c0000019865e035e40aa0c791-unadjust_1127_812.png, https://si.geilicdn.com/open1801180035-1234478995-6c840000019865e1e3340aa0c791_1080_1080.jpg, https://si.geilicdn.com/open1801180035-1234478995-40a90000019865e1e5140a23b491_1080_1080.jpg",,,,best budget,,"S, M, XL, L",,0,false,false,true,false,,147,"{""Litbuy"":""https://litbuy.com/product/weidian/7520525012?linkSearch=true&inviteCode=PKMR"",""USFans"":""https://www.usfans.com/product/3/7520525012?ref=5FTXZW"",""Kakobuy"":""https://item.kakobuy.com/item/details?url=https%3A%2F%2Fweidian.com%2Fitem.html%3FitemID%3D7520525012&affcode=six7n""}"
bac7c084-767a-46c4-9785-ecb6d7be8bf9,Chrome Hearts tee,Koszulki,64.63,116.99,https://si.geilicdn.com/open1801180035-1234478995-412100000198889961be0aa0c791_2560_3376.jpg,"https://si.geilicdn.com/open1801180035-1234478995-412100000198889961be0aa0c791_2560_3376.jpg, https://si.geilicdn.com/open1801180035-1234478995-28e00000019888996cd80a23b491_2560_3376.jpg, https://si.geilicdn.com/open1801180035-1234478995-2ea2000001988899721b0a231226_800_800.jpg, https://si.geilicdn.com/open1801180035-1234478995-419d00000198889973c60aa0c791_800_800.jpg, https://si.geilicdn.com/open1801180035-1234478995-77c000000198889977090aa043f9_800_800.jpg, https://si.geilicdn.com/open1801180035-1234478995-2b0a00000198889978f50a23b4de_800_800.jpg, https://si.geilicdn.com/open1801180035-1234478995-2b120000019888997a730a23b4de_800_800.jpg, https://si.geilicdn.com/open1801180035-1234478995-294e0000019888997ba30a23b491_800_800.jpg, https://si.geilicdn.com/open1801180035-1234478995-2b220000019888997d160a23b4de_800_800.jpg, https://si.geilicdn.com/open1801180035-1234478995-41e90000019888997e550aa0c791_850_850.jpg, https://si.geilicdn.com/open1801180035-1234478995-297a000001988899814d0a23b491_850_850.jpg, https://si.geilicdn.com/open1801180035-1234478995-420d00000198889983840aa0c791_800_800.jpg, https://si.geilicdn.com/open1801180035-1234478995-303700000198889984e50a22d249_800_800.jpg, https://si.geilicdn.com/open1801180035-1234478995-3041000001988899864b0a22d249_800_800.jpg, https://si.geilicdn.com/open1801180035-1234478995-297a000001988899882b0a8115c2_800_800.jpg, https://si.geilicdn.com/open1801180035-1234478995-2aa500000198889989be0a8133b0_800_800.jpg, https://si.geilicdn.com/open1801180035-1234478995-78400000019888998bd40aa043f9_800_800.jpg, https://si.geilicdn.com/open1801180035-1234478995-2f5a0000019888998d7a0a231226_800_800.jpg, https://si.geilicdn.com/open1801180035-1234478995-29a60000019888998eae0a8115c2_800_800.jpg, https://si.geilicdn.com/open1801180035-1234478995-2f6e0000019888998ff40a231226_800_800.jpg",,,,budget,,"S, M, L, XL",,0,false,false,false,false,,148,"{""Litbuy"":""https://litbuy.com/product/weidian/7521622501?linkSearch=true&inviteCode=PKMR"",""USFans"":""https://www.usfans.com/product/3/7521622501?ref=5FTXZW"",""Kakobuy"":""https://item.kakobuy.com/item/details?url=https%3A%2F%2Fweidian.com%2Fitem.html%3FitemID%3D7521622501&affcode=six7n""}"
0dfce48c-dc3b-414c-b05f-32e1284a0a5b,Elite bags,Plecak/torby/torebki,49.72,90,https://si.geilicdn.com/open1801180035-1234478995-3a5500000198898833780a8133b0_800_800.jpg,"https://si.geilicdn.com/open1801180035-1234478995-3a5500000198898833780a8133b0_800_800.jpg, https://si.geilicdn.com/open1801180035-1234478995-3965000001988988354a0a8115c2_800_800.jpg, https://si.geilicdn.com/open1801180035-1234478995-3a5f00000198898836bb0a8133b0_1170_1388.jpg, https://si.geilicdn.com/open1801180035-1234478995-07ff00000198898838aa0aa043f9_800_800.jpg, https://si.geilicdn.com/open1801180035-1234478995-3a6300000198898839c30a8133b0_800_800.jpg, https://si.geilicdn.com/open1801180035-1234478995-08090000019889883b070aa043f9_800_800.jpg, https://si.geilicdn.com/open1801180035-1234478995-39730000019889883c290a8115c2_800_800.jpg, https://si.geilicdn.com/open1801180035-1234478995-39b60000019889883e410a23b491_1170_1186.jpg, https://si.geilicdn.com/open1801180035-1234478995-404c00000198898840490a22d249_750_1125.jpg, https://si.geilicdn.com/open1801180035-1234478995-39be00000198898841710a23b491_800_800.jpg, https://si.geilicdn.com/open1801180035-1234478995-405200000198898843470a22d249_800_800.jpg, https://si.geilicdn.com/open1801180035-1234478995-3f0a000001988988448a0a231226_800_800.jpg, https://si.geilicdn.com/open1801180035-1234478995-39c800000198898846940a23b491_800_800.jpg, https://si.geilicdn.com/open1801180035-1234478995-3b7800000198898848140a23b4de_800_800.jpg, https://si.geilicdn.com/open1801180035-1234478995-51d80000019889884a1a0aa0c791_800_800.jpg, https://si.geilicdn.com/open1801180035-1234478995-40680000019889884ba50a22d249_800_800.jpg, https://si.geilicdn.com/open1801180035-1234478995-39d60000019889884cb50a23b491_800_800.jpg, https://si.geilicdn.com/open1801180035-1234478995-3b860000019889884dd80a23b4de_800_800.jpg, https://si.geilicdn.com/open1801180035-1234478995-51e40000019889884ee10aa0c791_800_800.jpg, https://si.geilicdn.com/open1801180035-1234478995-39a700000198898850eb0a8115c2_800_800.jpg",,,,Best,,,,0,false,false,true,false,,149,"{""Litbuy"":""https://litbuy.com/product/weidian/7521741487?linkSearch=true&inviteCode=PKMR"",""USFans"":""https://www.usfans.com/product/3/7521741487?ref=5FTXZW"",""Kakobuy"":""https://item.kakobuy.com/item/details?url=https%3A%2F%2Fweidian.com%2Fitem.html%3FitemID%3D7521741487&affcode=six7n""}"
7f45164e-3a6c-42a6-b1a3-96eb6b4f3f67,Stussy tee,Koszulki,49.72,90,https://si.geilicdn.com/open1801180035-1234478995-33d900000198889aaced0a8133b0_1074_1004.jpg,,,,,budget,,"S, M, L, XL",,0,false,false,false,false,,150,"{""Litbuy"":""https://litbuy.com/product/weidian/7523524340?linkSearch=true&inviteCode=PKMR"",""USFans"":""https://weidian.com/item.html?itemID=7523524340"",""Kakobuy"":""https://item.kakobuy.com/item/details?url=https%3A%2F%2Fweidian.com%2Fitem.html%3FitemID%3D7523524340&affcode=six7n"",""Kakaobuy"":""https://weidian.com/item.html?itemID=7523524340""}"
ebf961d9-63ce-494c-bc13-ed8b993fedff,Nike joggers,Spodnie,103.85,187.99,https://si.geilicdn.com/open1801180035-1234478995-362a00000198c73d3ba40a8115c2_1066_1066.jpg,"https://si.geilicdn.com/open1801180035-1234478995-362a00000198c73d3ba40a8115c2_1066_1066.jpg, https://si.geilicdn.com/open1801180035-1234478995-36fd00000198c73d414e0a8133b0_1066_1066.jpg, https://si.geilicdn.com/open1801180035-1234478995-3b1600000198c73d446c0a231226_1066_1066.jpg, https://si.geilicdn.com/open1801180035-1234478995-3b1800000198c73d48610a231226_1066_1066.jpg, https://si.geilicdn.com/open1801180035-1234478995-7f2400000198c73d4bc20aa043f9_1066_1066.jpg, https://si.geilicdn.com/open1801180035-1234478995-12bb00000198c73d4e800aa0c791_1024_1365.jpg, https://si.geilicdn.com/open1801180035-1234478995-363400000198c73d57460a8115c2_1024_1365.jpg, https://si.geilicdn.com/open1801180035-1234478995-38f600000198c73d5b890a23b4de_1024_1365.jpg, https://si.geilicdn.com/open1801180035-1234478995-371200000198c73d63b50a23b491-unadjust_542_786.png, https://si.geilicdn.com/open1801180035-1234478995-363e00000198c73d6b610a8115c2-unadjust_604_858.png, https://si.geilicdn.com/open1801180035-1234478995-371a00000198c73d74a70a23b491-unadjust_646_892.png, https://si.geilicdn.com/open1801180035-1234478995-371500000198c73d7b410a8133b0_1440_1920.jpg, https://si.geilicdn.com/open1801180035-1234478995-371d00000198c73d83950a8133b0_1080_1440.jpg, https://si.geilicdn.com/open1801180035-1234478995-372800000198c73d89e00a23b491_1080_1440.jpg, https://si.geilicdn.com/open1801180035-1234478995-3cd100000198c73d91500a22d249_1080_1080.jpg, https://si.geilicdn.com/open1801180035-1234478995-372e00000198c73d96ab0a23b491_1080_1080.jpg, https://si.geilicdn.com/open1801180035-1234478995-372d00000198c73d9ce90a8133b0_1080_1080.jpg, https://si.geilicdn.com/open1801180035-1234478995-366400000198c73da28a0a8115c2_1080_1440.jpg, https://si.geilicdn.com/open1801180035-1234478995-3b4e00000198c73da7470a231226_1080_1440.jpg",,,,Best budget,,"S, M, L, XL",,0,false,false,true,false,,151,"{""Litbuy"":""https://litbuy.com/product/weidian/7530899648?linkSearch=true&inviteCode=PKMR"",""USFans"":""https://www.usfans.com/product/3/7530899648?ref=5FTXZW"",""Kakobuy"":""https://item.kakobuy.com/item/details?url=https%3A%2F%2Fweidian.com%2Fitem.html%3FitemID%3D7530899648&affcode=six7n""}"
84ba9225-1254-4101-bc51-d4d2339cb260,Goyard bag,Plecak/torby/torebki,85.63,155.01,https://si.geilicdn.com/open1801180035-1234478995-3996000001988981b3b90a22d249_1080_1080.jpg,,,,,budget,,,,0,false,false,false,false,,152,"{""Litbuy"":""https://litbuy.com/product/weidian/7521784439?linkSearch=true&inviteCode=PKMR"",""USFans"":""https://www.usfans.com/product/3/7521784439?ref=5FTXZW"",""Kakobuy"":""https://item.kakobuy.com/item/details?url=https%3A%2F%2Fweidian.com%2Fitem.html%3FitemID%3D7521784439&affcode=six7n""}"
d1930fd4-1fed-4a18-8f9c-2e046b939be4,Lacoste,Bluzy,81.21,147.01,https://si.geilicdn.com/open1801180035-1234478995-0971000001988863950a0aa0c791-unadjust_1200_1200.png,,,,,Best,,"S, M, L, XL, XXL, XXXL",,0,false,false,true,false,,153,"{""Litbuy"":""https://litbuy.com/product/weidian/7521669693?linkSearch=true&inviteCode=PKMR"",""USFans"":""https://www.usfans.com/product/3/7521669693?ref=5FTXZW"",""Kakobuy"":""https://item.kakobuy.com/item/details?url=https%3A%2F%2Fweidian.com%2Fitem.html%3FitemID%3D7521669693&affcode=six7n""}"
23534060-ec5e-4af2-8b3b-25b233620c2b,Gallery Dept tee,Koszulki,46.96,85.01,https://si.geilicdn.com/open1637009347-1637009347-3afc0000019d296c8c020a231226_800_800.jpg,,,,,Best,,"S, M, L, XL",,0,false,false,true,false,,154,"{""Litbuy"":""https://litbuy.com/product/weidian/7763265044?linkSearch=true&inviteCode=PKMR"",""USFans"":""https://www.usfans.com/product/3/7763265044?ref=5FTXZW"",""Kakobuy"":""https://item.kakobuy.com/item/details?url=https%3A%2F%2Fweidian.com%2Fitem.html%3FitemID%3D7763265044&affcode=six7n""}"
b32cd317-e549-405d-a686-47401ffe01f0,Stone Island hoodie,Bluzy,63.53,115,https://si.geilicdn.com/open1801180035-1234478995-4639000001988866f8400aa043f9_800_800.jpg,,,,,Best budget,,"M, L, XL, 3XL",,0,false,false,true,false,,156,"{""Litbuy"":""https://litbuy.com/product/weidian/7521699607?linkSearch=true&inviteCode=PKMR"",""USFans"":""https://www.usfans.com/product/3/7521699607?ref=5FTXZW"",""Kakobuy"":""https://item.kakobuy.com/item/details?url=https%3A%2F%2Fweidian.com%2Fitem.html%3FitemID%3D7521699607&affcode=six7n""}"
cd50c4cb-6f03-41a3-bf2e-cb2d20601f46,LV wallet,Portfele,165.73,300.01,https://si.geilicdn.com/open1801180035-1234478995-34ce000001988981c1540a23b4de_800_800.jpg,,,,,Best,,,,0,false,false,true,false,,157,"{""Litbuy"":""https://litbuy.com/product/weidian/7523629474?linkSearch=true&inviteCode=PKMR"",""USFans"":""https://www.usfans.com/product/3/7523629474?ref=5FTXZW"",""Kakobuy"":""https://item.kakobuy.com/item/details?url=https%3A%2F%2Fweidian.com%2Fitem.html%3FitemID%3D7523629474&affcode=six7n""}"
c2b87c81-a004-404c-a8e0-8a83f99a1d2e,Balenciaga slippers,Klapki,75.68,137,https://si.geilicdn.com/open1801180035-1234478995-14d600000198784dd7810a23b491_725_627.jpg,,,,,Best,,"35, 36, 37, 38, 39, 40, 41, 42, 43, 44",,0,false,false,true,false,,158,"{""Litbuy"":""https://litbuy.com/product/weidian/7520060063?linkSearch=true&inviteCode=PKMR"",""USFans"":""https://www.usfans.com/product/3/7520060063?ref=5FTXZW"",""Kakobuy"":""https://item.kakobuy.com/item/details?url=https%3A%2F%2Fweidian.com%2Fitem.html%3FitemID%3D7520060063&affcode=six7n""}"
2ff6dac6-a9e5-449a-baa9-671c03ecb82d,Tees,Koszulki,7.73,13.99,https://img.alicdn.com/bao/uploaded/i3/2388244991/O1CN01NMWfUY1mjvjPBLKz6_!!2388244991.jpg,,,,,Best,,"S, M, X, XL, XXL, XXXL",,0,false,false,true,false,,159,"{""Litbuy"":""https://litbuy.com/product/1/5?linkSearch=true&inviteCode=PKMR"",""USFans"":""https://www.usfans.com/product/2/5-cU1uCAjrADQ1ZvijTRC31k3d-v-F8A87NXeGj62Ug0P7MK3wvPxQ?ref=5FTXZW"",""Kakobuy"":""https://item.kakobuy.com/item/details?url=https%3A%2F%2Fitem.taobao.com%2Fitem.htm%3Fid%3D5&affcode=six7n""}"
4d160cf5-25f2-4bf0-87a0-06cceffb8ac6,Stussy shorts,Spodenki,59.11,107,https://si.geilicdn.com/open1801180035-1234478995-3c9100000198c73cfda20a22d249-unadjust_640_640.png,,,,,best,,"M, L, XL, XXL",,0,false,false,true,false,,160,"{""Litbuy"":""https://litbuy.com/product/weidian/7530871826?linkSearch=true&inviteCode=PKMR"",""USFans"":""https://www.usfans.com/product/3/7530871826?ref=5FTXZW"",""Kakobuy"":""https://item.kakobuy.com/item/details?url=https%3A%2F%2Fweidian.com%2Fitem.html%3FitemID%3D7530871826&affcode=six7n""}"
303ab9ad-9e22-4a7e-a098-dae29a860eca,Nike x stussy jogers,Spodnie,92.25,166.99,https://si.geilicdn.com/wdseller1959200230-3ac00000019835d7dd440a210256_1080_1080.jpg,,,,,budget,,"S, M, L, XL",,0,false,false,false,false,,161,"{""Litbuy"":""https://litbuy.com/product/weidian/7571583493?linkSearch=true&inviteCode=PKMR"",""USFans"":""https://www.usfans.com/product/3/7571583493?ref=5FTXZW"",""Kakobuy"":""https://item.kakobuy.com/item/details?url=https%3A%2F%2Fweidian.com%2Fitem.html%3FitemID%3D7571583493&affcode=six7n""}"
186719a1-a5d4-42c6-a87f-6e3801dfd5e7,Nike x stussy,Bluzy,88.94,161,https://si.geilicdn.com/pcitem1959200230-61a100000197fc740dbf0a23037f_1080_1080.jpg,,,,,budget,,"S, M, L, XL",,0,false,false,false,false,,162,"{""Litbuy"":""https://litbuy.com/product/weidian/7571583493?linkSearch=true&inviteCode=PKMR"",""USFans"":""https://www.usfans.com/product/3/7571583493?ref=5FTXZW"",""Kakobuy"":""https://item.kakobuy.com/item/details?url=https%3A%2F%2Fweidian.com%2Fitem.html%3FitemID%3D7571583493&affcode=six7n""}"
05571a90-0408-4d56-9f2b-d1eb3990ec0f,Suvene joggers,Spodnie,34.8,63,https://si.geilicdn.com/open1801180035-1234478995-4bbc00000198b0c09d8c0aa0c791_800_1000.jpg,,,,,budget,,"S, M, L, XL, XXL, XXXL",,0,false,false,false,false,,163,"{""Litbuy"":""https://litbuy.com/product/weidian/7526807997?linkSearch=true&inviteCode=PKMR"",""USFans"":""https://weidian.com/item.html?itemID=7526807997"",""Kakobuy"":""https://item.kakobuy.com/item/details?url=https%3A%2F%2Fweidian.com%2Fitem.html%3FitemID%3D7526807997&affcode=six7n""}"
7333a93e-f838-4f7e-9248-64c2fffe1915,Chrome Hearts glasses,Akcesoria (ciuch),13.81,25,https://si.geilicdn.com/pcitem1788880988-262d00000193909530400a2304aa_1920_1920.jpg,,,,,budget,,,,0,false,false,false,false,,164,"{""Litbuy"":""https://litbuy.com/product/weidian/7543326745?linkSearch=true&inviteCode=PKMR"",""USFans"":""https://www.usfans.com/product/3/7543326745?ref=5FTXZW"",""Kakobuy"":""https://item.kakobuy.com/item/details?url=https%3A%2F%2Fweidian.com%2Fitem.html%3FitemID%3D7543326745&affcode=six7n""}"
9ebe4890-08fd-4c9d-a0c3-45a230496d13,Goyard cardholder,Akcesoria (nie ciuch),20.99,38,https://si.geilicdn.com/open1801180035-1234478995-4a470000019865ec23dd0a8115c2_800_800.jpg,,,,,budget,,,,0,false,false,false,false,,165,"{""Litbuy"":""https://litbuy.com/product/weidian/7520602406?linkSearch=true&inviteCode=PKMR"",""USFans"":""https://www.usfans.com/product/3/7520602406?ref=5FTXZW"",""Kakobuy"":""https://item.kakobuy.com/item/details?url=https%3A%2F%2Fweidian.com%2Fitem.html%3FitemID%3D7520602406&affcode=six7n""}"
16c4d379-7c60-4e8c-93cc-44fd7a256910,Under armour winterbraker,Kurtki,62.98,114.01,https://si.geilicdn.com/open1801180035-1234478995-61a600000198bb4c9cbd0aa043f9_1080_1080.jpg,,,,,best,,"M, L, XL, 3XL, 4XL",,0,false,false,true,false,,166,"{""Litbuy"":""https://litbuy.com/product/weidian/7529430688?linkSearch=true&inviteCode=PKMR"",""USFans"":""https://www.usfans.com/product/3/7529430688?ref=5FTXZW"",""Kakobuy"":""https://item.kakobuy.com/item/details?url=https%3A%2F%2Fweidian.com%2Fitem.html%3FitemID%3D7529430688&affcode=six7n""}"
f225f805-a17d-4707-8e3a-2252d30a20cc,Ralph tee,Koszulki,23.2,42,https://cbu01.alicdn.com/img/ibank/O1CN01XOquX8Y4wgE1chua_!!2222881899990-0-cib.jpg,"https://cbu01.alicdn.com/img/ibank/O1CN01XOquX8Y4wgE1chua_!!2222881899990-0-cib.jpg, https://cbu01.alicdn.com/img/ibank/O1CN01NVu6zElio2J1chua_!!2222881899990-0-cib.jpg, https://cbu01.alicdn.com/img/ibank/O1CN01Z1Oke9JSzjE1chua_!!2222881899990-0-cib.jpg, https://cbu01.alicdn.com/img/ibank/O1CN01uyOnEul7T0G1chua_!!2222881899990-0-cib.jpg, https://cbu01.alicdn.com/img/ibank/O1CN01Mf8QIblfy1J1chua_!!2222881899990-0-cib.jpg, https://cbu01.alicdn.com/img/ibank/O1CN01YECdCh3KobK1chua_!!2222881899990-0-cib.jpg",,,,Random,,"S, M, L, XL, XXL, XXXL",,0,false,false,false,false,,167,"{""Litbuy"":""https://litbuy.com/product/0/1072440946857?linkSearch=true&inviteCode=PKMR"",""USFans"":""https://www.usfans.com/product/1/1072440946857?ref=5FTXZW"",""Kakobuy"":""https://item.kakobuy.com/item/details?url=https%3A%2F%2Fdetail.1688.com%2Foffer%2F1072440946857.html&affcode=six7n""}"
6ca85ccc-be16-4cd8-83a4-fb4f629cc9ee,Gallery Dept tee,Koszulki,23.2,42,https://si.geilicdn.com/open1682354827-1682354827-450c0000019d2291e2af0a23b4de_1500_1500.jpg,,,,,budget,,"S, M, L, XL, XXL, XXXL",,0,false,false,false,false,,168,"{""Litbuy"":""https://litbuy.com/product/weidian/7738892199?linkSearch=true&inviteCode=PKMR"",""USFans"":""https://www.usfans.com/product/3/7738892199?ref=5FTXZW"",""Kakobuy"":""https://item.kakobuy.com/item/details?url=https%3A%2F%2Fweidian.com%2Fitem.html%3FitemID%3D7738892199&affcode=six7n""}"
7575d844-1a6f-407c-b82f-3fedbd888a5e,Nike tee,Koszulki,43.65,79.02,https://si.geilicdn.com/open1801180035-1234478995-19e700000198889f06ea0aa043f9_700_700.jpg,,,,,budget,,"M, L, XL, XXL",,0,false,false,false,false,,169,"{""Litbuy"":""https://litbuy.com/product/weidian/7523537802?linkSearch=true&inviteCode=PKMR"",""USFans"":""https://www.usfans.com/product/3/7523537802?ref=5FTXZW"",""Kakobuy"":""https://item.kakobuy.com/item/details?url=https%3A%2F%2Fweidian.com%2Fitem.html%3FitemID%3D7523537802&affcode=six7n""}"
e1090f84-3c37-4287-ac70-f67fad447946,Ralph tee (City),Koszulki,50.82,92,https://si.geilicdn.com/open1801180035-1234478995-4dac00000198889fee560a8115c2_1280_1919.jpg,,,,,budget,,"S, L, XL, 3XL",,0,false,false,false,false,,170,"{""Litbuy"":""https://litbuy.com/product/weidian/7521630431?linkSearch=true&inviteCode=PKMR"",""USFans"":""https://www.usfans.com/product/3/7521630431?ref=5FTXZW"",""Kakobuy"":""https://item.kakobuy.com/item/details?url=https%3A%2F%2Fweidian.com%2Fitem.html%3FitemID%3D7521630431&affcode=six7n""}"
666d135a-a8a7-4f2b-ab3c-be97b53f281d,Stussy tees,Koszulki,49.72,90,https://si.geilicdn.com/open1801180035-1234478995-4fca00000198889bfebc0aa0c791_800_800.jpg,,,,,budget,,"S, M, L, XL",,0,false,false,false,false,,171,"{""Litbuy"":""https://litbuy.com/product/weidian/7523613998?linkSearch=true&inviteCode=PKMR"",""USFans"":""https://www.usfans.com/product/3/7523613998?ref=5FTXZW"",""Kakobuy"":""https://item.kakobuy.com/item/details?url=https%3A%2F%2Fweidian.com%2Fitem.html%3FitemID%3D7523613998&affcode=six7n""}"
b70eb90f-2c95-423e-a987-8a103dc8329e,Bape tees,Koszulki,37.01,67,https://si.geilicdn.com/open1622517075-1622517075-2cf50000019dbd65ad740a231226_800_800.jpg,,,,,budget,,"S, M, L, XL, XXL",,0,false,false,false,false,,172,"{""Litbuy"":""https://litbuy.com/product/weidian/7763445362?linkSearch=true&inviteCode=PKMR"",""USFans"":""https://www.usfans.com/product/3/7763445362?ref=5FTXZW"",""Kakobuy"":""https://item.kakobuy.com/item/details?url=https%3A%2F%2Fweidian.com%2Fitem.html%3FitemID%3D7763445362&affcode=six7n""}"
efd6ce02-df16-4d83-9867-44658d2128c8,Bape  tees,Koszulki,24.86,45,https://si.geilicdn.com/open1637009347-1637009347-2f9a0000019daa55649d0aa08239_1000_1000.jpg,,,,,budget,,"S, M, L, XL, XXL",,0,false,false,false,false,,173,"{""Litbuy"":""https://litbuy.com/product/weidian/7769969528?linkSearch=true&inviteCode=PKMR"",""USFans"":""https://www.usfans.com/product/3/7769969528?ref=5FTXZW"",""Kakobuy"":""https://item.kakobuy.com/item/details?url=https%3A%2F%2Fweidian.com%2Fitem.html%3FitemID%3D7769969528&affcode=six7n""}"
2f70e0b7-9c4f-436e-b5eb-b5037d7cf25f,Supreme hoodies,Bluzy,126.5,228.99,https://si.geilicdn.com/pcitem901972474535-25f6000001990e8918a20a2102c5_1200_1200.jpg,,,,,Best budget,,"S, M, L, XL",,0,false,false,true,false,,174,"{""Litbuy"":""https://litbuy.com/product/weidian/7704417438?linkSearch=true&inviteCode=PKMR"",""USFans"":""https://www.usfans.com/product/3/7704417438?ref=5FTXZW"",""Kakobuy"":""https://item.kakobuy.com/item/details?url=https%3A%2F%2Fweidian.com%2Fitem.html%3FitemID%3D7704417438&affcode=six7n""}"
0ddffbf0-e595-473b-8c78-4720e8fbe3dc,Maison Margiela X Supreme,Bluzy,29.83,54,https://si.geilicdn.com/open1637009347-1637009347-36120000019cfae3c0350a231226_800_800.jpg,,,,,budget,,"S, M, L, XL, XXL, XXXL",,0,false,false,false,false,,175,"{""Litbuy"":""https://litbuy.com/product/weidian/7745179370?linkSearch=true&inviteCode=PKMR"",""USFans"":""https://www.usfans.com/product/3/7745179370?ref=5FTXZW"",""Kakobuy"":""https://item.kakobuy.com/item/details?url=https%3A%2F%2Fweidian.com%2Fitem.html%3FitemID%3D7745179370&affcode=six7n""}"
e2b508d3-5acc-408f-9b13-02ffa481f3ba,CDG PLAY ,Bluzy,66.29,120,https://cbu01.alicdn.com/img/ibank/O1CN01UrXKNV2Cofss6S0we_!!3837448521-0-cib.jpg,"https://cbu01.alicdn.com/img/ibank/O1CN01UrXKNV2Cofss6S0we_!!3837448521-0-cib.jpg, https://cbu01.alicdn.com/img/ibank/O1CN01ASQjqb2Cofq7rbsc7_!!3837448521-0-cib.jpg, https://cbu01.alicdn.com/img/ibank/11897488737_1646574665.jpg, https://cbu01.alicdn.com/img/ibank/11930051277_1646574665.jpg, https://cbu01.alicdn.com/img/ibank/11930030763_1646574665.jpg, https://cbu01.alicdn.com/img/ibank/11860944725_1646574665.jpg, https://cbu01.alicdn.com/img/ibank/O1CN01DAwe1a2CofseTbsXx_!!3837448521-0-cib.jpg, https://cbu01.alicdn.com/img/ibank/O1CN01TqhK5D2CofstCwpAT_!!3837448521-0-cib.jpg, https://cbu01.alicdn.com/img/ibank/O1CN01NJXk5I2CofslZ7nBS_!!3837448521-0-cib.jpg, https://cbu01.alicdn.com/img/ibank/O1CN01IXpqj22CofspuzYwV_!!3837448521-0-cib.jpg",,,,best,,"S, M, L, XL, XXL",,0,false,false,true,false,,176,"{""Litbuy"":""https://litbuy.com/product/0/574396054234?linkSearch=true&inviteCode=PKMR"",""USFans"":""https://www.usfans.com/product/1/574396054234?ref=5FTXZW"",""Kakobuy"":""https://item.kakobuy.com/item/details?url=https%3A%2F%2Fdetail.1688.com%2Foffer%2F574396054234.html&affcode=six7n""}"
49fc7a40-4771-433d-ae64-a778a2295776,Nike teech fleece,Bluzy,140.87,255,https://si.geilicdn.com/open1657421191-252808396-06120000019e11fe91770a23b4de-unadjust_700_653.png,"https://si.geilicdn.com/open1657421191-252808396-06120000019e11fe91770a23b4de-unadjust_700_653.png, https://si.geilicdn.com/open1657421191-252808396-075a0000019e11fe92290a23b491-unadjust_700_653.png, https://si.geilicdn.com/open1657421191-252808396-06160000019e11fe92360a23b4de-unadjust_372_506.png",,,,Best batch,,"XS, S, M, L, XL",,0,false,false,true,false,,177,"{""Litbuy"":""https://litbuy.com/product/weidian/7762462948?linkSearch=true&inviteCode=PKMR"",""USFans"":""https://www.usfans.com/product/3/7762462948?ref=5FTXZW"",""Kakobuy"":""https://item.kakobuy.com/item/details?url=https%3A%2F%2Fweidian.com%2Fitem.html%3FitemID%3D7762462948&affcode=six7n""}"
76b3c9df-0b39-45b0-9f8c-db2bbde33f81,Ralph hoodie,Bluzy,109.38,198,https://si.geilicdn.com/pcitem902033139622-55fc0000019bf554734a0a23038e_1280_1280.jpg,https://si.geilicdn.com/pcitem902033139622-55fc0000019bf554734a0a23038e_1280_1280.jpg,,,,Best budget,,"S, M, L, XL, XXL",,0,false,false,true,false,,178,"{""Litbuy"":""https://litbuy.com/product/weidian/7672280687?linkSearch=true&inviteCode=PKMR"",""USFans"":""https://www.usfans.com/product/3/7672280687?ref=5FTXZW"",""Kakobuy"":""https://item.kakobuy.com/item/details?url=https%3A%2F%2Fweidian.com%2Fitem.html%3FitemID%3D7672280687&affcode=six7n""}"
5b4ec5b2-5aeb-4160-beec-46cc8ea33301,Kurtki ralph,Kurtki,240.3,434.99,https://si.geilicdn.com/pcitem902033139622-1a3a0000019bf2b03d130a2102c5_1263_1263.jpg,https://si.geilicdn.com/pcitem902033139622-1a3a0000019bf2b03d130a2102c5_1263_1263.jpg,,,,Best budget,,"S, M, L, XL",,0,false,false,true,false,,179,"{""Litbuy"":""https://litbuy.com/product/weidian/7674789148?linkSearch=true&inviteCode=PKMR"",""USFans"":""https://www.usfans.com/product/3/7674789148?ref=5FTXZW"",""Kakobuy"":""https://item.kakobuy.com/item/details?url=https%3A%2F%2Fweidian.com%2Fitem.html%3FitemID%3D7674789148&affcode=six7n""}"
b19e72b0-bcc4-4fd5-96a1-b82d75824794,Sweter Ralph,Bluzy,197.77,358.01,https://si.geilicdn.com/pcitem902033139622-4d890000019bf30195350a2396f4_400_400.jpg,https://si.geilicdn.com/pcitem902033139622-4d890000019bf30195350a2396f4_400_400.jpg,,,,Best buget,,"S, M, L, XL, XXL",,0,false,false,true,false,,180,"{""Litbuy"":""https://litbuy.com/product/weidian/7671847007?linkSearch=true&inviteCode=PKMR"",""USFans"":""https://weidian.com/item.html?itemID=7671847007"",""Kakobuy"":""https://item.kakobuy.com/item/details?url=https%3A%2F%2Fweidian.com%2Fitem.html%3FitemID%3D7671847007&affcode=six7n"",""Kakaobuy"":""https://weidian.com/item.html?itemID=7671847007""}"
dc9b8d72-6866-4067-9ed0-f954bfa2196f,Ralph hoodie ,Bluzy,98.88,178.99,https://si.geilicdn.com/pcitem902033139622-388c0000019bf52917690a207569_1926_1926.jpg,,,,,Best budget,,"S, M, L, XL, XXL",,0,false,false,true,false,,181,"{""Litbuy"":""https://litbuy.com/product/weidian/7672282501?linkSearch=true&inviteCode=PKMR"",""USFans"":""https://www.usfans.com/product/3/7672282501?ref=5FTXZW"",""Kakobuy"":""https://item.kakobuy.com/item/details?url=https%3A%2F%2Fweidian.com%2Fitem.html%3FitemID%3D7672282501&affcode=six7n""}"
11c2d286-e1c3-4b3a-9ffd-0307db721dcc,Spodenki ralph,Spodnie,70.71,128,https://si.geilicdn.com/pcitem902055253644-17bc0000019e9ca4a4c30a230115-unadjust_1206_1378.png,,,,,Best budget,,"S, M, L, XL",,0,false,false,true,false,,182,"{""Litbuy"":""https://litbuy.com/product/weidian/7777250550?linkSearch=true&inviteCode=PKMR"",""USFans"":""https://www.usfans.com/product/3/7777250550?ref=5FTXZW"",""Kakobuy"":""https://item.kakobuy.com/item/details?url=https%3A%2F%2Fweidian.com%2Fitem.html%3FitemID%3D7777250550&affcode=six7n""}"
96b4844b-b736-491a-9082-dc989a46c971,Ralpgh joggers,Spodnie,54.69,99,https://si.geilicdn.com/open1801180035-1234478995-69f200000198885d57110a22d249_1920_1920.jpg,https://si.geilicdn.com/open1801180035-1234478995-7d0600000198885d8a160aa0c791_1920_1920.jpg,,,,budget,,"S, M, L, XL, XXL",,0,false,false,false,false,,183,"{""Litbuy"":""https://litbuy.com/product/weidian/7521653597?linkSearch=true&inviteCode=PKMR"",""USFans"":""https://www.usfans.com/product/3/7521653597?ref=5FTXZW"",""Kakobuy"":""https://item.kakobuy.com/item/details?url=https%3A%2F%2Fweidian.com%2Fitem.html%3FitemID%3D7521653597&affcode=six7n""}"
f34b48a9-c7d7-4395-a70d-8e5c61f5b3ae,Ralph,Bluzy,54.14,98,https://si.geilicdn.com/open1801180035-1234478995-31ab00000198885d49dc0aa043f9_800_800.jpg,,,,,budget,,"S, M, L, XL, XXL",,0,false,false,false,false,,184,"{""Litbuy"":""https://litbuy.com/product/weidian/7521653597?linkSearch=true&inviteCode=PKMR"",""USFans"":""https://www.usfans.com/product/3/7521653597?ref=5FTXZW"",""Kakobuy"":""https://item.kakobuy.com/item/details?url=https%3A%2F%2Fweidian.com%2Fitem.html%3FitemID%3D7521653597&affcode=six7n""}"
556a9de9-b12f-4026-8892-2298bbb39394,Ralph,Koszulki,92.81,168.01,https://si.geilicdn.com/pcitem1950661279-3ae10000019d8aff401c0a239846_600_752.jpg,,,,,Best,,"XS, S, M, L, XL",,0,false,false,true,false,,185,"{""Litbuy"":""https://litbuy.com/product/weidian/7734636153?linkSearch=true&inviteCode=PKMR"",""USFans"":""https://www.usfans.com/product/3/7734636153?ref=5FTXZW"",""Kakobuy"":""https://item.kakobuy.com/item/details?url=https%3A%2F%2Fweidian.com%2Fitem.html%3FitemID%3D7734636153&affcode=six7n""}"
6da8d32d-4cda-4ae5-85dc-5d698d1072c8,Corteiz Puffers,Kurtki,87.84,159.01,https://si.geilicdn.com/wdseller2014771294-5d240000019f212a05c20a2315ef_1320_1320.jpg,,,,,Best batch,GOAT,"S, M, L, XL, XXL",,0,false,false,true,false,,186,"{""Litbuy"":""https://litbuy.com/product/weidian/7653821169?linkSearch=true&inviteCode=PKMR"",""USFans"":""https://www.usfans.com/product/3/7653821169?ref=5FTXZW"",""Kakobuy"":""https://item.kakobuy.com/item/details?url=https%3A%2F%2Fweidian.com%2Fitem.html%3FitemID%3D7653821169&affcode=six7n""}"
b087effa-5982-4df6-a8a9-8f4c3589960a,Ralph jacket,Kurtki,247.48,447.99,https://img.alicdn.com/bao/uploaded/i3/2942535398/O1CN01ZKygM01pkKxTM73Ct_!!2942535398.jpg,,,,,budget,,X Cm,,0,false,false,false,false,,187,"{""USFans"":""https://www.usfans.com/product/2/-M-dJSP3yV2odnOEsQxvZKzQcSl5gXAH3izEOXUU7MqowL0QV1yVnw?ref=5FTXZW""}"
6225b1ea-bf63-4f47-ba96-b003b5baa13b,Carhartt jacket,Kurtki,132.03,239,https://si.geilicdn.com/pcitem1378088195-2ed400000192a91deb9b0a2102c5_1080_1080.jpg,,,,,budget,,"M, L, XL, XXL",,0,false,false,false,false,,188,"{""Litbuy"":""https://litbuy.com/product/weidian/7289603809?linkSearch=true&inviteCode=PKMR"",""USFans"":""https://www.usfans.com/product/3/7289603809?ref=5FTXZW"",""Kakobuy"":""https://item.kakobuy.com/item/details?url=https%3A%2F%2Fweidian.com%2Fitem.html%3FitemID%3D7289603809&affcode=six7n""}"
047020a9-65b1-4e22-9098-63030089acf4,Corteiz Puffers,Kurtki,115.46,209.01,https://si.geilicdn.com/wdseller2014771294-52070000019f3b6eb3510a23057e_1320_1320.jpg,,,,,Best batch,GOAT,"S, M, L, XL, XXL",,0,false,false,true,false,,189,"{""Litbuy"":""https://litbuy.com/product/weidian/7653852813?linkSearch=true&inviteCode=PKMR"",""USFans"":""https://www.usfans.com/product/3/7653852813?ref=5FTXZW"",""Kakobuy"":""https://item.kakobuy.com/item/details?url=https%3A%2F%2Fweidian.com%2Fitem.html%3FitemID%3D7653852813&affcode=six7n""}"
9754ee8b-3be7-4119-9e92-b32844d10b88,Corteiz Puffers,Kurtki,309.36,560.01,https://si.geilicdn.com/wdseller2014771294-76350000019f35ee9f7f0a23111a_1320_1320.jpg,,,,,Best batch,GOAT,"S, M, L, XL, XXL",,0,false,false,true,false,,190,"{""Litbuy"":""https://litbuy.com/product/weidian/7656805164?linkSearch=true&inviteCode=PKMR"",""USFans"":""https://www.usfans.com/product/3/7656805164?ref=5FTXZW"",""Kakobuy"":""https://item.kakobuy.com/item/details?url=https%3A%2F%2Fweidian.com%2Fitem.html%3FitemID%3D7656805164&affcode=six7n""}"
2fbda3cf-4d38-4b09-b79a-04a91a84d92d,Corteiz Puffers,Kurtki,49.17,89.01,https://si.geilicdn.com/wdseller2014771294-2fdf0000019f2bdb997e0a23057e_1320_1320.jpg,https://si.geilicdn.com/wdseller2014771294-2fdf0000019f2bdb997e0a23057e_1320_1320.jpg,,,,Best batch,GOAT,"XS, S, M, L, XL, XXL",,0,false,false,true,false,,191,"{""Litbuy"":""https://litbuy.com/product/weidian/7653829145?linkSearch=true&inviteCode=PKMR"",""USFans"":""https://www.usfans.com/product/3/7653829145?ref=5FTXZW"",""Kakobuy"":""https://item.kakobuy.com/item/details?url=https%3A%2F%2Fweidian.com%2Fitem.html%3FitemID%3D7653829145&affcode=six7n""}"
9a3ec96a-4bec-42e1-84f4-ad4a71c5184d,Nike jacket,Kurtki,259.09,469.01,https://si.geilicdn.com/pcitem1810691551-1d2800000193639d4daf0a231316_1170_1186.jpg,,,,,Best budget,,"M, L, XL, XXL",,0,false,false,true,false,,192,"{""Litbuy"":""https://litbuy.com/product/weidian/7448851297?linkSearch=true&inviteCode=PKMR"",""USFans"":""https://www.usfans.com/product/3/7448851297?ref=5FTXZW"",""Kakobuy"":""https://item.kakobuy.com/item/details?url=https%3A%2F%2Fweidian.com%2Fitem.html%3FitemID%3D7448851297&affcode=six7n""}"
c34b4b6a-1355-44c1-b119-43967fa555b2,Nike jacket,Kurtki,114.9,207.99,/api/public/product-image?path=products/1786902047550-o2w0qn00o6.webp,,,,,budget,,"M, L, XL, 2XL",,0,false,false,false,false,,193,"{""Litbuy"":""https://litbuy.com/product/1/662441157240?linkSearch=true&inviteCode=PKMR"",""USFans"":""https://item.taobao.com/item.htm?id=662441157240"",""Kakobuy"":""https://item.kakobuy.com/item/details?url=https%3A%2F%2Fitem.taobao.com%2Fitem.htm%3Fid%3D662441157240&affcode=six7n""}"
2484735a-9b9e-482f-9ce1-f91e4ece35eb,Ralph jacket,Kurtki,144.18,261,https://si.geilicdn.com/open1624782517-1624782517-3237000001992481097f0a22d249_1080_1080.jpg,"https://si.geilicdn.com/open1624782517-1624782517-3237000001992481097f0a22d249_1080_1080.jpg, https://si.geilicdn.com/open1624782517-1624782517-716600000199248124690aa043f9_1080_1080.jpg, https://si.geilicdn.com/open1624782517-1624782517-2d250000019924812b020a23b491_1080_1080.jpg, https://si.geilicdn.com/open1624782517-1624782517-2af200000199248130d30a8115c2_1080_1080.jpg, https://si.geilicdn.com/open1624782517-1624782517-2c43000001992481112f0a8133b0_1080_1080.jpg, https://si.geilicdn.com/open1624782517-1624782517-313600000199248117da0a231226_1080_1080.jpg, https://si.geilicdn.com/open1624782517-1624782517-45750000019924811ddc0aa0c791_1080_1080.jpg",,,,budget,,"S, M, L, XL",,0,false,false,false,false,,194,"{""Litbuy"":""https://litbuy.com/product/weidian/7584400763?linkSearch=true&inviteCode=PKMR"",""USFans"":""https://www.usfans.com/product/3/7584400763?ref=5FTXZW"",""Kakobuy"":""https://item.kakobuy.com/item/details?url=https%3A%2F%2Fweidian.com%2Fitem.html%3FitemID%3D7584400763&affcode=six7n""}"
bf15bf99-f654-4f5c-98d2-34ff28c9b244,TNF jacket,Kurtki,93.36,169,/api/public/product-image?path=products/1786901661060-yc90nqvr0q.webp,,,,,budget,,"XS, S, M, L, XL, XXL",,0,false,false,false,false,,195,"{""Litbuy"":""https://litbuy.com/product/weidian/7315082013?linkSearch=true&inviteCode=PKMR"",""USFans"":""https://weidian.com/item.html?itemID=7315082013"",""Kakobuy"":""https://item.kakobuy.com/item/details?url=https%3A%2F%2Fweidian.com%2Fitem.html%3FitemID%3D7315082013&affcode=six7n"",""Kakaobuy"":""https://weidian.com/item.html?itemID=7315082013""}"
4628e495-ceaa-404c-857e-2022d4df72e5,Palace Puffers,Kurtki,162.96,294.99,https://si.geilicdn.com/open1693116061-1234478995-6d9f000001998ac20b460a22d249_475_475.jpg,"https://si.geilicdn.com/open1693116061-1234478995-68f4000001998ac20d850a23b4de_477_477.jpg, https://si.geilicdn.com/open1693116061-1234478995-6d9f000001998ac20b460a22d249_475_475.jpg, https://si.geilicdn.com/open1693116061-1234478995-665f000001998ac20f720a8115c2_810_810.jpg, https://si.geilicdn.com/open1693116061-1234478995-68f7000001998ac211b80a23b491_900_900.jpg, https://si.geilicdn.com/open1693116061-1234478995-2aec000001998ac214340aa043f9_475_475.jpg, https://si.geilicdn.com/open1693116061-1234478995-52f3000001998ac2163a0aa0229a_1080_1080.jpg, https://si.geilicdn.com/open1693116061-1234478995-6d64000001998ac2190d0a231226_425_425.jpg",,,,budget,,"S, M, L, XL",,0,false,false,false,false,,196,"{""Litbuy"":""https://litbuy.com/product/weidian/7559527943?linkSearch=true&inviteCode=PKMR"",""USFans"":""https://www.usfans.com/product/3/7559527943?ref=5FTXZW"",""Kakobuy"":""https://item.kakobuy.com/item/details?url=https%3A%2F%2Fweidian.com%2Fitem.html%3FitemID%3D7559527943&affcode=six7n""}"
361c4641-9274-4695-94f6-94f513559ab9,TNF Puffers,Kurtki,160.2,290,https://si.geilicdn.com/pcitem901805158979-1ea10000019062d998160a239646_1080_1080.jpg,"https://si.geilicdn.com/pcitem901805158979-1ea10000019062d998160a239646_1080_1080.jpg, https://si.geilicdn.com/pcitem1425026222-071d00000199e4a0805c0a2103bd_1440_1440.jpg, https://si.geilicdn.com/pcitem1425026222-336800000199e4a077a00a811411_1440_1440.jpg, https://si.geilicdn.com/pcitem1425026222-15660000019053d0e3980a811411_1080_1080.jpg, https://si.geilicdn.com/pcitem1425026222-2e440000019053d0b7010a210256_1080_1080.jpg, https://si.geilicdn.com/pcitem1425026222-32110000019053e765e30a2315ef_1080_1080.jpg, https://si.geilicdn.com/pcitem901805158979-2ec8000001905924f5db0a2102c5_1080_1080.jpg, https://si.geilicdn.com/pcitem1425026222-3ec000000199e4a07d640a20e2c5_1440_1440.jpg, https://si.geilicdn.com/pcitem1425026222-2da10000019053cedab30a23037f_1080_1080.jpg, https://si.geilicdn.com/pcitem1425026222-427600000199e4a07aa00a2304aa_1440_1440.jpg, https://si.geilicdn.com/pcitem1425026222-2b890000019053d11f0e0a2396f4_1080_1080.jpg, https://si.geilicdn.com/pcitem1425026222-28870000019053e56f240a8133cc_1080_1080.jpg, https://si.geilicdn.com/pcitem1425026222-1b1800000190a664c27e0a239846_1080_1080.jpg, https://si.geilicdn.com/pcitem1425026222-2ff40000019053d2c3a40a20e284_1080_1080.jpg, https://si.geilicdn.com/pcitem901805158979-2e42000001905923ba470a20e2c5_1080_1080.jpg, https://si.geilicdn.com/pcitem901805158979-29dc00000190590fc7e10a20e273_1280_1280.jpg, https://si.geilicdn.com/pcitem901805158979-2eb70000019059271ef30a20e2c5_1080_1080.jpg, https://si.geilicdn.com/pcitem901805158979-2e9d0000019059264dbb0a20e2c5_1080_1080.jpg, https://si.geilicdn.com/pcitem1425026222-3bb9000001926e1da8690a239846_308_307.jpg, https://si.geilicdn.com/pcitem1425026222-7b0d000001926e1a13250a231316_452_424.jpg",,,,Best batch,,"XS, S, M, L, XL, XXL, XXXL",,0,false,false,true,false,,197,"{""Litbuy"":""https://litbuy.com/product/weidian/7617186136?linkSearch=true&inviteCode=PKMR"",""USFans"":""https://www.usfans.com/product/3/7617186136?ref=5FTXZW"",""Kakobuy"":""https://item.kakobuy.com/item/details?url=https%3A%2F%2Fweidian.com%2Fitem.html%3FitemID%3D7617186136&affcode=six7n""}"
ea7a212a-8728-46af-b3dc-cf69e5d411f7,CP Company puffers,Kurtki,0,0,https://si.geilicdn.com/pcitem2054520465-74ef0000019d34be93170a811411-unadjust_872_762.png,"https://si.geilicdn.com/pcitem2054520465-7c0c0000019d34be920e0a2304aa-unadjust_944_867.png, https://si.geilicdn.com/pcitem2054520465-74ef0000019d34be93170a811411-unadjust_872_762.png, https://si.geilicdn.com/pcitem2054520465-76b70000019d34be94570a231316-unadjust_945_861.png, https://si.geilicdn.com/pcitem2054520465-06cb0000019d34be957b0a231177-unadjust_944_904.png, https://si.geilicdn.com/wdseller902054817780-000f0000019d549e688f0a207569_1206_1207.jpg",,,,Best,,"S, M, L, XL",,0,false,false,true,false,,198,"{""Litbuy"":""https://litbuy.com/product/weidian/7719828849?linkSearch=true&inviteCode=PKMR"",""USFans"":""https://www.usfans.com/product/3/7719828849?ref=5FTXZW"",""Kakobuy"":""https://item.kakobuy.com/item/details?url=https%3A%2F%2Fweidian.com%2Fitem.html%3FitemID%3D7719828849&affcode=six7n""}"
6b4a6896-0e6f-4466-a4cf-1a0a993fdf87,Mertra,Kurtki,209.92,380,https://si.geilicdn.com/wdseller2073272636-48990000019f9ce8f6ad0a2303ee_1320_1320.jpg,"https://si.geilicdn.com/wdseller2073272636-48990000019f9ce8f6ad0a2303ee_1320_1320.jpg, https://si.geilicdn.com/wdseller2073272636-0a620000019f9cea72f00a23c286_2560_2560.jpg",,,,Best batch,,"S, M, L, XL",,0,false,false,true,false,,199,"{""Litbuy"":""https://litbuy.com/product/weidian/7812933173?linkSearch=true&inviteCode=PKMR"",""USFans"":""https://weidian.com/item.html?itemID=7812933173"",""Kakobuy"":""https://item.kakobuy.com/item/details?url=https%3A%2F%2Fweidian.com%2Fitem.html%3FitemID%3D7812933173&affcode=six7n""}"
399a3952-d14c-45f0-96ee-95aa69e7463d,Palace,Kurtki,209.92,380,/api/public/product-image?path=products/1786900755197-ljp0kk2w48g.jpeg,,,,,Best,,"S, M, L",,0,false,false,true,false,,200,"{""Litbuy"":""https://litbuy.com/product/1/7?linkSearch=true&inviteCode=PKMR"",""USFans"":""https://www.usfans.com/product/2/7AAcra0R_rl8aQv1U2s-4XPzmdQs06bYwRCQ2XzLXiGSRwTqobzRxyE?ref=5FTXZW"",""Kakobuy"":""https://item.kakobuy.com/item/details?url=https%3A%2F%2Fitem.taobao.com%2Fitem.htm%3Fid%3D7&affcode=six7n""}"
952d4b00-5106-484d-87e0-ca60abca4760,Nike Tech fleece x syna,Bluzy,99.44,180.01,https://cbu01.alicdn.com/img/ibank/O1CN01pcgNZb1xX4TmXncwo_!!2219121736452-0-cib.jpg,"https://cbu01.alicdn.com/img/ibank/O1CN01pcgNZb1xX4TmXncwo_!!2219121736452-0-cib.jpg, https://cbu01.alicdn.com/img/ibank/O1CN01MO51lj1xX4Tnob1Ck_!!2219121736452-0-cib.jpg, https://cbu01.alicdn.com/img/ibank/O1CN01LOoOVe1xX4TnZSo7h_!!2219121736452-0-cib.jpg, https://cbu01.alicdn.com/img/ibank/O1CN010jTx1l1xX4TnGo1BP_!!2219121736452-0-cib.jpg, https://cbu01.alicdn.com/img/ibank/O1CN01zrYb1V1xX4TnGoHmX_!!2219121736452-0-cib.jpg, https://cbu01.alicdn.com/img/ibank/O1CN015JDlgb1xX4Tnp4tg2_!!2219121736452-0-cib.jpg",,,,budget,,"S, M, L, XL, XXL",,0,false,false,false,false,,201,"{""Litbuy"":""https://litbuy.com/product/0/936502143305?linkSearch=true&inviteCode=PKMR"",""USFans"":""https://www.usfans.com/product/1/936502143305?ref=5FTXZW"",""Kakobuy"":""https://item.kakobuy.com/item/details?url=https%3A%2F%2Fdetail.1688.com%2Foffer%2F936502143305.html&affcode=six7n""}"
d024611d-c7ba-4f09-a0df-95e7c802e37b,Stussy ,Kurtki,243.07,440.01,/api/public/product-image?path=products/1786899742409-s84et34kh7q.jpeg,,,,,Best,,"S, M, L, XL",,0,false,true,true,false,,202,"{""USFans"":""https://www.usfans.com/product/2/IcCZA8I9sByIT6laq8ike2RXCm2foE_-rTj_wZ1sFUyzy17eF0_sua4?ref=5FTXZW""}"
2486d547-f3ea-48fa-8232-38193747d6e3,Moncler Spider,Kurtki,165.73,300.01,https://img.alicdn.com/bao/uploaded/i1/2222207855883/O1CN01qWYEly1tKTBlPFSWA_!!2222207855883.jpg,,,,,Best batch,,"XS, S, M, L, XL",,0,false,false,true,false,,203,"{""USFans"":""https://www.usfans.com/product/2/RU5qnM2rQ7wwa3eOmwsWaYsnGdDycOPOV2eChYi5zgTI6C07c6rxUnE?ref=5FTXZW""}"
7f15fc7a-c8ed-4fa2-bbc4-2f5a7e6c1bd8,Moncler Maya,Kurtki,281.73,509.99,https://si.geilicdn.com/pcitem901940024420-2ede000001994bec4a3d0a8134f0_1440_1920.jpg,"https://si.geilicdn.com/pcitem901940024420-2ede000001994bec4a3d0a8134f0_1440_1920.jpg, https://si.geilicdn.com/pcitem901940024420-2e6a000001994bec4fc20a23047e_1440_1920.jpg, https://si.geilicdn.com/pcitem901940024420-2f5a000001994bec56640a207569_1512_2016.jpg, https://si.geilicdn.com/pcitem901940024420-2f26000001994bec5bd60a230115_1440_1920.jpg, https://si.geilicdn.com/pcitem901940024420-37c6000001994bec610f0a81347d_1440_1920.jpg, https://si.geilicdn.com/pcitem901940024420-30f1000001994bec67320a2396f4_1512_2016.jpg, https://si.geilicdn.com/pcitem901940024420-313e000001994bec708b0a231177_1440_1920.jpg, https://si.geilicdn.com/pcitem901940024420-043c000001994bec787c0a210139_1080_810.jpg, https://si.geilicdn.com/pcitem901940024420-3aa1000001994bec6c000a20e672_1080_810.jpg, https://si.geilicdn.com/pcitem901940024420-2fce000001994bec74e30a239646_1080_810.jpg, https://si.geilicdn.com/pcitem901940024420-307c000001994bef56860a239646_1440_1920.jpg, https://si.geilicdn.com/pcitem901940024420-0cdc000001994bef7c2c0a20e2c5_1512_2016.jpg, https://si.geilicdn.com/pcitem901940024420-7a0d000001994befa3d20a21146b_1440_1920.jpg",,,,budget,,"S, M, L, XL, XXL",,0,false,false,false,false,,204,"{""Litbuy"":""https://litbuy.com/product/weidian/7553178784?linkSearch=true&inviteCode=PKMR"",""USFans"":""https://www.usfans.com/product/3/7553178784?ref=5FTXZW"",""Kakobuy"":""https://item.kakobuy.com/item/details?url=https%3A%2F%2Fweidian.com%2Fitem.html%3FitemID%3D7553178784&affcode=six7n""}"
87714b8b-7b55-4389-b61f-d81d76f59e83,Moncler Montbeliard,Kurtki,253.56,459,https://si.geilicdn.com/pcitem901940024420-600c000001994c7efc870a230115_960_960.jpg,"https://si.geilicdn.com/pcitem901940024420-600c000001994c7efc870a230115_960_960.jpg, https://si.geilicdn.com/pcitem901940024420-6b76000001994c7f008c0a20e672_960_960.jpg, https://si.geilicdn.com/pcitem901940024420-61f4000001994c7ef9110a2396f4_960_1280.jpg, https://si.geilicdn.com/pcitem901940024420-6660000001994c7f04450a23041a_960_960.jpg, https://si.geilicdn.com/pcitem901940024420-61ca000001994c7ef5400a20e7c7_960_1280.jpg",,,,budget,,"S, M, L, XL, XXL",,0,false,false,false,false,,205,"{""Litbuy"":""https://litbuy.com/product/weidian/19947221489731366685737?linkSearch=true&inviteCode=PKMR"",""USFans"":""https://www.usfans.com/product/3/19947221489731366685737?ref=5FTXZW"",""Kakobuy"":""https://item.kakobuy.com/item/details?url=https%3A%2F%2Fweidian.com%2Fitem.html%3FitemID%3D19947221489731366685737&affcode=six7n""}"
c8926f41-2895-43cf-9e07-e08c7d1cf6ec,Moncler,Kurtki,685,1240,/api/public/product-image?path=products/1786898695256-pqj8o6z6vci.jpg,,,,,Best batch,,"XS, S, M, L, XL, XXL",,0,false,false,true,false,,206,"{""USFans"":""https://www.usfans.com/product/2/mdxJIIICz-ND8oesObY7AHmMy6943QTnxbmN0Qkj-SlsKl2oGAUbOw?ref=5FTXZW""}"
1e169649-9478-4f2b-805a-4dad9e98b98e,Kobe 6,Buty,187.82,339.99,https://si.geilicdn.com/wdseller1845163825-308d0000018f552a108e0a2304aa_1170_1170.jpg,"https://si.geilicdn.com/wdseller1845163825-308d0000018f552a108e0a2304aa_1170_1170.jpg, https://si.geilicdn.com/wdseller1845163825-57cb0000018f15731ca80a2301b4_1080_1080.jpg, https://si.geilicdn.com/wdseller1845163825-585e0000018f1572faec0a20e2c5_1074_1074.jpg, https://si.geilicdn.com/open1850717273-1234478995-391d0000018f155044560a239631_1080_1080.jpg, https://si.geilicdn.com/open1850717273-1234478995-43dc0000018f15500aca0aa0233d_1080_1080.jpg, https://si.geilicdn.com/open1850717273-1234478995-45660000018f154ff88b0a8133b5_1080_1080.jpg, https://si.geilicdn.com/open1850717273-1234478995-31c20000018f154f75eb0a232357_1080_1080.jpg, https://si.geilicdn.com/open1850717273-1234478995-49220000018f154e62df0a239383_1080_1080.jpg, https://si.geilicdn.com/open1850717273-1234478995-3f4c0000018f154e949f0aa0233d_800_800.jpg, https://si.geilicdn.com/open1850717273-1234478995-53e70000018f154e70080a210298_1080_1080.jpg, https://si.geilicdn.com/open1850717273-1234478995-49a60000018f154ea7970a239383_1080_1080.jpg, https://si.geilicdn.com/open1850717273-1234478995-42440000018f154ef6620a8133b5_2560_2560.jpg, https://si.geilicdn.com/open1850717273-1234478995-4c7a0000018f154f8f150a239383_1080_1080.jpg, https://si.geilicdn.com/open1850717273-1234478995-76960000018f154e48d60a210559_800_800.jpg, https://si.geilicdn.com/open1850717273-1234478995-53c10000018f154e31a50a210298_2560_2560.jpg, https://si.geilicdn.com/open1850717273-1234478995-48ec0000018f154de33e0a239383_1080_1080.jpg, https://si.geilicdn.com/pcitem1845163825-579700000198f80aa2bd0a2103bd_1440_1440.jpg, https://si.geilicdn.com/open1850717273-1234478995-3ecc0000018f154dec740aa0233d_800_800.jpg, https://si.geilicdn.com/open1850717273-1234478995-58dd0000018f1550183c0a210298_1080_1080.jpg, https://si.geilicdn.com/open1850717273-1234478995-42920000018f154f9e130aa0233d_1080_1080.jpg",,,,Best budget,S2,"40, 40.5, 41, 42, 42.5, 43, 44, 44.5, 45, 46, 47.5, 48.5",,0,false,false,true,false,,207,"{""Litbuy"":""https://litbuy.com/product/weidian/7809971073?linkSearch=true&inviteCode=PKMR"",""USFans"":""https://www.usfans.com/product/3/7809971073?ref=5FTXZW"",""Kakobuy"":""https://item.kakobuy.com/item/details?url=https%3A%2F%2Fweidian.com%2Fitem.html%3FitemID%3D7809971073&affcode=six7n""}"
1afaa0db-74da-47ae-85e5-b27472d44fea,RICK OWENS,Buty,306.54,554.9,https://si.geilicdn.com/open1268847658-1234478995-509a000001898d9e69790a230227_1080_1080.jpg,"https://si.geilicdn.com/open1268847658-1234478995-509a000001898d9e69790a230227_1080_1080.jpg, https://si.geilicdn.com/open1268847658-1234478995-2799000001898d9e70250a23028d_1080_1080.jpg, https://si.geilicdn.com/open1268847658-1234478995-27b5000001898d9e78c80a23028d_1080_1080.jpg, https://si.geilicdn.com/open1268847658-1234478995-346c000001898d9e84e40a8115b5_1080_1080.jpg, https://si.geilicdn.com/open1268847658-1234478995-512a000001898d9e8ede0a230227_1080_1080.jpg, https://si.geilicdn.com/open1268847658-1234478995-5151000001898d9e96000a230227_1080_1080.jpg, https://si.geilicdn.com/open1268847658-1234478995-517e000001898d9ea3200a230227_1080_1080.jpg, https://si.geilicdn.com/open1268847658-1234478995-34fc000001898d9ea9370a8115b5_1080_1080.jpg, https://si.geilicdn.com/open1268847658-1234478995-2887000001898d9eafa10a23028d_1080_1080.jpg, https://si.geilicdn.com/open1268847658-1234478995-3fb8000001898d9eb4f50a230331_1080_1080.jpg, https://si.geilicdn.com/open1268847658-1234478995-69e3000001898d9ebf270a22d595_1080_1080.jpg, https://si.geilicdn.com/open1268847658-1234478995-356a000001898d9ec4530a8115b5_1080_1080.jpg, https://si.geilicdn.com/open1268847658-1234478995-6a10000001898d9ecbfd0a22d595_1080_1080.jpg, https://si.geilicdn.com/open1268847658-1234478995-6a29000001898d9ed23f0a22d595_1080_1080.jpg, https://si.geilicdn.com/open1268847658-1234478995-35c0000001898d9ed8410a8115b5_1170_1176.jpg, https://si.geilicdn.com/weidian1268847658-432e0000018bba0d01e20a231179_1080_1080.jpg, https://si.geilicdn.com/wdseller1268847658-56e40000019391be5bad0a230115_1290_1290.jpg, https://si.geilicdn.com/weidian1268847658-458f0000018bba1890de0a231273_1080_1080.jpg, https://si.geilicdn.com/wdseller1268847658-12be00000199dd565b290a22d58f_2560_2560.jpg, https://si.geilicdn.com/weidian1268847658-3a460000018c111902430a20e284_1080_1080.jpg",,,,Best batch,Guangzhou (GZ),"35, 36, 37, 38, 39, 40, 41, 42, 43, 44, 45, 46",,0,false,false,true,false,,208,"{""Litbuy"":""https://litbuy.com/product/weidian/6502982488?linkSearch=true&inviteCode=PKMR"",""USFans"":""https://www.usfans.com/product/3/6502982488?ref=5FTXZW"",""Kakobuy"":""https://item.kakobuy.com/item/details?url=https%3A%2F%2Fweidian.com%2Fitem.html%3FitemID%3D6502982488&affcode=six7n""}"
7f75df04-618a-4aa3-a7c3-f0651505408a,Balenciaga Runner 7.0 LED,Buty,281.73,509.99,https://si.geilicdn.com/pcitem902012418622-19290000019d745ab9a50a81347d_1440_1440.jpg,"https://si.geilicdn.com/wdseller1845163825-30b400000198af9f12df0a240147_1179_1179.jpg, https://si.geilicdn.com/pcitem901870080011-148900000198afbf8a590a23041a_1440_1440.jpg, https://si.geilicdn.com/pcitem1845163825-7fd000000198b1d938c80a21146b_1440_1440.jpg, https://si.geilicdn.com/pcitem901870080011-704300000198afcc61290a2304aa_1440_1440.jpg, https://si.geilicdn.com/pcitem1845163825-3a5200000198b1d991960a20e672_1440_1440.jpg, https://si.geilicdn.com/pcitem901870080011-04cb00000198afa9c8f30a23041a_1440_1440.jpg, https://si.geilicdn.com/pcitem901870080011-5a2a00000198afb1f5f30a231316_1440_1440.jpg, https://si.geilicdn.com/pcitem901870080011-155500000198afbf48f00a8133cc_1440_1440.jpg, https://si.geilicdn.com/pcitem901870080011-550e00000198afaae27c0a231316_1440_1440.jpg, https://si.geilicdn.com/open1850717273-1234478995-211400000191ac99234e0a8115b5_1080_720.jpg, https://si.geilicdn.com/pcitem901870080011-0bd000000198afbcd5c30a2396f4_1440_1440.jpg, https://si.geilicdn.com/pcitem901870080011-600d00000198afc594c10a21146b_1440_1440.jpg, https://si.geilicdn.com/pcitem901870080011-7ea500000198afa4d6a60a2301b4_1440_1440.jpg, https://si.geilicdn.com/pcitem901870080011-123e00000198afc0b1e00a23047e_1440_1440.jpg, https://si.geilicdn.com/pcitem901870080011-0cc900000198afc112150a23037f_1440_1440.jpg, https://si.geilicdn.com/pcitem901870080011-631e00000198afbb38090a20e2c5_1440_1440.jpg, https://si.geilicdn.com/pcitem901870080011-5df000000198afbb98f80a811411_1440_1440.jpg, https://si.geilicdn.com/pcitem901870080011-0ecb00000198afbb13c40a20e284_1440_1440.jpg, https://si.geilicdn.com/pcitem901870080011-0db700000198afba4dd40a23038e_1440_1440.jpg, https://si.geilicdn.com/pcitem901870080011-11d300000198afc022880a23047e_1440_1440.jpg",,,,Best,XA / VG,"35, 36, 37, 38, 39, 40, 41, 42, 43, 44, 45, 46",,1,false,false,true,false,,209,"{""Litbuy"":""https://litbuy.com/product/weidian/7808682332?linkSearch=true&inviteCode=PKMR"",""USFans"":""https://www.usfans.com/product/3/7808682332?ref=5FTXZW"",""Kakobuy"":""https://item.kakobuy.com/item/details?url=https%3A%2F%2Fweidian.com%2Fitem.html%3FitemID%3D7808682332&affcode=six7n""}"
59ca74f4-d0c7-4194-bfb9-b3760269e9e8,Balenciaga Runner 7.5,Buty,226.49,410,https://si.geilicdn.com/wdseller1845163825-7d7400000198afa559f90a23138d_1179_1179.jpg,"https://si.geilicdn.com/wdseller1845163825-7d7400000198afa559f90a23138d_1179_1179.jpg, https://si.geilicdn.com/pcitem901931162197-16cc00000198afc5c1a30a239646_1440_1440.jpg, https://si.geilicdn.com/pcitem901931162197-193400000198afc5c55b0a231177_1440_1440.jpg, https://si.geilicdn.com/pcitem901931162197-1a4300000198afc5c8f90a8133cc_1440_1440.jpg, https://si.geilicdn.com/pcitem901931162197-195400000198afc5ccb70a23041a_1440_1440.jpg, https://si.geilicdn.com/pcitem901931162197-198d00000198afc5d08a0a20e672_1440_1440.jpg, https://si.geilicdn.com/pcitem901931162197-12b700000198afc5d48f0a2396f4_1440_1440.jpg, https://si.geilicdn.com/pcitem901931162197-140e00000198afc5e0110a207569_1440_1440.jpg, https://si.geilicdn.com/pcitem901931162197-163c00000198afc5e3d50a23047e_1440_1440.jpg, https://si.geilicdn.com/pcitem901931162197-117200000198afc5ebd00a23057e_1440_1440.jpg, https://si.geilicdn.com/pcitem901931162197-19b100000198afc5ef410a2315ef_1440_1440.jpg, https://si.geilicdn.com/pcitem901931162197-16e700000198afc5f3480a2301b4_1440_1440.jpg, https://si.geilicdn.com/pcitem901931162197-179100000198afc5fb960a23111a_1440_1440.jpg, https://si.geilicdn.com/pcitem901931162197-16f200000198afc5ff190a20e284_1440_1440.jpg, https://si.geilicdn.com/pcitem901931162197-10aa00000198afc603020a23037f_1440_1440.jpg, https://si.geilicdn.com/pcitem901931162197-6b7a00000198afc607aa0a2304aa_1440_1440.jpg, https://si.geilicdn.com/pcitem901931162197-606200000198afc60efb0a21146b_1440_1440.jpg, https://si.geilicdn.com/pcitem901931162197-196400000198afc612d00a231177_1440_1440.jpg, https://si.geilicdn.com/pcitem901931162197-197e00000198afc616c60a23041a_1440_1440.jpg, https://si.geilicdn.com/pcitem901931162197-12e500000198afc61abf0a2396f4_1440_1440.jpg",,,,Best,XA / VG,"35, 36, 37, 38, 39, 40, 41, 42, 43, 44, 45, 46",,0,false,false,true,false,,210,"{""Litbuy"":""https://litbuy.com/product/weidian/7805643011?linkSearch=true&inviteCode=PKMR"",""USFans"":""https://www.usfans.com/product/3/7805643011?ref=5FTXZW"",""Kakobuy"":""https://item.kakobuy.com/item/details?url=https%3A%2F%2Fweidian.com%2Fitem.html%3FitemID%3D7805643011&affcode=six7n""}"
bf5059be-b2c5-49cb-ae3a-5b95b301c019,Balenciaga Track,Buty,209.92,380,https://si.geilicdn.com/wdseller1268847658-37100000018adde9cc270a20e273-unadjust_1170_1170.gif,"https://si.geilicdn.com/wdseller1268847658-37100000018adde9cc270a20e273-unadjust_1170_1170.gif, https://si.geilicdn.com/weidian1268847658-37350000018add9c62ed0a2313e0_2016_1512.jpg, https://si.geilicdn.com/weidian1268847658-32730000018add9dac940a813276_2016_1512.jpg, https://si.geilicdn.com/weidian1268847658-35b30000018add9dc2d70a231447_2016_1512.jpg, https://si.geilicdn.com/weidian1268847658-35170000018adda281010a22d30f_2016_1512.jpg, https://si.geilicdn.com/weidian1268847658-321e0000018adda291810a231418_2016_1512.jpg, https://si.geilicdn.com/weidian1268847658-33fe0000018adda2a5920a20e7c7_2016_1512.jpg, https://si.geilicdn.com/weidian1268847658-35520000018adda2bd660a2102d0_2016_1512.jpg, https://si.geilicdn.com/weidian1268847658-35230000018adda929cb0a813470_2016_1512.jpg, https://si.geilicdn.com/weidian1268847658-366a0000018adda31c290a20e273_2016_1512.jpg, https://si.geilicdn.com/wdseller1268847658-5cfb000001931264f3f50a231316_1064_1064.jpg, https://si.geilicdn.com/weidian1268847658-321e0000018adda335240a8133ca_2016_1512.jpg, https://si.geilicdn.com/weidian1268847658-37730000018adda34b7c0a23034c_2016_1512.jpg, https://si.geilicdn.com/weidian1268847658-348f0000018adda36fe50a2313c4_2016_1512.jpg, https://si.geilicdn.com/weidian1268847658-386f0000018adda3a1ad0a22d1c8_2016_1512.jpg, https://si.geilicdn.com/weidian1268847658-37b90000018adda3b4680a2301a5_2016_1512.jpg, https://si.geilicdn.com/wdseller1268847658-08a200000197e8efd6880a23010f_6048_6048.jpg, https://si.geilicdn.com/weidian1268847658-35420000018adda435260a20e35c_2016_1512.jpg, https://si.geilicdn.com/wdseller1268847658-0b7000000197e8f1b8d60a23c191_6048_6048.jpg, https://si.geilicdn.com/wdseller1268847658-0bcf00000197e8f10edd0a2301af_5972_5972.jpg",,,,Best batch,VG,"35, 36, 37, 38, 39, 40, 41, 42, 43, 44, 45",,0,false,false,true,false,,211,"{""Litbuy"":""https://litbuy.com/product/weidian/6665205608?linkSearch=true&inviteCode=PKMR"",""USFans"":""https://www.usfans.com/product/3/6665205608?ref=5FTXZW"",""Kakobuy"":""https://item.kakobuy.com/item/details?url=https%3A%2F%2Fweidian.com%2Fitem.html%3FitemID%3D6665205608&affcode=six7n""}"
cabbae2d-3c66-4e9b-a6d1-7cba100396f6,Nike Dunk x Off-White,Buty,99.44,180.01,https://si.geilicdn.com/pcitem901878883297-5e3c0000019adf1698670a231316_1200_1200.jpg,,,,,Best batch,PK,"36, 36.5, 37.5, 38, 38.5, 39, 40, 40.5, 41, 42, 42.5, 43, 44, 44.5, 45, 46, 47.5",,0,false,false,true,false,,212,"{""Litbuy"":""https://litbuy.com/product/weidian/7628075834?linkSearch=true&inviteCode=PKMR"",""USFans"":""https://www.usfans.com/product/3/7628075834?ref=5FTXZW"",""Kakobuy"":""https://item.kakobuy.com/item/details?url=https%3A%2F%2Fweidian.com%2Fitem.html%3FitemID%3D7628075834&affcode=six7n""}"
1ac2ae53-c643-406d-95db-2992f8abd82f,Jordan 1 Travis Scott low,Buty,209.92,380,https://si.geilicdn.com/wdseller1745861162-04720000019d88c275810a210256_1206_1608.jpg,,,,,Budget,  Football Club (FK),,,0,false,false,false,false,,213,"{""Litbuy"":""https://litbuy.com/product/weidian/7780606117?linkSearch=true&inviteCode=PKMR"",""USFans"":""https://www.usfans.com/product/3/7780606117?ref=5FTXZW"",""Kakobuy"":""https://item.kakobuy.com/item/details?url=https%3A%2F%2Fweidian.com%2Fitem.html%3FitemID%3D7780606117&affcode=six7n""}"
c460c918-d2eb-4e45-b1f3-4471a9c96b84,Jordan 1 Travis Scott low,Buty,226.49,410,https://si.geilicdn.com/wdseller1745861162-04720000019d88c275810a210256_1206_1608.jpg,"https://si.geilicdn.com/wdseller1745861162-04720000019d88c275810a210256_1206_1608.jpg, https://si.geilicdn.com/open1733523732-1234478995-34ae00000193748e415e0a210298_1179_1179.jpg, https://si.geilicdn.com/wdseller1505219366-0c5a00000198343b658f0a2396f4_960_961.jpg, https://si.geilicdn.com/wdseller1505219366-0b4b00000198343b38500a23047e_960_961.jpg, https://si.geilicdn.com/open1733523732-1234478995-457a00000193748e474f0aa0834c_1179_1180.jpg, https://si.geilicdn.com/wdseller1505219366-095300000198343a997c0a23111a_960_961.jpg, https://si.geilicdn.com/wdseller1505219366-0c7700000198343ba7640a207569_960_961.jpg, https://si.geilicdn.com/wdseller1505219366-08ce00000198343b00400a23037f_960_961.jpg, https://si.geilicdn.com/open1733523732-1234478995-16fc00000193748e4ec20a239383_960_961.jpg, https://si.geilicdn.com/open1733523732-1234478995-016200000193748e504d0a232357_1179_1180.jpg, https://si.geilicdn.com/open1733523732-1234478995-34b800000193748e51e30a210298_960_961.jpg, https://si.geilicdn.com/open1733523732-1234478995-459600000193748e92520aa0834c_2560_2560.jpg, https://si.geilicdn.com/wdseller1505219366-101400000193a75ded940a230215_2560_2560.jpg, https://si.geilicdn.com/wdseller1505219366-449400000193f921c2f80a81347d_1082_1080.jpg, https://si.geilicdn.com/wdseller1745861162-65910000019b32c2de7e0a240147_2560_2560.jpg, https://si.geilicdn.com/wdseller1745861162-66d20000019b32c319270a2395e9_2560_2560.jpg, https://si.geilicdn.com/wdseller1745861162-696e0000019b32c32fbb0a2302e6_2560_2560.jpg",,,,Best budget,PK4.0,all,,0,false,false,true,false,,214,"{""Litbuy"":""https://litbuy.com/product/weidian/7780606117?linkSearch=true&inviteCode=PKMR"",""USFans"":""https://www.usfans.com/product/3/7780606117?ref=5FTXZW"",""Kakobuy"":""https://item.kakobuy.com/item/details?url=https%3A%2F%2Fweidian.com%2Fitem.html%3FitemID%3D7780606117&affcode=six7n""}"
a5c6536e-41fb-4960-b2a6-ef336da9de4e,Nike SB Dunk Low Travis Scott,Buty,226.49,410,https://si.geilicdn.com/open1733523732-1234478995-2ffe00000193749875b90a22d234_1280_1269.jpg,https://si.geilicdn.com/open1733523732-1234478995-2ffe00000193749875b90a22d234_1280_1269.jpg,,,,Best batch,PK,"36, 36.5, 37.5, 38, 38.5, 39, 40, 40.5, 41, 42, 42.5, 43, 44, 44.5, 45, 46, 47.5",,0,false,false,true,false,,215,"{""Litbuy"":""https://litbuy.com/product/weidian/7564058451?linkSearch=true&inviteCode=PKMR"",""USFans"":""https://www.usfans.com/product/3/7564058451?ref=5FTXZW"",""Kakobuy"":""https://item.kakobuy.com/item/details?url=https%3A%2F%2Fweidian.com%2Fitem.html%3FitemID%3D7564058451&affcode=six7n""}"
ded5cd61-033e-4250-844a-8a572d19ff60,Basic Nike Dunk,Buty,104.96,190,https://si.geilicdn.com/wdseller1745861162-69280000019d8c4fd4c60a2315ef_1170_1170.jpg,,,,,Best batch,VT,"36, 36.5, 37.5, 38, 38.5, 39, 40, 40.5, 41, 42, 42.5, 43, 44, 44.5, 45, 46, 47.5",,0,false,false,true,false,,216,"{""Litbuy"":""https://litbuy.com/product/weidian/7780657597?linkSearch=true&inviteCode=PKMR"",""USFans"":""https://www.usfans.com/product/3/7780657597?ref=5FTXZW"",""Kakobuy"":""https://item.kakobuy.com/item/details?url=https%3A%2F%2Fweidian.com%2Fitem.html%3FitemID%3D7780657597&affcode=six7n""}"
45be9369-652e-4ecb-adc4-7bfb394e6892,Air Jordan 4 Pine Green,Buty,160.2,290,https://si.geilicdn.com/pcitem1800766149-424f0000018b61d7db440a231447_3024_3024.jpg,,,,,Best batch,KX,"40, 40.5, 41, 42, 42.5, 43, 44, 44.5, 45, 46, 47.5",,0,false,false,true,false,,217,"{""Litbuy"":""https://litbuy.com/product/weidian/7812074833?linkSearch=true&inviteCode=PKMR"",""USFans"":""https://www.usfans.com/product/3/7812074833?ref=5FTXZW"",""Kakobuy"":""https://item.kakobuy.com/item/details?url=https%3A%2F%2Fweidian.com%2Fitem.html%3FitemID%3D7812074833&affcode=six7n""}"
db0fc27d-3a03-4ebb-b5d5-75d9b408faa6,Air Jordan 4,Buty,176.77,319.99,https://si.geilicdn.com/pcitem1800766149-5ed80000018ccb2ff0430a2313a2-unadjust_1080_1080.png,,,,,Best budget,KX / KZ ,"40, 40.5, 41, 42, 42.5, 43, 44, 44.5, 45, 46, 47.5",,0,false,false,true,false,,218,"{""Litbuy"":""https://litbuy.com/product/weidian/7812074833?linkSearch=true&inviteCode=PKMR"",""USFans"":""https://www.usfans.com/product/3/7812074833?ref=5FTXZW"",""Kakobuy"":""https://item.kakobuy.com/item/details?url=https%3A%2F%2Fweidian.com%2Fitem.html%3FitemID%3D7812074833&affcode=six7n""}"
61038307-2786-4c8f-97de-c27545082904,Air Jordan 1 ,Buty,182.3,330,https://si.geilicdn.com/open1809267573-1234478995-4d2b00000193def9d6900aa08290_2449_2449.jpg,,,,,Best budget,DG,"37.5, 38, 38.5, 39, 40, 40.5, 41, 42, 42.5, 43, 44, 44.5, 45, 46, 47.5",,0,false,false,true,false,,219,"{""Litbuy"":""https://litbuy.com/product/weidian/7730267055?linkSearch=true&inviteCode=PKMR"",""USFans"":""https://www.usfans.com/product/3/7730267055?ref=5FTXZW"",""Kakobuy"":""https://item.kakobuy.com/item/details?url=https%3A%2F%2Fweidian.com%2Fitem.html%3FitemID%3D7730267055&affcode=six7n""}"
f0fd2337-52dd-48a9-847c-f9b821f51c80,Adidas Ultra Boost 4.0,Buty,154.68,280,https://si.geilicdn.com/open1769940669-1234478995-5894000001976929ac680aa0c79f_1284_1284.jpg,,,,,Best batch ,,"36, 36.5, 37, 38, 38.5, 39, 40, 40.5, 41, 42, 42.5, 43, 44, 44.5, 45",,0,false,false,true,false,,220,"{""Litbuy"":""https://litbuy.com/product/weidian/7673210019?linkSearch=true&inviteCode=PKMR"",""USFans"":""https://www.usfans.com/product/3/7673210019?ref=5FTXZW"",""Kakobuy"":""https://item.kakobuy.com/item/details?url=https%3A%2F%2Fweidian.com%2Fitem.html%3FitemID%3D7673210019&affcode=six7n""}"
553678c1-2fda-4942-ae51-8ee6cb04ea64,Jordan Travis scott Jumpman,Buty,226.49,410,https://si.geilicdn.com/pcitem1854263096-14cc00000196f36839c20a20e273_720_894.jpg,,,,,Best batch,PK,36-48.5 (note),,0,false,false,true,false,,221,"{""Litbuy"":""https://litbuy.com/product/weidian/7650190879?linkSearch=true&inviteCode=PKMR"",""USFans"":""https://www.usfans.com/product/3/7650190879?ref=5FTXZW"",""Kakobuy"":""https://item.kakobuy.com/item/details?url=https%3A%2F%2Fweidian.com%2Fitem.html%3FitemID%3D7650190879&affcode=six7n""}"
e753717d-03ad-46ad-997e-f88b2ac61d00,UGG,Buty,154.67,279.99,https://si.geilicdn.com/pcitem1854263096-621800000195d910fe830a2304aa_1200_1200.jpg,,,,,Best batch,Guangzhou (GZ),"36, 37, 38, 39, 40, 41, 42, 43, 44",,0,false,false,true,false,,222,"{""Litbuy"":""https://litbuy.com/product/weidian/7653226530?linkSearch=true&inviteCode=PKMR"",""USFans"":""https://www.usfans.com/product/3/7653226530?ref=5FTXZW"",""Kakobuy"":""https://item.kakobuy.com/item/details?url=https%3A%2F%2Fweidian.com%2Fitem.html%3FitemID%3D7653226530&affcode=six7n""}"
f7ef30e2-6c5c-4420-a3a8-713d9de8ffec,UGG,Buty,99.44,180.01,https://si.geilicdn.com/pcitem902012418622-74910000019fd0c7e9500a22d1a4_1280_1280.jpg,,,,,Best batch,,"35, 36, 37, 38, 39, 40, 41, 42, 43, 44, 45",,0,false,false,true,false,,223,"{""Litbuy"":""https://litbuy.com/product/weidian/7615231442?linkSearch=true&inviteCode=PKMR"",""USFans"":""https://www.usfans.com/product/3/7615231442?ref=5FTXZW"",""Kakobuy"":""https://item.kakobuy.com/item/details?url=https%3A%2F%2Fweidian.com%2Fitem.html%3FitemID%3D7615231442&affcode=six7n""}"
56783c9c-b591-4f87-92eb-4e6301b860a2,Timberland x Supreme,Buty,237.54,430,https://si.geilicdn.com/pcitem901963392232-11ea00000199a0ef14fe0a20e284_1080_1920.jpg,,,,,Best batch,,,,0,false,false,true,false,,224,"{""Litbuy"":""https://litbuy.com/product/weidian/7653093400?linkSearch=true&inviteCode=PKMR"",""USFans"":""https://www.usfans.com/product/3/7653093400?ref=5FTXZW"",""Kakobuy"":""https://item.kakobuy.com/item/details?url=https%3A%2F%2Fweidian.com%2Fitem.html%3FitemID%3D7653093400&affcode=six7n""}"
d35085d6-7d2b-4fc0-b903-0a0baf36b025,Stussy x  Air Max,Buty,138.11,250.01,https://si.geilicdn.com/pcitem1854263096-04040000019740ddaac90a21146b_720_692.jpg,,,,,Best batch,,,,0,false,false,true,false,,225,"{""Litbuy"":""https://litbuy.com/product/weidian/7676188032?linkSearch=true&inviteCode=PKMR"",""USFans"":""https://www.usfans.com/product/3/7676188032?ref=5FTXZW"",""Kakobuy"":""https://item.kakobuy.com/item/details?url=https%3A%2F%2Fweidian.com%2Fitem.html%3FitemID%3D7676188032&affcode=six7n""}"
d16b66aa-2541-4def-826b-092d47c64e7a,Air force 1 (all cw),Buty,66.29,120,https://si.geilicdn.com/open1696052269-1234478995-5dce000001950bf3ac380a23b4de_2560_2560.jpg,,,,,budget batch,PK,,,0,false,true,false,false,,226,"{""Litbuy"":""https://litbuy.com/product/weidian/7743774336?linkSearch=true&inviteCode=PKMR"",""USFans"":""https://www.usfans.com/product/3/7743774336?ref=5FTXZW"",""Kakobuy"":""https://item.kakobuy.com/item/details?url=https%3A%2F%2Fweidian.com%2Fitem.html%3FitemID%3D7743774336&affcode=six7n""}"
6dddb1b2-9740-493b-ba8f-3135d3d77f48,Air max 98 x Supreme,Buty,121.53,220,https://si.geilicdn.com/pcitem1854263096-078a00000196edebe3660a210349_720_751.jpg,,,,,Best ,,all,,0,false,false,true,false,,227,"{""Litbuy"":""https://litbuy.com/product/weidian/7812341086?linkSearch=true&inviteCode=PKMR"",""USFans"":""https://www.usfans.com/product/3/7812341086?ref=5FTXZW"",""Kakobuy"":""https://item.kakobuy.com/item/details?url=https%3A%2F%2Fweidian.com%2Fitem.html%3FitemID%3D7812341086&affcode=six7n""}"
396dcd63-fe54-4cdc-94e4-389c2ad42a03,Adidas superstar x bape ,Buty,137,248,https://si.geilicdn.com/weidian901647923430-34e000000189ca8c47030a231418_2048_1536.jpg,,,,,Best batch,,,,0,false,true,true,false,,228,"{""Litbuy"":""https://litbuy.com/product/weidian/7673204047?linkSearch=true&inviteCode=PKMR"",""USFans"":""https://www.usfans.com/product/3/7673204047?ref=5FTXZW"",""Kakobuy"":""https://item.kakobuy.com/item/details?url=https%3A%2F%2Fweidian.com%2Fitem.html%3FitemID%3D7673204047&affcode=six7n""}"
f4919d70-6d95-481f-bb82-080b3497206d,Lanvin,Buty,298.31,540,https://si.geilicdn.com/open1850717273-1234478995-45c0000001906af4ca010a210298_1440_1920.jpg,,,,,Best batch,,,,0,false,false,true,false,,229,"{""Litbuy"":""https://litbuy.com/product/weidian/7629855203?linkSearch=true&inviteCode=PKMR"",""USFans"":""https://www.usfans.com/product/3/7629855203?ref=5FTXZW"",""Kakobuy"":""https://item.kakobuy.com/item/details?url=https%3A%2F%2Fweidian.com%2Fitem.html%3FitemID%3D7629855203&affcode=six7n""}"
51956335-1e13-4236-9a4c-ea18017b2710,Air Force 1 CPFM,Buty,154.68,280,https://si.geilicdn.com/open1733523732-1234478995-01f900000193832a70b50a8133b5_1179_884.jpg,,,,,Best batch,World Wide Technology (WWT),"36, 36.5, 37.5, 38, 38.5, 39, 40, 40.5, 41, 42, 42.5, 43, 44, 44.5, 45, 46, 47.5",,0,false,true,true,false,,230,"{""Litbuy"":""https://litbuy.com/product/weidian/7780116095?linkSearch=true&inviteCode=PKMR"",""USFans"":""https://www.usfans.com/product/3/7780116095?ref=5FTXZW"",""Kakobuy"":""https://item.kakobuy.com/item/details?url=https%3A%2F%2Fweidian.com%2Fitem.html%3FitemID%3D7780116095&affcode=six7n""}"
05f8aff0-8c34-46b6-85bc-029caade6ce3,Air Force 1,Buty,116.01,210,https://si.geilicdn.com/open1733523732-1234478995-610f0000019490b1b22c0aa0834c_1179_1179.jpg,,,,,Best batch,GX,"36, 36.5, 37.5, 38, 38.5, 39, 40, 40.5, 41, 42, 42.5, 43, 44, 44.5, 45, 45.5, 46, 47.5, 48.5",,3,false,true,true,false,,231,"{""Litbuy"":""https://litbuy.com/product/weidian/7783109456?linkSearch=true&inviteCode=PKMR"",""USFans"":""https://www.usfans.com/product/3/7783109456?ref=5FTXZW"",""Kakobuy"":""https://item.kakobuy.com/item/details?url=https%3A%2F%2Fweidian.com%2Fitem.html%3FitemID%3D7783109456&affcode=six7n""}"
1cae5634-24ba-4712-8278-b8047082794e,Air Max 95,Buty,182.3,330,https://si.geilicdn.com/open1733523732-1234478995-38e900000193834b2d5f0a8133b5_1180_1572.jpg,,,,,Best batch,GX,"40, 40.5, 41, 42, 42.5, 43, 44, 44.5, 45, 45.5, 46, 47.5, 48.5",,0,false,false,true,false,,232,"{""Litbuy"":""https://litbuy.com/product/weidian/7780120319?linkSearch=true&inviteCode=PKMR"",""USFans"":""https://www.usfans.com/product/3/7780120319?ref=5FTXZW"",""Kakobuy"":""https://item.kakobuy.com/item/details?url=https%3A%2F%2Fweidian.com%2Fitem.html%3FitemID%3D7780120319&affcode=six7n""}"
80b3db03-9155-4da1-b1f1-769ab26d55e2,LV Skate,Buty,265.16,480,https://si.geilicdn.com/open1733523732-1234478995-0886000001937e08cdd80a8133b5_1284_1710.jpg,,,,,Best batch,Foshan,"39, 40, 41, 42, 43, 44, 45, 46, 47",,0,false,false,true,false,,233,"{""Litbuy"":""https://litbuy.com/product/weidian/7780562537?linkSearch=true&inviteCode=PKMR"",""USFans"":""https://www.usfans.com/product/3/7780562537?ref=5FTXZW"",""Kakobuy"":""https://item.kakobuy.com/item/details?url=https%3A%2F%2Fweidian.com%2Fitem.html%3FitemID%3D7780562537&affcode=six7n""}"
96661de9-32d0-4d6e-810e-73264eba1eee,Dior B30,Buty,209.92,380,https://si.geilicdn.com/wdseller1505219366-226d00000193d16332f50a2303ee_960_960.jpg,,,,,Best budget,,"35, 36, 37, 38, 39, 40, 41, 42, 43, 44, 45, 46",,0,false,false,true,false,,234,"{""Litbuy"":""https://litbuy.com/product/weidian/7780616175?linkSearch=true&inviteCode=PKMR"",""USFans"":""https://www.usfans.com/product/3/7780616175?ref=5FTXZW"",""Kakobuy"":""https://item.kakobuy.com/item/details?url=https%3A%2F%2Fweidian.com%2Fitem.html%3FitemID%3D7780616175&affcode=six7n""}"
84335485-f7f2-47ab-a640-e67bcfd60b6a,Dior B30,Buty,348.03,630.01,/api/public/product-image?path=products/1786930453129-ozx6ijs94zn.webp,,,,,Best batch ,ice cream,"35, 36, 37, 38, 39, 40, 38, 39, 40, 41, 42, 43, 44, 45, 46, 47",,0,false,false,true,false,,235,"{""Litbuy"":""https://litbuy.com/product/1/659731978300?linkSearch=true&inviteCode=PKMR"",""USFans"":""https://www.usfans.com/product/2/OUxN1qRpAAbile3WAD-UBLrmMHn41b8LcsetrYmJKRKGEqywbD6zzg?ref=5FTXZW""}"
d72ac970-b5f2-4bd2-ad42-e713d5c6085f,Asics Gel Kayano14,Buty,132.58,240,https://si.geilicdn.com/wdseller1845163825-6813000001930325d8200a8134f0_1179_1179.jpg,,,,,Best batch,ZC,"36, 37, 37.5, 38, 39, 40, 40.5, 41.5, 42, 42.5, 43.5, 44, 44.5, 45, 46, 46.5, 47",,0,false,false,true,false,,236,"{""Litbuy"":""https://litbuy.com/product/weidian/7614280923?linkSearch=true&inviteCode=PKMR"",""USFans"":""https://www.usfans.com/product/3/7614280923?ref=5FTXZW"",""Kakobuy"":""https://item.kakobuy.com/item/details?url=https%3A%2F%2Fweidian.com%2Fitem.html%3FitemID%3D7614280923&affcode=six7n""}"
2c5cb134-9a65-43e3-9925-ffe3055fb0c1,Air Jordan 5,Buty,243.07,440.01,/api/public/product-image?path=products/1786930481910-bm50fjv00xr.jpeg,,,,,Best batch ,Y3,all,,1,false,false,true,false,,237,"{""Litbuy"":""https://litbuy.com/product/weidian/7779704177?linkSearch=true&inviteCode=PKMR"",""USFans"":""https://www.usfans.com/product/3/7779704177?ref=5FTXZW"",""Kakobuy"":""https://item.kakobuy.com/item/details?url=https%3A%2F%2Fweidian.com%2Fitem.html%3FitemID%3D7779704177&affcode=six7n""}"
79dd651f-c23c-4fea-b20b-0ddcba955310,Timberland,Buty,204.4,370.01,https://si.geilicdn.com/wdseller1268847658-4933000001878a2981b10a207569_1170_1170.jpg,,,,,Best batch,Guangzhou (GZ),"35-39.5(notes), 40, 41, 41.5, 42, 43, 43.5, 44, 45",,0,false,false,true,false,,238,"{""Litbuy"":""https://litbuy.com/product/weidian/6230413247?linkSearch=true&inviteCode=PKMR"",""USFans"":""https://www.usfans.com/product/3/6230413247?ref=5FTXZW"",""Kakobuy"":""https://item.kakobuy.com/item/details?url=https%3A%2F%2Fweidian.com%2Fitem.html%3FitemID%3D6230413247&affcode=six7n""}"
0326e45b-7138-4c36-b1d7-8fa875bfc7b2,Air Jordan 11,Buty,270.69,490.01,https://si.geilicdn.com/wdseller1745861162-42df0000019d8c3f31a30a20e672_1180_1572.jpg,,,,,Best batch,LJR,all,,0,false,false,true,false,,239,"{""Litbuy"":""https://litbuy.com/product/weidian/7564030699?linkSearch=true&inviteCode=PKMR"",""USFans"":""https://www.usfans.com/product/3/7564030699?ref=5FTXZW"",""Kakobuy"":""https://item.kakobuy.com/item/details?url=https%3A%2F%2Fweidian.com%2Fitem.html%3FitemID%3D7564030699&affcode=six7n""}"
fa8e816f-2653-4b44-b589-977471411f5b,AJ4 frozen moments | black canvas,Buty,220.97,400,https://si.geilicdn.com/pcitem1764521644-621f0000018c4aa1f7c00a20e672_1111_1111.jpg,https://si.geilicdn.com/wdseller1764521644-58d80000018c4aad4c000a2313a2_1242_1242.jpg,,,,Best batch,R1,"36, 36.5, 37.5, 38, 38.5, 39, 40, 40.5, 41, 42, 42.5, 43, 44, 44.5, 45, 45.5, 46, 47.5, 48.5",,0,false,false,true,false,,240,"{""Litbuy"":""https://litbuy.com/product/weidian/6337195972?linkSearch=true&inviteCode=PKMR"",""USFans"":""https://www.usfans.com/product/3/6337195972?ref=5FTXZW"",""Kakobuy"":""https://item.kakobuy.com/item/details?url=https%3A%2F%2Fweidian.com%2Fitem.html%3FitemID%3D6337195972&affcode=six7n""}"
722ab132-6c30-48a8-aa49-5da23688512f,Dior B22 ,Buty,469.56,850,/api/public/product-image?path=products/1786930423655-8pme0cydyk9.webp,,,,,Best batch,,"41, 42, 43, 44, 45, 46.5",,0,false,false,true,false,,241,"{""USFans"":""https://www.usfans.com/product/2/a8BAVHQNPfk7vhPVDTwkwQ_bbMrWHHesqvFkTsrUwrYdEfI6mN_NSg?ref=5FTXZW""}"
adc098ac-0356-4909-90a2-529a1c66c96d,Margiela Future,Buty,330.9,599,https://si.geilicdn.com/wdseller901910887734-29320000019b653808960a23038e_1290_1290.jpg,,,,,Best batch,,"40, 41, 42, 43, 44, 45, 46, 47, 48",,0,false,false,true,false,,243,"{""Litbuy"":""https://litbuy.com/product/weidian/7337653369?linkSearch=true&inviteCode=PKMR"",""USFans"":""https://www.usfans.com/product/3/7337653369?ref=5FTXZW"",""Kakobuy"":""https://item.kakobuy.com/item/details?url=https%3A%2F%2Fweidian.com%2Fitem.html%3FitemID%3D7337653369&affcode=six7n""}"
b594e4c3-c9d5-481c-8f24-627ecb9ff8a5,Margiela Gats,Buty,193.35,350,https://si.geilicdn.com/open1773336045-1234478995-47a700000195f0ed87750aa0834c_1290_1290.jpg,,,,,Best batch,Version 1 (V1),"35, 36, 36.5, 37, 37.5, 38, 38.5, 39, 40, 40.5, 41, 42, 42.5, 43, 44, 44.5, 45, 46, 47",,0,false,false,true,false,,244,"{""Litbuy"":""https://litbuy.com/product/weidian/7436851933?linkSearch=true&inviteCode=PKMR"",""USFans"":""https://www.usfans.com/product/3/7436851933?ref=5FTXZW"",""Kakobuy"":""https://item.kakobuy.com/item/details?url=https%3A%2F%2Fweidian.com%2Fitem.html%3FitemID%3D7436851933&affcode=six7n""}"
cda8ff46-2bd3-403d-9bb3-9b789f3f2f25,Yezzy slide,Buty,66.29,120,https://si.geilicdn.com/open1733523732-1234478995-3ea90000019379c005df0a8133b5_960_961.jpg,,,,,Best batch,GX,"37, 38, 39, 40.5, 42, 43, 44.5, 46, 47, 48.5, 50",,0,false,false,true,false,,245,"{""Litbuy"":""https://litbuy.com/product/weidian/7780610003?linkSearch=true&inviteCode=PKMR"",""USFans"":""https://www.usfans.com/product/3/7780610003?ref=5FTXZW"",""Kakobuy"":""https://item.kakobuy.com/item/details?url=https%3A%2F%2Fweidian.com%2Fitem.html%3FitemID%3D7780610003&affcode=six7n""}"
6b5c7db5-2423-4556-aff2-c289d955015a,LV Trainers,Buty,292.78,529.99,https://si.geilicdn.com/wdseller901828721618-34e600000192cf51f65c0a811411_1080_1080.jpg,,,,,Best batch,Foshan,"female(35-40), male(39-47)",,0,false,false,true,false,,246,"{""Litbuy"":""https://litbuy.com/product/weidian/7614250357?linkSearch=true&inviteCode=PKMR"",""USFans"":""https://www.usfans.com/product/3/7614250357?ref=5FTXZW"",""Kakobuy"":""https://item.kakobuy.com/item/details?url=https%3A%2F%2Fweidian.com%2Fitem.html%3FitemID%3D7614250357&affcode=six7n""}"
9ff924c2-5016-4f0e-8593-4f3cb80b3ff7,Balenciaga X-Pander,Buty,127.06,230.01,https://si.geilicdn.com/wdseller901828721618-09520000018f579b48130a2315ef_1024_1024.jpg,,,,,Best batch,OK,"35, 36, 37, 38, 39, 40, 41, 42, 43, 44, 45, 46",,0,false,false,true,false,,247,"{""Litbuy"":""https://litbuy.com/product/weidian/7613676745?linkSearch=true&inviteCode=PKMR"",""USFans"":""https://www.usfans.com/product/3/7613676745?ref=5FTXZW"",""Kakobuy"":""https://item.kakobuy.com/item/details?url=https%3A%2F%2Fweidian.com%2Fitem.html%3FitemID%3D7613676745&affcode=six7n""}"
0c0e24ca-323e-4786-b214-dec49ba1e9a1,Jordan 1 Travis Scott low,Buty,331.45,600,https://grailpoint.com/wp-content/uploads/2023/04/jordan1lowtsolive-20240326-071710.png,"https://grailpoint.com/wp-content/uploads/2021/09/aj1lowfragment.jpg, https://grailpoint.com/wp-content/uploads/2022/12/travis-mocha-reverse.png, https://grailpoint.com/wp-content/uploads/2022/12/jordan-1-low-travis-scott-phantom-black.jpg, https://grailpoint.com/wp-content/uploads/2023/10/jordan-1-ts-golf-1.jpg, https://grailpoint.com/wp-content/uploads/2024/05/jordan-1-low-travis-scott-elkins.png, https://grailpoint.com/wp-content/uploads/2026/06/travis-pink-v2.webp, https://grailpoint.com/wp-content/uploads/2024/09/nike-travis-scott-jordan-1-low-reverse-olive.jpg",,,,Best batch,CVW,all,,0,false,false,true,false,,248,"{""Litbuy"":""https://weidian.com/?userid=1801401190"",""USFans"":""https://weidian.com/?userid=1801401190"",""Kakaobuy"":""https://weidian.com/?userid=1801401190""}"
a71a1f90-b19e-4d52-bdfd-99e1abbbacbd,Kobe 6,Buty,248.59,450,https://si.geilicdn.com/wdseller1800766149-0db80000019b1cccc1f70a210139_1170_1444.jpg,,,,,Best batch,GX,"40, 40.5, 41, 42, 42.5, 43, 44, 44.5, 45, 45.5, 46, 47.5, 48.5, 49.5, 50.5",,0,false,false,true,false,,249,"{""Litbuy"":""https://litbuy.com/product/weidian/7080344125?linkSearch=true&inviteCode=PKMR"",""USFans"":""https://www.usfans.com/product/3/7080344125?ref=5FTXZW"",""Kakobuy"":""https://item.kakobuy.com/item/details?url=https%3A%2F%2Fweidian.com%2Fitem.html%3FitemID%3D7080344125&affcode=six7n""}"
aaa77812-4c20-4358-9e9a-0ba421b97fc9,Yezzy 350,Buty,209.92,380,https://si.geilicdn.com/open1773336045-1234478995-40ef00000195f0f6f1fb0a23b491_1290_1290.jpg,,,,,Best batch,LW,TTS(note),,0,false,false,true,false,,250,"{""Litbuy"":""https://litbuy.com/product/weidian/7436871609?linkSearch=true&inviteCode=PKMR"",""USFans"":""https://www.usfans.com/product/3/7436871609?ref=5FTXZW"",""Kakobuy"":""https://item.kakobuy.com/item/details?url=https%3A%2F%2Fweidian.com%2Fitem.html%3FitemID%3D7436871609&affcode=six7n""}"
04a86d92-ef2a-4a34-8fd3-bdb4864f9d42,Numeris,Buty,169.04,306,https://si.geilicdn.com/pcitem901964032459-60c60000019e73040e760a2303ee_800_800.jpg,,,,,Best batch,,"39, 40, 41, 42, 43, 44, 45",,1,false,false,true,false,,251,"{""Litbuy"":""https://litbuy.com/product/weidian/7550731290?linkSearch=true&inviteCode=PKMR"",""USFans"":""https://www.usfans.com/product/3/7550731290?ref=5FTXZW"",""Kakobuy"":""https://item.kakobuy.com/item/details?url=https%3A%2F%2Fweidian.com%2Fitem.html%3FitemID%3D7550731290&affcode=six7n""}"
919c9663-f540-4565-b4b5-983e35b75359,Jordan 4 (Girl size),Buty,226.49,410,https://si.geilicdn.com/wdseller1505219366-089600000193f287f0830a21146b_960_961.jpg,,,,,Best batch,GX,"36, 36.5, 37, 38, 38.5, 39",,0,false,false,true,false,,252,"{""Litbuy"":""https://litbuy.com/product/weidian/7783163686?linkSearch=true&inviteCode=PKMR"",""USFans"":""https://www.usfans.com/product/3/7783163686?ref=5FTXZW"",""Kakobuy"":""https://item.kakobuy.com/item/details?url=https%3A%2F%2Fweidian.com%2Fitem.html%3FitemID%3D7783163686&affcode=six7n""}"
dd9330e4-7cb8-479c-bff6-362e2408735e,Louboutin,Buty,447.46,810,/api/public/product-image?path=products/1786930544381-9n887mh3fi.webp,,,,,Best batch,,all,,0,false,false,true,false,,253,"{""Litbuy"":""https://litbuy.com/product/weidian/7704077020?linkSearch=true&inviteCode=PKMR"",""USFans"":""https://www.usfans.com/product/3/7704077020?ref=5FTXZW"",""Kakobuy"":""https://item.kakobuy.com/item/details?url=https%3A%2F%2Fweidian.com%2Fitem.html%3FitemID%3D7704077020&affcode=six7n""}"
f60267e2-cbcd-4a86-af3e-8efcd3e931d0,Asics Gel Nyc,Buty,126.5,228.99,https://si.geilicdn.com/wdseller1845163825-0cba000001985bad9f7f0a8133cc_1179_1179.jpg,,,,,Best batch,ZC,"39, 40, 40.5, 41.5, 42, 42.5, 43.5, 44, 44.5, 45, 46, 46.5, 47",,0,false,false,true,false,,254,"{""Litbuy"":""https://litbuy.com/product/weidian/7614453260?linkSearch=true&inviteCode=PKMR"",""USFans"":""https://www.usfans.com/product/3/7614453260?ref=5FTXZW"",""Kakobuy"":""https://item.kakobuy.com/item/details?url=https%3A%2F%2Fweidian.com%2Fitem.html%3FitemID%3D7614453260&affcode=six7n""}"
60aff5eb-b6c5-4fa7-b65b-f3db242488e1,Foam Runner,Buty,77.34,140,https://si.geilicdn.com/open1733523732-1234478995-06e9000001937481b6330a8133b5_2560_2504.jpg,,,,,Best batch,LW,"37, 38, 39, 40.5, 42, 43, 44.5, 46, 47, 48.5",,1,false,false,true,false,,255,"{""Litbuy"":""https://litbuy.com/product/weidian/7565932674?linkSearch=true&inviteCode=PKMR"",""USFans"":""https://www.usfans.com/product/3/7565932674?ref=5FTXZW"",""Kakobuy"":""https://item.kakobuy.com/item/details?url=https%3A%2F%2Fweidian.com%2Fitem.html%3FitemID%3D7565932674&affcode=six7n""}"
71b27ecb-7b8e-4a6e-830b-42262041d65a,Off-White Out Of Office,Buty,176.77,319.99,https://si.geilicdn.com/wdseller901759954358-254200000188c9871eef0a231565_2560_2560.jpg,,,,,Best batch,,"36, 37, 38, 39, 40, 41, 42, 43, 44, 45, 46, 47",,0,false,false,true,false,,256,"{""Litbuy"":""https://litbuy.com/product/weidian/7614212043?linkSearch=true&inviteCode=PKMR"",""USFans"":""https://www.usfans.com/product/3/7614212043?ref=5FTXZW"",""Kakobuy"":""https://item.kakobuy.com/item/details?url=https%3A%2F%2Fweidian.com%2Fitem.html%3FitemID%3D7614212043&affcode=six7n""}"
763a1824-27ca-4382-bf3a-03db477208c5,Off-White Be Right Back,Buty,171.25,310,https://si.geilicdn.com/wdseller901828721618-59890000018fdd527b530a2395f2_1024_1024.jpg,,,,,Best batch,,"36-39(note), 40, 41, 42, 43, 44, 45, 46, 47",,0,false,false,true,false,,257,"{""Litbuy"":""https://litbuy.com/product/weidian/7614234423?linkSearch=true&inviteCode=PKMR"",""USFans"":""https://www.usfans.com/product/3/7614234423?ref=5FTXZW"",""Kakobuy"":""https://item.kakobuy.com/item/details?url=https%3A%2F%2Fweidian.com%2Fitem.html%3FitemID%3D7614234423&affcode=six7n""}"
e942f1e9-3ad4-4439-983b-be7cf3c99b63,Air Jordan 3 ,Buty,232.02,420.01,https://si.geilicdn.com/wdseller1800766149-15a60000019343dafe390a240147_1170_1170.jpg,,,,,Best batch,GX,"40, 40.5, 41, 42, 42.5, 43, 44, 44.5, 45, 45.5, 46, 47.5, 48.5",,0,false,false,true,false,,258,"{""Litbuy"":""https://litbuy.com/product/weidian/7233181350?linkSearch=true&inviteCode=PKMR"",""USFans"":""https://www.usfans.com/product/3/7233181350?ref=5FTXZW"",""Kakobuy"":""https://item.kakobuy.com/item/details?url=https%3A%2F%2Fweidian.com%2Fitem.html%3FitemID%3D7233181350&affcode=six7n""}"
bc82968e-5cbf-4edc-949d-1e4a3e1528e9,Air Force Nocta,Buty,143.63,260,https://si.geilicdn.com/open1733523732-1234478995-69b8000001937dd359b70a239383_1166_874.jpg,,,,,Best batch,X,"36, 36.5, 37.5, 38, 38.5, 39, 40, 40.5, 41, 42, 42.5, 43, 44, 44.5, 45, 46, 47.5",,1,false,false,true,false,,259,"{""Litbuy"":""https://litbuy.com/product/weidian/7783614004?linkSearch=true&inviteCode=PKMR"",""USFans"":""https://www.usfans.com/product/3/7783614004?ref=5FTXZW"",""Kakobuy"":""https://item.kakobuy.com/item/details?url=https%3A%2F%2Fweidian.com%2Fitem.html%3FitemID%3D7783614004&affcode=six7n""}"
cf761e42-f869-40d1-a266-ae107d95682f,Jordan 1 + Off-White,Buty,254.11,459.99,https://si.geilicdn.com/pcitem901759954358-7b1400000187e658473f0a2104c1_1080_1080.jpg,,,,,Best batch,LJR,"36, 36.5, 37.5, 38, 38.5, 39, 40, 40.5, 41, 42, 42.5, 43, 44, 44.5, 45, 45.5, 46, 47.5, 48.5",,0,false,false,true,false,,260,"{""Litbuy"":""https://litbuy.com/product/weidian/7613759625?linkSearch=true&inviteCode=PKMR"",""USFans"":""https://www.usfans.com/product/3/7613759625?ref=5FTXZW"",""Kakobuy"":""https://item.kakobuy.com/item/details?url=https%3A%2F%2Fweidian.com%2Fitem.html%3FitemID%3D7613759625&affcode=six7n""}"
d570d836-2bec-4357-8c22-49edb1a98fc3,Balenciaga Track Led,Buty,265.17,480.01,https://si.geilicdn.com/wdseller1268847658-38100000018adde920f70a23034c_1170_1170.jpg,,,,,Best,VG,"35, 36, 37, 38, 39, 40, 41, 42, 43, 44, 45",,1,false,false,true,false,,261,"{""Litbuy"":""https://litbuy.com/product/weidian/6664103067?linkSearch=true&inviteCode=PKMR"",""USFans"":""https://www.usfans.com/product/3/6664103067?ref=5FTXZW"",""Kakobuy"":""https://item.kakobuy.com/item/details?url=https%3A%2F%2Fweidian.com%2Fitem.html%3FitemID%3D6664103067&affcode=six7n""}"
112ad68e-32a5-428d-8d3c-190446a04bb9,AF1 Supreme,Buty,132.59,240.02,https://si.geilicdn.com/wdseller1845163825-46d400000190a94f0e160a23041a_1170_1170.jpg,,,,,Best batch,OWF,all,,0,false,false,true,false,,262,"{""Litbuy"":""https://litbuy.com/product/weidian/7611437475?linkSearch=true&inviteCode=PKMR"",""USFans"":""https://www.usfans.com/product/3/7611437475?ref=5FTXZW"",""Kakobuy"":""https://item.kakobuy.com/item/details?url=https%3A%2F%2Fweidian.com%2Fitem.html%3FitemID%3D7611437475&affcode=six7n""}"
cfcd0d60-df3e-440c-b850-710f6965d687,Balenciaga Runner 7.0,Buty,226.49,410,https://si.geilicdn.com/wdseller1845163825-30b400000198af9f12df0a240147_1179_1179.jpg,,,,,Best,XA / VG,"35, 36, 37, 38, 39, 40, 41, 42, 43, 44, 45, 46",,0,false,false,true,false,,263,"{""Litbuy"":""https://litbuy.com/product/weidian/7808682332?linkSearch=true&inviteCode=PKMR"",""USFans"":""https://www.usfans.com/product/3/7808682332?ref=5FTXZW"",""Kakobuy"":""https://item.kakobuy.com/item/details?url=https%3A%2F%2Fweidian.com%2Fitem.html%3FitemID%3D7808682332&affcode=six7n""}"
7d5efad1-d443-492b-8bd1-7ddb2777f4da,Nike mind 001 (all cw),Klapki,116.01,210,https://si.geilicdn.com/wdseller1745861162-185a0000019cd46b18290a2315ef_1206_1608.jpg,,,,,Best batch,GX,"36, 37.5, 38.5, 40, 41, 42.5, 44, 45, 46, 47.5, 48.5, 49.5, 50.5",,0,false,false,true,false,,264,"{""Litbuy"":""https://litbuy.com/product/weidian/7783613742?linkSearch=true&inviteCode=PKMR"",""USFans"":""https://www.usfans.com/product/3/7783613742?ref=5FTXZW"",""Kakobuy"":""https://item.kakobuy.com/item/details?url=https%3A%2F%2Fweidian.com%2Fitem.html%3FitemID%3D7783613742&affcode=six7n""}"
bafbbad0-8b41-435a-b38e-064fcca87c4b,Nike shox,Buty,138.11,250.01,https://si.geilicdn.com/open1802771872-1234478995-15b7000001943641150c0a232357_1280_1280.jpg,,,,,Best budget,,,,0,false,false,true,false,,265,"{""Litbuy"":""https://litbuy.com/product/weidian/7670313353?linkSearch=true&inviteCode=PKMR"",""USFans"":""https://www.usfans.com/product/3/7670313353?ref=5FTXZW"",""Kakobuy"":""https://item.kakobuy.com/item/details?url=https%3A%2F%2Fweidian.com%2Fitem.html%3FitemID%3D7670313353&affcode=six7n""}"
5670622f-e15f-4dab-9f9a-60975a95a4b0,Nike P6000,Buty,132.02,238.98,https://si.geilicdn.com/pcitem1814535739-0bbc0000019c193dc8bc0a2304aa_1024_1024.jpg,,,,,Best,PK,"36, 36.5, 37.5, 38, 38.5, 39, 40, 40.5, 41, 42, 42.5, 43, 44, 45",,0,false,false,true,false,,266,"{""Litbuy"":""https://litbuy.com/product/weidian/7686030396?linkSearch=true&inviteCode=PKMR"",""USFans"":""https://www.usfans.com/product/3/7686030396?ref=5FTXZW"",""Kakobuy"":""https://item.kakobuy.com/item/details?url=https%3A%2F%2Fweidian.com%2Fitem.html%3FitemID%3D7686030396&affcode=six7n""}"
38ca68ce-6029-42e1-bb56-7dac432c517d,Nocta HotStep 2,Buty,209.92,380,https://si.geilicdn.com/wdseller1745861162-202a0000019ad93b99780a20e672_1179_884.jpg,,,,,Best batch,GX,"40, 40.5, 41, 42, 42.5, 43, 44, 44.5, 45, 45.5, 46, 47.5, 48.5",,0,false,false,true,false,,267,"{""Litbuy"":""https://litbuy.com/product/weidian/7783042962?linkSearch=true&inviteCode=PKMR"",""USFans"":""https://www.usfans.com/product/3/7783042962?ref=5FTXZW"",""Kakobuy"":""https://item.kakobuy.com/item/details?url=https%3A%2F%2Fweidian.com%2Fitem.html%3FitemID%3D7783042962&affcode=six7n""}"
dbde8549-49ba-4e9a-9f2a-7492e96b17c2,New Balance 2002r,Buty,161,291.44,https://si.geilicdn.com/wdseller1745861162-6e110000019d8c3c6f530a23111a_1180_1572.jpg,,,,,Best batch,ZC,"36, 37, 37.5, 38, 38.5, 39.5, 40, 40.5, 41.5, 42, 42.5, 43, 44, 44.5, 45, 45.5, 46.5, 47.5",,0,false,false,true,false,,268,"{""Litbuy"":""https://litbuy.com/product/weidian/7782625142?linkSearch=true&inviteCode=PKMR"",""USFans"":""https://www.usfans.com/product/3/7782625142?ref=5FTXZW"",""Kakobuy"":""https://item.kakobuy.com/item/details?url=https%3A%2F%2Fweidian.com%2Fitem.html%3FitemID%3D7782625142&affcode=six7n""}"
292813ff-eba2-42b8-8ba9-4db9be62f0b2,New Balance 990,Buty,165.73,300.01,https://si.geilicdn.com/wdseller1745861162-79cb0000019d8c586e620a23037f_1180_1572.jpg,,,,,Best batch,ZC,"36, 37, 37.5, 38, 38.5, 39.5, 40, 40.5, 41.5, 42, 42.5, 43, 44, 44.5, 45, 45.5, 46.5",,0,false,false,true,false,,269,"{""Litbuy"":""https://litbuy.com/product/weidian/7779718007?linkSearch=true&inviteCode=PKMR"",""USFans"":""https://www.usfans.com/product/3/7779718007?ref=5FTXZW"",""Kakobuy"":""https://item.kakobuy.com/item/details?url=https%3A%2F%2Fweidian.com%2Fitem.html%3FitemID%3D7779718007&affcode=six7n""}"
7479a530-7584-46af-8838-0d04667b0740,Jordan 4,Buty,254.11,459.99,https://si.geilicdn.com/wdseller1745861162-6d640000019d88bcb55a0a239846_1180_1572.jpg,,,,,Best batch,GX,"40, 40.5, 41, 42, 42.5, 43, 44, 44.5, 45, 45.5, 46, 47.5, 48.5",,1,false,false,true,false,,270,"{""Litbuy"":""https://litbuy.com/product/weidian/7583382180?linkSearch=true&inviteCode=PKMR"",""USFans"":""https://www.usfans.com/product/3/7583382180?ref=5FTXZW"",""Kakobuy"":""https://item.kakobuy.com/item/details?url=https%3A%2F%2Fweidian.com%2Fitem.html%3FitemID%3D7583382180&affcode=six7n"",""Kakaobuy"":""""}"
5030d969-19f6-475c-bdea-5f9135704028,Maison Mihara,Buty,105,190.07,https://si.geilicdn.com/pcitem1913935825-39ac0000019557bea6300a23041a_1278_1704.jpg,,,,,Best batch,,"36, 37, 38, 39, 40, 41, 42, 43, 44, 45",,0,false,false,true,false,,271,"{""Litbuy"":""https://litbuy.com/product/weidian/7408219082?linkSearch=true&inviteCode=PKMR"",""USFans"":""https://www.usfans.com/product/3/7408219082?ref=5FTXZW"",""Kakobuy"":""https://item.kakobuy.com/item/details?url=https%3A%2F%2Fweidian.com%2Fitem.html%3FitemID%3D7408219082&affcode=six7n""}"
feabf8fe-7b0f-4525-beaf-acd871d6b8a1,Purple jeans/shorts,Spodnie,145,262.48,/api/public/product-image?path=products/1786707795145-rdadtl8v1f.png,,,,,Best batch,,"28, 29, 30, 31, 32, 33, 34, 36, 38, 40",,0,false,false,true,false,,272,"{""Litbuy"":""https://litbuy.com/product/weidian/7798086972?linkSearch=true&inviteCode=PKMR"",""USFans"":""https://www.usfans.com/product/3/7798086972?ref=5FTXZW"",""Kakobuy"":""https://item.kakobuy.com/item/details?url=https%3A%2F%2Fweidian.com%2Fitem.html%3FitemID%3D7798086972&affcode=six7n""}"
79e356a2-ad4e-4af4-bdcb-8373768bb90a,Chanel Runner,Buty,303.28,549,https://si.geilicdn.com/wdseller1725607234-3b8c0000019d079ef8480a20e2c5_1277_1640.jpg,,,,,Best batch,,"W 35, W 36, W 37, W 38, W 39, W 40, W 41, M 39, M 40, M 41, M 42, M 43, M 44, M 45, M 46",,0,false,false,true,false,,273,"{""Litbuy"":""https://litbuy.com/product/weidian/7714763378?linkSearch=true&inviteCode=PKMR"",""USFans"":""https://www.usfans.com/product/3/7714763378?ref=5FTXZW"",""Kakobuy"":""https://item.kakobuy.com/item/details?url=https%3A%2F%2Fweidian.com%2Fitem.html%3FitemID%3D7714763378&affcode=six7n""}"
fae3e207-9b34-4279-96c5-e29d416e60db,BALENCIAGA 3XL,Buty,260,470.66,https://si.geilicdn.com/wdseller1268847658-6cb600000187c64977f60a8133ca-unadjust_1170_1170.gif,,,,,Best batch,ZC,1 down(note),,0,false,false,true,false,,274,"{""Litbuy"":""https://litbuy.com/product/weidian/6229036205?linkSearch=true&inviteCode=PKMR"",""USFans"":""https://www.usfans.com/product/3/6229036205?ref=5FTXZW"",""Kakobuy"":""https://item.kakobuy.com/item/details?url=https%3A%2F%2Fweidian.com%2Fitem.html%3FitemID%3D6229036205&affcode=six7n""}"
ddc81aaa-d842-4bb9-90cb-bcf5eb10a54e,Salomon XT6,Buty,170,307.74,https://si.geilicdn.com/wdseller1845163825-608f00000198d3b943280a2396f4_1179_1179.jpg,,,,,Best batch,GX,"W 36, W 37, W 38, W 39, W 40, W 41, M 38, M 39, M 40, M 41, M 42, M 43, M 44, M 45, M 46, M 47",,0,false,false,true,false,,275,"{""Litbuy"":""https://litbuy.com/product/weidian/7613212605?linkSearch=true&inviteCode=PKMR"",""USFans"":""https://www.usfans.com/product/3/7613212605?ref=5FTXZW"",""Kakobuy"":""https://item.kakobuy.com/item/details?url=https%3A%2F%2Fweidian.com%2Fitem.html%3FitemID%3D7613212605&affcode=six7n""}"
99e7a0f4-0c05-436a-835b-4dd13225bdb4,Prada Cups,Buty,380,687.88,/api/public/product-image?path=products/1786707168860-51387o401r5.png,,,,,Best batch,,"39, 40, 41, 42, 43, 44, 45, 46",,1,false,false,true,false,,276,"{""Litbuy"":""https://litbuy.com/product/weidian/7757798596?linkSearch=true&inviteCode=PKMR"",""USFans"":""https://www.usfans.com/product/3/7757798596?ref=5FTXZW"",""Kakobuy"":""https://item.kakobuy.com/item/details?url=https%3A%2F%2Fweidian.com%2Fitem.html%3FitemID%3D7757798596&affcode=six7n""}"
c3352f4a-8882-4e96-8384-0099c5537edd,Nike Dunk SB,Buty,195,352.99,https://si.geilicdn.com/wdseller1745861162-61090000019d8c500f2b0a20e7c7_1170_1170.jpg,,,,,Best batch,M,"36-39(size notes), 40, 40.5, 41, 42, 42.5, 43, 44, 44.5, 45, 46, 47.5",,0,false,false,true,false,,277,"{""Litbuy"":""https://litbuy.com/product/weidian/7564066149?linkSearch=true&inviteCode=PKMR"",""USFans"":""https://www.usfans.com/product/3/7564066149?ref=5FTXZW"",""Kakobuy"":""https://item.kakobuy.com/item/details?url=https%3A%2F%2Fweidian.com%2Fitem.html%3FitemID%3D7564066149&affcode=six7n""}"
66465e3a-340a-46da-87a5-4c4374536345,Amiri MA- 1,Buty,320.4,579.99,https://si.geilicdn.com/weidian1786950671-07d700000199a0e79ef90a20e273_1074_1074.jpg,,,,,Best batch,,,,0,false,false,true,false,,278,"{""Litbuy"":""https://litbuy.com/product/weidian/7566085800?linkSearch=true&inviteCode=PKMR"",""USFans"":""https://www.usfans.com/product/3/7566085800?ref=5FTXZW"",""Kakobuy"":""https://item.kakobuy.com/item/details?url=https%3A%2F%2Fweidian.com%2Fitem.html%3FitemID%3D7566085800&affcode=six7n""}"